Timestamp,Yaw_Angle(degrees),Hex_Byte0,Hex_Byte1,Hex_Byte2,Hex_Byte3,Hex_Byte4,Hex_Byte5,Hex_All
2025-10-25 13:21:48,344.18,0xff,0xc8,0xff,0x77,0x86,0x72,"ff c8 ff 77 86 72 00 00"
2025-10-25 13:21:48,344.25,0xff,0xce,0xff,0x90,0x86,0x79,"ff ce ff 90 86 79 00 00"
2025-10-25 13:21:48,344.25,0xff,0xce,0xff,0x90,0x86,0x79,"ff ce ff 90 86 79 00 00"
2025-10-25 13:21:48,344.25,0xff,0xce,0xff,0x90,0x86,0x79,"ff ce ff 90 86 79 00 00"
2025-10-25 13:21:48,344.18,0xff,0xce,0xff,0x71,0x86,0x72,"ff ce ff 71 86 72 00 00"
2025-10-25 13:21:48,344.18,0xff,0xce,0xff,0x71,0x86,0x72,"ff ce ff 71 86 72 00 00"
2025-10-25 13:21:48,344.18,0xff,0xce,0xff,0x71,0x86,0x72,"ff ce ff 71 86 72 00 00"
2025-10-25 13:21:48,343.93,0xff,0xe7,0xff,0x6a,0x86,0x59,"ff e7 ff 6a 86 59 00 00"
2025-10-25 13:21:48,343.93,0xff,0xf4,0xff,0x6a,0x86,0x59,"ff f4 ff 6a 86 59 00 00"
2025-10-25 13:21:48,343.93,0xff,0xf4,0xff,0x6a,0x86,0x59,"ff f4 ff 6a 86 59 00 00"
2025-10-25 13:21:48,343.93,0xff,0xf4,0xff,0x6a,0x86,0x59,"ff f4 ff 6a 86 59 00 00"
2025-10-25 13:21:48,343.93,0xff,0xf4,0xff,0x6a,0x86,0x59,"ff f4 ff 6a 86 59 00 00"
2025-10-25 13:21:48,343.93,0xff,0xf4,0xff,0x6a,0x86,0x59,"ff f4 ff 6a 86 59 00 00"
2025-10-25 13:21:48,343.93,0xff,0xf4,0xff,0x6a,0x86,0x59,"ff f4 ff 6a 86 59 00 00"
2025-10-25 13:21:48,343.93,0xff,0xf4,0xff,0x6a,0x86,0x59,"ff f4 ff 6a 86 59 00 00"
2025-10-25 13:21:48,343.93,0xff,0xf4,0xff,0x6a,0x86,0x59,"ff f4 ff 6a 86 59 00 00"
2025-10-25 13:21:48,343.93,0xff,0xf4,0xff,0x6a,0x86,0x59,"ff f4 ff 6a 86 59 00 00"
2025-10-25 13:21:48,343.93,0xff,0xf4,0xff,0x6a,0x86,0x59,"ff f4 ff 6a 86 59 00 00"
2025-10-25 13:21:48,343.93,0xff,0xf4,0xff,0x6a,0x86,0x59,"ff f4 ff 6a 86 59 00 00"
2025-10-25 13:21:48,343.93,0xff,0xf4,0xff,0x6a,0x86,0x59,"ff f4 ff 6a 86 59 00 00"
2025-10-25 13:21:48,343.93,0xff,0xf4,0xff,0x6a,0x86,0x59,"ff f4 ff 6a 86 59 00 00"
2025-10-25 13:21:49,343.93,0xff,0xf4,0xff,0x6a,0x86,0x59,"ff f4 ff 6a 86 59 00 00"
2025-10-25 13:21:49,343.93,0xff,0xf4,0xff,0x6a,0x86,0x59,"ff f4 ff 6a 86 59 00 00"
2025-10-25 13:21:49,343.93,0xff,0xf4,0xff,0x6a,0x86,0x59,"ff f4 ff 6a 86 59 00 00"
2025-10-25 13:21:49,343.93,0xff,0xf4,0xff,0x6a,0x86,0x59,"ff f4 ff 6a 86 59 00 00"
2025-10-25 13:21:49,343.93,0xff,0xf4,0xff,0x6a,0x86,0x59,"ff f4 ff 6a 86 59 00 00"
2025-10-25 13:21:49,343.93,0xff,0xf4,0xff,0x6a,0x86,0x59,"ff f4 ff 6a 86 59 00 00"
2025-10-25 13:21:49,343.93,0xff,0xf4,0xff,0x6a,0x86,0x59,"ff f4 ff 6a 86 59 00 00"
2025-10-25 13:21:49,343.93,0xff,0xf4,0xff,0x6a,0x86,0x59,"ff f4 ff 6a 86 59 00 00"
2025-10-25 13:21:49,343.93,0xff,0xf4,0xff,0x6a,0x86,0x59,"ff f4 ff 6a 86 59 00 00"
2025-10-25 13:21:49,343.93,0xff,0xf4,0xff,0x6a,0x86,0x59,"ff f4 ff 6a 86 59 00 00"
2025-10-25 13:21:49,343.93,0xff,0xf4,0xff,0x6a,0x86,0x59,"ff f4 ff 6a 86 59 00 00"
2025-10-25 13:21:49,343.93,0xff,0xf4,0xff,0x6a,0x86,0x59,"ff f4 ff 6a 86 59 00 00"
2025-10-25 13:21:49,343.93,0xff,0xf4,0xff,0x6a,0x86,0x59,"ff f4 ff 6a 86 59 00 00"
2025-10-25 13:21:49,343.93,0xff,0xf4,0xff,0x6a,0x86,0x59,"ff f4 ff 6a 86 59 00 00"
2025-10-25 13:21:49,343.93,0xff,0xf4,0xff,0x6a,0x86,0x59,"ff f4 ff 6a 86 59 00 00"
2025-10-25 13:21:49,343.93,0xff,0xf4,0xff,0x6a,0x86,0x59,"ff f4 ff 6a 86 59 00 00"
2025-10-25 13:21:49,343.93,0xff,0xf4,0xff,0x6a,0x86,0x59,"ff f4 ff 6a 86 59 00 00"
2025-10-25 13:21:49,343.93,0xff,0xf4,0xff,0x6a,0x86,0x59,"ff f4 ff 6a 86 59 00 00"
2025-10-25 13:21:49,343.93,0xff,0xf4,0xff,0x6a,0x86,0x59,"ff f4 ff 6a 86 59 00 00"
2025-10-25 13:21:49,343.93,0xff,0xf4,0xff,0x6a,0x86,0x59,"ff f4 ff 6a 86 59 00 00"
2025-10-25 13:21:49,343.93,0xff,0xf4,0xff,0x6a,0x86,0x59,"ff f4 ff 6a 86 59 00 00"
2025-10-25 13:21:49,343.93,0xff,0xf4,0xff,0x6a,0x86,0x59,"ff f4 ff 6a 86 59 00 00"
2025-10-25 13:21:49,343.93,0xff,0xf4,0xff,0x6a,0x86,0x59,"ff f4 ff 6a 86 59 00 00"
2025-10-25 13:21:49,343.93,0xff,0xf4,0xff,0x6a,0x86,0x59,"ff f4 ff 6a 86 59 00 00"
2025-10-25 13:21:49,343.93,0xff,0xf4,0xff,0x6a,0x86,0x59,"ff f4 ff 6a 86 59 00 00"
2025-10-25 13:21:49,343.93,0xff,0xf4,0xff,0x6a,0x86,0x59,"ff f4 ff 6a 86 59 00 00"
2025-10-25 13:21:49,343.93,0xff,0xf4,0xff,0x6a,0x86,0x59,"ff f4 ff 6a 86 59 00 00"
2025-10-25 13:21:49,343.93,0xff,0xf4,0xff,0x6a,0x86,0x59,"ff f4 ff 6a 86 59 00 00"
2025-10-25 13:21:49,343.93,0xff,0xf4,0xff,0x6a,0x86,0x59,"ff f4 ff 6a 86 59 00 00"
2025-10-25 13:21:49,343.93,0xff,0xf4,0xff,0x6a,0x86,0x59,"ff f4 ff 6a 86 59 00 00"
2025-10-25 13:21:49,343.93,0xff,0xf4,0xff,0x6a,0x86,0x59,"ff f4 ff 6a 86 59 00 00"
2025-10-25 13:21:49,343.93,0xff,0xf4,0xff,0x6a,0x86,0x59,"ff f4 ff 6a 86 59 00 00"
2025-10-25 13:21:49,343.93,0xff,0xf4,0xff,0x6a,0x86,0x59,"ff f4 ff 6a 86 59 00 00"
2025-10-25 13:21:49,343.93,0xff,0xf4,0xff,0x6a,0x86,0x59,"ff f4 ff 6a 86 59 00 00"
2025-10-25 13:21:49,343.93,0xff,0xf4,0xff,0x6a,0x86,0x59,"ff f4 ff 6a 86 59 00 00"
2025-10-25 13:21:49,343.93,0xff,0xf4,0xff,0x6a,0x86,0x59,"ff f4 ff 6a 86 59 00 00"
2025-10-25 13:21:49,343.93,0xff,0xf4,0xff,0x6a,0x86,0x59,"ff f4 ff 6a 86 59 00 00"
2025-10-25 13:21:49,343.93,0xff,0xf4,0xff,0x6a,0x86,0x59,"ff f4 ff 6a 86 59 00 00"
2025-10-25 13:21:49,343.93,0xff,0xf4,0xff,0x6a,0x86,0x59,"ff f4 ff 6a 86 59 00 00"
2025-10-25 13:21:49,343.93,0xff,0xf4,0xff,0x6a,0x86,0x59,"ff f4 ff 6a 86 59 00 00"
2025-10-25 13:21:49,343.93,0xff,0xf4,0xff,0x6a,0x86,0x59,"ff f4 ff 6a 86 59 00 00"
2025-10-25 13:21:49,343.93,0xff,0xf4,0xff,0x6a,0x86,0x59,"ff f4 ff 6a 86 59 00 00"
2025-10-25 13:21:49,343.93,0xff,0xf4,0xff,0x6a,0x86,0x59,"ff f4 ff 6a 86 59 00 00"
2025-10-25 13:21:49,343.93,0xff,0xf4,0xff,0x6a,0x86,0x59,"ff f4 ff 6a 86 59 00 00"
2025-10-25 13:21:49,343.93,0xff,0xf4,0xff,0x6a,0x86,0x59,"ff f4 ff 6a 86 59 00 00"
2025-10-25 13:21:49,343.93,0xff,0xf4,0xff,0x6a,0x86,0x59,"ff f4 ff 6a 86 59 00 00"
2025-10-25 13:21:49,343.93,0xff,0xf4,0xff,0x6a,0x86,0x59,"ff f4 ff 6a 86 59 00 00"
2025-10-25 13:21:49,343.93,0xff,0xf4,0xff,0x6a,0x86,0x59,"ff f4 ff 6a 86 59 00 00"
2025-10-25 13:21:49,343.93,0xff,0xf4,0xff,0x6a,0x86,0x59,"ff f4 ff 6a 86 59 00 00"
2025-10-25 13:21:49,343.93,0xff,0xf4,0xff,0x6a,0x86,0x59,"ff f4 ff 6a 86 59 00 00"
2025-10-25 13:21:49,343.93,0xff,0xf4,0xff,0x6a,0x86,0x59,"ff f4 ff 6a 86 59 00 00"
2025-10-25 13:21:49,343.93,0xff,0xf4,0xff,0x6a,0x86,0x59,"ff f4 ff 6a 86 59 00 00"
2025-10-25 13:21:49,343.93,0xff,0xf4,0xff,0x6a,0x86,0x59,"ff f4 ff 6a 86 59 00 00"
2025-10-25 13:21:50,343.93,0xff,0xf4,0xff,0x6a,0x86,0x59,"ff f4 ff 6a 86 59 00 00"
2025-10-25 13:21:50,343.93,0xff,0xf4,0xff,0x6a,0x86,0x59,"ff f4 ff 6a 86 59 00 00"
2025-10-25 13:21:50,343.93,0xff,0xf4,0xff,0x6a,0x86,0x59,"ff f4 ff 6a 86 59 00 00"
2025-10-25 13:21:50,343.93,0xff,0xf4,0xff,0x6a,0x86,0x59,"ff f4 ff 6a 86 59 00 00"
2025-10-25 13:21:50,343.93,0xff,0xf4,0xff,0x6a,0x86,0x59,"ff f4 ff 6a 86 59 00 00"
2025-10-25 13:21:50,343.93,0xff,0xf4,0xff,0x6a,0x86,0x59,"ff f4 ff 6a 86 59 00 00"
2025-10-25 13:21:50,343.93,0xff,0xf4,0xff,0x6a,0x86,0x59,"ff f4 ff 6a 86 59 00 00"
2025-10-25 13:21:50,343.93,0xff,0xf4,0xff,0x6a,0x86,0x59,"ff f4 ff 6a 86 59 00 00"
2025-10-25 13:21:50,343.93,0xff,0xf4,0xff,0x6a,0x86,0x59,"ff f4 ff 6a 86 59 00 00"
2025-10-25 13:21:50,343.93,0xff,0xf4,0xff,0x6a,0x86,0x59,"ff f4 ff 6a 86 59 00 00"
2025-10-25 13:21:50,343.93,0xff,0xf4,0xff,0x6a,0x86,0x59,"ff f4 ff 6a 86 59 00 00"
2025-10-25 13:21:50,343.93,0xff,0xf4,0xff,0x6a,0x86,0x59,"ff f4 ff 6a 86 59 00 00"
2025-10-25 13:21:50,343.93,0xff,0xf4,0xff,0x6a,0x86,0x59,"ff f4 ff 6a 86 59 00 00"
2025-10-25 13:21:50,343.93,0xff,0xf4,0xff,0x6a,0x86,0x59,"ff f4 ff 6a 86 59 00 00"
2025-10-25 13:21:50,343.93,0xff,0xf4,0xff,0x6a,0x86,0x59,"ff f4 ff 6a 86 59 00 00"
2025-10-25 13:21:50,344.25,0xff,0xc8,0xff,0x96,0x86,0x79,"ff c8 ff 96 86 79 00 00"
2025-10-25 13:21:50,344.25,0xff,0xc8,0xff,0x96,0x86,0x79,"ff c8 ff 96 86 79 00 00"
2025-10-25 13:21:50,344.25,0xff,0xc8,0xff,0x96,0x86,0x79,"ff c8 ff 96 86 79 00 00"
2025-10-25 13:21:50,344,0xff,0xdb,0xff,0x8a,0x86,0x60,"ff db ff 8a 86 60 00 00"
2025-10-25 13:21:50,344,0xff,0xdb,0xff,0x8a,0x86,0x60,"ff db ff 8a 86 60 00 00"
2025-10-25 13:21:50,343.93,0xff,0xe7,0xff,0x6a,0x86,0x59,"ff e7 ff 6a 86 59 00 00"
2025-10-25 13:21:50,343.93,0xff,0xe7,0xff,0x6a,0x86,0x59,"ff e7 ff 6a 86 59 00 00"
2025-10-25 13:21:50,343.93,0xff,0xe7,0xff,0x6a,0x86,0x59,"ff e7 ff 6a 86 59 00 00"
2025-10-25 13:21:50,343.93,0xff,0xe1,0xff,0x58,0x86,0x59,"ff e1 ff 58 86 59 00 00"
2025-10-25 13:21:50,343.93,0xff,0xe1,0xff,0x58,0x86,0x59,"ff e1 ff 58 86 59 00 00"
2025-10-25 13:21:50,343.93,0xff,0xdb,0xff,0x58,0x86,0x59,"ff db ff 58 86 59 00 00"
2025-10-25 13:21:50,343.93,0xff,0xdb,0xff,0x58,0x86,0x59,"ff db ff 58 86 59 00 00"
2025-10-25 13:21:50,343.93,0xff,0xdb,0xff,0x58,0x86,0x59,"ff db ff 58 86 59 00 00"
2025-10-25 13:21:50,344,0xff,0xf4,0xff,0x8a,0x86,0x60,"ff f4 ff 8a 86 60 00 00"
2025-10-25 13:21:50,344,0xff,0xf4,0xff,0x8a,0x86,0x60,"ff f4 ff 8a 86 60 00 00"
2025-10-25 13:21:50,344,0xff,0xf4,0xff,0x8a,0x86,0x60,"ff f4 ff 8a 86 60 00 00"
2025-10-25 13:21:50,344,0xff,0xee,0xff,0x8a,0x86,0x60,"ff ee ff 8a 86 60 00 00"
2025-10-25 13:21:50,344,0xff,0xee,0xff,0x8a,0x86,0x60,"ff ee ff 8a 86 60 00 00"
2025-10-25 13:21:50,344,0xff,0xee,0xff,0x8a,0x86,0x60,"ff ee ff 8a 86 60 00 00"
2025-10-25 13:21:50,344,0xff,0xee,0xff,0x8a,0x86,0x60,"ff ee ff 8a 86 60 00 00"
2025-10-25 13:21:50,344,0xff,0xee,0xff,0x8a,0x86,0x60,"ff ee ff 8a 86 60 00 00"
2025-10-25 13:21:50,343.75,0x00,0x00,0xff,0x83,0x86,0x47,"00 00 ff 83 86 47 00 00"
2025-10-25 13:21:50,343.75,0x00,0x00,0xff,0x83,0x86,0x47,"00 00 ff 83 86 47 00 00"
2025-10-25 13:21:50,343.68,0x00,0x12,0xff,0x6a,0x86,0x40,"00 12 ff 6a 86 40 00 00"
2025-10-25 13:21:50,343.68,0x00,0x12,0xff,0x6a,0x86,0x40,"00 12 ff 6a 86 40 00 00"
2025-10-25 13:21:50,343.68,0x00,0x12,0xff,0x6a,0x86,0x40,"00 12 ff 6a 86 40 00 00"
2025-10-25 13:21:50,343.75,0x00,0x19,0xff,0x8a,0x86,0x47,"00 19 ff 8a 86 47 00 00"
2025-10-25 13:21:50,343.75,0x00,0x19,0xff,0x8a,0x86,0x47,"00 19 ff 8a 86 47 00 00"
2025-10-25 13:21:50,343.75,0x00,0x19,0xff,0x8a,0x86,0x47,"00 19 ff 8a 86 47 00 00"
2025-10-25 13:21:50,343.75,0x00,0x00,0xff,0x83,0x86,0x47,"00 00 ff 83 86 47 00 00"
2025-10-25 13:21:50,343.75,0x00,0x00,0xff,0x83,0x86,0x47,"00 00 ff 83 86 47 00 00"
2025-10-25 13:21:50,343.75,0x00,0x00,0xff,0x83,0x86,0x47,"00 00 ff 83 86 47 00 00"
2025-10-25 13:21:50,343.75,0x00,0x00,0xff,0x83,0x86,0x47,"00 00 ff 83 86 47 00 00"
2025-10-25 13:21:50,343.75,0x00,0x00,0xff,0x83,0x86,0x47,"00 00 ff 83 86 47 00 00"
2025-10-25 13:21:50,343.93,0xff,0xe7,0xff,0x51,0x86,0x59,"ff e7 ff 51 86 59 00 00"
2025-10-25 13:21:50,343.93,0xff,0xe7,0xff,0x51,0x86,0x59,"ff e7 ff 51 86 59 00 00"
2025-10-25 13:21:51,344.12,0xff,0xd5,0xff,0x32,0x86,0x6c,"ff d5 ff 32 86 6c 00 00"
2025-10-25 13:21:51,344.12,0xff,0xd5,0xff,0x32,0x86,0x6c,"ff d5 ff 32 86 6c 00 00"
2025-10-25 13:21:51,344.12,0xff,0xd5,0xff,0x32,0x86,0x6c,"ff d5 ff 32 86 6c 00 00"
2025-10-25 13:21:51,344.12,0xff,0xce,0xff,0x32,0x86,0x6c,"ff ce ff 32 86 6c 00 00"
2025-10-25 13:21:51,344.12,0xff,0xce,0xff,0x32,0x86,0x6c,"ff ce ff 32 86 6c 00 00"
2025-10-25 13:21:51,344.12,0xff,0xce,0xff,0x32,0x86,0x6c,"ff ce ff 32 86 6c 00 00"
2025-10-25 13:21:51,344.12,0xff,0xd5,0xff,0x45,0x86,0x6c,"ff d5 ff 45 86 6c 00 00"
2025-10-25 13:21:51,344.12,0xff,0xd5,0xff,0x45,0x86,0x6c,"ff d5 ff 45 86 6c 00 00"
2025-10-25 13:21:51,343.93,0xff,0xdb,0xff,0x58,0x86,0x59,"ff db ff 58 86 59 00 00"
2025-10-25 13:21:51,343.93,0xff,0xdb,0xff,0x58,0x86,0x59,"ff db ff 58 86 59 00 00"
2025-10-25 13:21:51,343.93,0xff,0xdb,0xff,0x58,0x86,0x59,"ff db ff 58 86 59 00 00"
2025-10-25 13:21:51,344.93,0xff,0xfa,0xff,0x3f,0x86,0xbd,"ff fa ff 3f 86 bd 00 00"
2025-10-25 13:21:51,344.93,0xff,0xfa,0xff,0x3f,0x86,0xbd,"ff fa ff 3f 86 bd 00 00"
2025-10-25 13:21:51,344.93,0xff,0xfa,0xff,0x3f,0x86,0xbd,"ff fa ff 3f 86 bd 00 00"
2025-10-25 13:21:51,345.5,0xff,0xfa,0xff,0x2c,0x86,0xf6,"ff fa ff 2c 86 f6 00 00"
2025-10-25 13:21:51,345.5,0xff,0xfa,0xff,0x2c,0x86,0xf6,"ff fa ff 2c 86 f6 00 00"
2025-10-25 13:21:51,345.75,0xff,0xe7,0xff,0x3f,0x87,0x0f,"ff e7 ff 3f 87 0f 00 00"
2025-10-25 13:21:51,345.75,0xff,0xe7,0xff,0x3f,0x87,0x0f,"ff e7 ff 3f 87 0f 00 00"
2025-10-25 13:21:51,345.75,0xff,0xe7,0xff,0x3f,0x87,0x0f,"ff e7 ff 3f 87 0f 00 00"
2025-10-25 13:21:51,346.25,0xff,0xe7,0xff,0x3f,0x87,0x41,"ff e7 ff 3f 87 41 00 00"
2025-10-25 13:21:51,346.25,0xff,0xe7,0xff,0x3f,0x87,0x41,"ff e7 ff 3f 87 41 00 00"
2025-10-25 13:21:51,347.06,0xff,0xbc,0xff,0x4b,0x87,0x92,"ff bc ff 4b 87 92 00 00"
2025-10-25 13:21:51,347.06,0xff,0xbc,0xff,0x4b,0x87,0x92,"ff bc ff 4b 87 92 00 00"
2025-10-25 13:21:51,347.06,0xff,0xbc,0xff,0x4b,0x87,0x92,"ff bc ff 4b 87 92 00 00"
2025-10-25 13:21:51,347.81,0xff,0xaf,0xff,0x51,0x87,0xdd,"ff af ff 51 87 dd 00 00"
2025-10-25 13:21:51,347.81,0xff,0xaf,0xff,0x51,0x87,0xdd,"ff af ff 51 87 dd 00 00"
2025-10-25 13:21:51,347.81,0xff,0xaf,0xff,0x51,0x87,0xdd,"ff af ff 51 87 dd 00 00"
2025-10-25 13:21:51,348.12,0xff,0xce,0xff,0x45,0x87,0xfc,"ff ce ff 45 87 fc 00 00"
2025-10-25 13:21:51,348.12,0xff,0xce,0xff,0x45,0x87,0xfc,"ff ce ff 45 87 fc 00 00"
2025-10-25 13:21:51,347.87,0xff,0xdb,0xff,0x2c,0x87,0xe3,"ff db ff 2c 87 e3 00 00"
2025-10-25 13:21:51,347.87,0xff,0xdb,0xff,0x2c,0x87,0xe3,"ff db ff 2c 87 e3 00 00"
2025-10-25 13:21:51,347.87,0xff,0xdb,0xff,0x2c,0x87,0xe3,"ff db ff 2c 87 e3 00 00"
2025-10-25 13:21:51,348.12,0xff,0xd5,0xff,0x2c,0x87,0xfc,"ff d5 ff 2c 87 fc 00 00"
2025-10-25 13:21:51,348.12,0xff,0xd5,0xff,0x2c,0x87,0xfc,"ff d5 ff 2c 87 fc 00 00"
2025-10-25 13:21:51,348.12,0xff,0xd5,0xff,0x2c,0x87,0xfc,"ff d5 ff 2c 87 fc 00 00"
2025-10-25 13:21:51,348.18,0xff,0xce,0xff,0x5e,0x88,0x02,"ff ce ff 5e 88 02 00 00"
2025-10-25 13:21:51,348.18,0xff,0xce,0xff,0x5e,0x88,0x02,"ff ce ff 5e 88 02 00 00"
2025-10-25 13:21:51,349.25,0xff,0xd5,0xff,0x71,0x88,0x6d,"ff d5 ff 71 88 6d 00 00"
2025-10-25 13:21:51,349.25,0xff,0xd5,0xff,0x71,0x88,0x6d,"ff d5 ff 71 88 6d 00 00"
2025-10-25 13:21:51,349.81,0xff,0xd5,0xff,0x71,0x88,0xa5,"ff d5 ff 71 88 a5 00 00"
2025-10-25 13:21:51,349.81,0xff,0xd5,0xff,0x71,0x88,0xa5,"ff d5 ff 71 88 a5 00 00"
2025-10-25 13:21:51,349.81,0xff,0xd5,0xff,0x71,0x88,0xa5,"ff d5 ff 71 88 a5 00 00"
2025-10-25 13:21:51,350.68,0xff,0xd5,0xff,0x71,0x88,0xfc,"ff d5 ff 71 88 fc 00 00"
2025-10-25 13:21:51,350.68,0xff,0xd5,0xff,0x71,0x88,0xfc,"ff d5 ff 71 88 fc 00 00"
2025-10-25 13:21:51,350.68,0xff,0xd5,0xff,0x71,0x88,0xfc,"ff d5 ff 71 88 fc 00 00"
2025-10-25 13:21:51,351.75,0xff,0xd5,0xff,0x71,0x89,0x67,"ff d5 ff 71 89 67 00 00"
2025-10-25 13:21:51,351.75,0xff,0xd5,0xff,0x71,0x89,0x67,"ff d5 ff 71 89 67 00 00"
2025-10-25 13:21:51,352.81,0xff,0xd5,0xff,0x71,0x89,0xd1,"ff d5 ff 71 89 d1 00 00"
2025-10-25 13:21:51,352.81,0xff,0xd5,0xff,0x71,0x89,0xd1,"ff d5 ff 71 89 d1 00 00"
2025-10-25 13:21:51,352.81,0xff,0xd5,0xff,0x71,0x89,0xd1,"ff d5 ff 71 89 d1 00 00"
2025-10-25 13:21:51,353.12,0xff,0xd5,0xff,0x71,0x89,0xf0,"ff d5 ff 71 89 f0 00 00"
2025-10-25 13:21:51,353.12,0xff,0xd5,0xff,0x71,0x89,0xf0,"ff d5 ff 71 89 f0 00 00"
2025-10-25 13:21:51,353.12,0xff,0xd5,0xff,0x71,0x89,0xf0,"ff d5 ff 71 89 f0 00 00"
2025-10-25 13:21:52,353.56,0xff,0xd5,0xff,0x71,0x8a,0x1c,"ff d5 ff 71 8a 1c 00 00"
2025-10-25 13:21:52,353.56,0xff,0xd5,0xff,0x71,0x8a,0x1c,"ff d5 ff 71 8a 1c 00 00"
2025-10-25 13:21:52,354.37,0xff,0xd5,0xff,0x71,0x8a,0x6d,"ff d5 ff 71 8a 6d 00 00"
2025-10-25 13:21:52,354.37,0xff,0xd5,0xff,0x71,0x8a,0x6d,"ff d5 ff 71 8a 6d 00 00"
2025-10-25 13:21:52,354.37,0xff,0xd5,0xff,0x71,0x8a,0x6d,"ff d5 ff 71 8a 6d 00 00"
2025-10-25 13:21:52,354.93,0xff,0xd5,0xff,0x71,0x8a,0xa5,"ff d5 ff 71 8a a5 00 00"
2025-10-25 13:21:52,354.93,0xff,0xd5,0xff,0x71,0x8a,0xa5,"ff d5 ff 71 8a a5 00 00"
2025-10-25 13:21:52,355.43,0xff,0xd5,0xff,0x71,0x8a,0xd7,"ff d5 ff 71 8a d7 00 00"
2025-10-25 13:21:52,355.43,0xff,0xd5,0xff,0x71,0x8a,0xd7,"ff d5 ff 71 8a d7 00 00"
2025-10-25 13:21:52,355.43,0xff,0xd5,0xff,0x71,0x8a,0xd7,"ff d5 ff 71 8a d7 00 00"
2025-10-25 13:21:52,356,0xff,0xd5,0xff,0x71,0x8b,0x10,"ff d5 ff 71 8b 10 00 00"
2025-10-25 13:21:52,356,0xff,0xd5,0xff,0x71,0x8b,0x10,"ff d5 ff 71 8b 10 00 00"
2025-10-25 13:21:52,356,0xff,0xd5,0xff,0x71,0x8b,0x10,"ff d5 ff 71 8b 10 00 00"
2025-10-25 13:21:52,356,0xff,0xd5,0xff,0x71,0x8b,0x10,"ff d5 ff 71 8b 10 00 00"
2025-10-25 13:21:52,356,0xff,0xd5,0xff,0x71,0x8b,0x10,"ff d5 ff 71 8b 10 00 00"
2025-10-25 13:21:52,356,0xff,0xce,0xff,0x90,0x8b,0x10,"ff ce ff 90 8b 10 00 00"
2025-10-25 13:21:52,356,0xff,0xce,0xff,0x90,0x8b,0x10,"ff ce ff 90 8b 10 00 00"
2025-10-25 13:21:52,356,0xff,0xce,0xff,0x90,0x8b,0x10,"ff ce ff 90 8b 10 00 00"
2025-10-25 13:21:52,356.75,0xff,0xdb,0xff,0xb5,0x8b,0x5b,"ff db ff b5 8b 5b 00 00"
2025-10-25 13:21:52,356.75,0xff,0xdb,0xff,0xb5,0x8b,0x5b,"ff db ff b5 8b 5b 00 00"
2025-10-25 13:21:52,356.75,0xff,0xdb,0xff,0xb5,0x8b,0x5b,"ff db ff b5 8b 5b 00 00"
2025-10-25 13:21:52,357.62,0xff,0xee,0xff,0xaf,0x8b,0xb2,"ff ee ff af 8b b2 00 00"
2025-10-25 13:21:52,357.62,0xff,0xee,0xff,0xaf,0x8b,0xb2,"ff ee ff af 8b b2 00 00"
2025-10-25 13:21:52,358.18,0xff,0xfa,0xff,0x83,0x8b,0xea,"ff fa ff 83 8b ea 00 00"
2025-10-25 13:21:52,358.18,0xff,0xfa,0xff,0x83,0x8b,0xea,"ff fa ff 83 8b ea 00 00"
2025-10-25 13:21:52,358.18,0xff,0xfa,0xff,0x83,0x8b,0xea,"ff fa ff 83 8b ea 00 00"
2025-10-25 13:21:52,359.06,0xff,0xe1,0xff,0x8a,0x8c,0x42,"ff e1 ff 8a 8c 42 00 00"
2025-10-25 13:21:52,359.06,0xff,0xe1,0xff,0x8a,0x8c,0x42,"ff e1 ff 8a 8c 42 00 00"
2025-10-25 13:21:52,359.06,0xff,0xe1,0xff,0x8a,0x8c,0x42,"ff e1 ff 8a 8c 42 00 00"
2025-10-25 13:21:52,359.06,0xff,0xdb,0xff,0x90,0x8c,0x42,"ff db ff 90 8c 42 00 00"
2025-10-25 13:21:52,359.06,0xff,0xdb,0xff,0x90,0x8c,0x42,"ff db ff 90 8c 42 00 00"
2025-10-25 13:21:52,0.81,0xff,0xe1,0xff,0xb5,0x00,0x51,"ff e1 ff b5 00 51 00 00"
2025-10-25 13:21:52,0.81,0xff,0xe1,0xff,0xb5,0x00,0x51,"ff e1 ff b5 00 51 00 00"
2025-10-25 13:21:52,0.81,0xff,0xe1,0xff,0xb5,0x00,0x51,"ff e1 ff b5 00 51 00 00"
2025-10-25 13:21:52,1.18,0xff,0xd5,0xff,0x90,0x00,0x76,"ff d5 ff 90 00 76 00 00"
2025-10-25 13:21:52,1.18,0xff,0xd5,0xff,0x90,0x00,0x76,"ff d5 ff 90 00 76 00 00"
2025-10-25 13:21:52,1.18,0xff,0xbc,0xff,0x7d,0x00,0x76,"ff bc ff 7d 00 76 00 00"
2025-10-25 13:21:52,1.18,0xff,0xbc,0xff,0x7d,0x00,0x76,"ff bc ff 7d 00 76 00 00"
2025-10-25 13:21:52,1.18,0xff,0xbc,0xff,0x7d,0x00,0x76,"ff bc ff 7d 00 76 00 00"
2025-10-25 13:21:52,1.5,0xff,0xa9,0xff,0x6a,0x00,0x96,"ff a9 ff 6a 00 96 00 00"
2025-10-25 13:21:52,1.5,0xff,0xa9,0xff,0x6a,0x00,0x96,"ff a9 ff 6a 00 96 00 00"
2025-10-25 13:21:52,1.18,0xff,0xc8,0xff,0x77,0x00,0x76,"ff c8 ff 77 00 76 00 00"
2025-10-25 13:21:52,1.18,0xff,0xc8,0xff,0x77,0x00,0x76,"ff c8 ff 77 00 76 00 00"
2025-10-25 13:21:52,1.18,0xff,0xc8,0xff,0x77,0x00,0x76,"ff c8 ff 77 00 76 00 00"
2025-10-25 13:21:52,1.93,0x00,0x00,0xff,0x8a,0x00,0xc1,"00 00 ff 8a 00 c1 00 00"
2025-10-25 13:21:52,1.93,0x00,0x00,0xff,0x8a,0x00,0xc1,"00 00 ff 8a 00 c1 00 00"
2025-10-25 13:21:52,1.93,0x00,0x00,0xff,0x8a,0x00,0xc1,"00 00 ff 8a 00 c1 00 00"
2025-10-25 13:21:52,3.18,0xff,0xe7,0xff,0x8a,0x01,0x3e,"ff e7 ff 8a 01 3e 00 00"
2025-10-25 13:21:52,3.18,0xff,0xe7,0xff,0x8a,0x01,0x3e,"ff e7 ff 8a 01 3e 00 00"
2025-10-25 13:21:52,4.25,0xff,0xc8,0xff,0x96,0x01,0xa9,"ff c8 ff 96 01 a9 00 00"
2025-10-25 13:21:52,4.25,0xff,0xc8,0xff,0x96,0x01,0xa9,"ff c8 ff 96 01 a9 00 00"
2025-10-25 13:21:52,4.25,0xff,0xc8,0xff,0x96,0x01,0xa9,"ff c8 ff 96 01 a9 00 00"
2025-10-25 13:21:53,4.75,0xff,0xbc,0xff,0x7d,0x01,0xdb,"ff bc ff 7d 01 db 00 00"
2025-10-25 13:21:53,4.75,0xff,0xbc,0xff,0x7d,0x01,0xdb,"ff bc ff 7d 01 db 00 00"
2025-10-25 13:21:53,5,0xff,0xe7,0xff,0x8a,0x01,0xf4,"ff e7 ff 8a 01 f4 00 00"
2025-10-25 13:21:53,5,0xff,0xe7,0xff,0x8a,0x01,0xf4,"ff e7 ff 8a 01 f4 00 00"
2025-10-25 13:21:53,5,0xff,0xe7,0xff,0x8a,0x01,0xf4,"ff e7 ff 8a 01 f4 00 00"
2025-10-25 13:21:53,5,0x00,0x00,0xff,0x8a,0x01,0xf4,"00 00 ff 8a 01 f4 00 00"
2025-10-25 13:21:53,5,0x00,0x00,0xff,0x8a,0x01,0xf4,"00 00 ff 8a 01 f4 00 00"
2025-10-25 13:21:53,5,0x00,0x00,0xff,0x8a,0x01,0xf4,"00 00 ff 8a 01 f4 00 00"
2025-10-25 13:21:53,5.81,0xff,0xdb,0xff,0xb5,0x02,0x45,"ff db ff b5 02 45 00 00"
2025-10-25 13:21:53,5.81,0xff,0xdb,0xff,0xb5,0x02,0x45,"ff db ff b5 02 45 00 00"
2025-10-25 13:21:53,6.06,0xff,0xdb,0xff,0xb5,0x02,0x5e,"ff db ff b5 02 5e 00 00"
2025-10-25 13:21:53,6.06,0xff,0xdb,0xff,0xb5,0x02,0x5e,"ff db ff b5 02 5e 00 00"
2025-10-25 13:21:53,6.06,0xff,0xdb,0xff,0xb5,0x02,0x5e,"ff db ff b5 02 5e 00 00"
2025-10-25 13:21:53,6.06,0xff,0xdb,0xff,0xb5,0x02,0x5e,"ff db ff b5 02 5e 00 00"
2025-10-25 13:21:53,6.06,0xff,0xdb,0xff,0xb5,0x02,0x5e,"ff db ff b5 02 5e 00 00"
2025-10-25 13:21:53,6.06,0xff,0xdb,0xff,0xb5,0x02,0x5e,"ff db ff b5 02 5e 00 00"
2025-10-25 13:21:53,6.06,0xff,0xdb,0xff,0xb5,0x02,0x5e,"ff db ff b5 02 5e 00 00"
2025-10-25 13:21:53,6.06,0xff,0xdb,0xff,0xb5,0x02,0x5e,"ff db ff b5 02 5e 00 00"
2025-10-25 13:21:53,6.06,0xff,0xdb,0xff,0xb5,0x02,0x5e,"ff db ff b5 02 5e 00 00"
2025-10-25 13:21:53,6.06,0xff,0xdb,0xff,0xb5,0x02,0x5e,"ff db ff b5 02 5e 00 00"
2025-10-25 13:21:53,6.06,0xff,0xdb,0xff,0xb5,0x02,0x5e,"ff db ff b5 02 5e 00 00"
2025-10-25 13:21:53,6.06,0xff,0xdb,0xff,0xb5,0x02,0x5e,"ff db ff b5 02 5e 00 00"
2025-10-25 13:21:53,6.06,0xff,0xdb,0xff,0xb5,0x02,0x5e,"ff db ff b5 02 5e 00 00"
2025-10-25 13:21:53,6.06,0xff,0xdb,0xff,0xb5,0x02,0x5e,"ff db ff b5 02 5e 00 00"
2025-10-25 13:21:53,6.06,0xff,0xdb,0xff,0xb5,0x02,0x5e,"ff db ff b5 02 5e 00 00"
2025-10-25 13:21:53,6.06,0xff,0xdb,0xff,0xb5,0x02,0x5e,"ff db ff b5 02 5e 00 00"
2025-10-25 13:21:53,7.18,0xff,0xee,0xff,0x6a,0x02,0xce,"ff ee ff 6a 02 ce 00 00"
2025-10-25 13:21:53,7.18,0xff,0xee,0xff,0x6a,0x02,0xce,"ff ee ff 6a 02 ce 00 00"
2025-10-25 13:21:53,8,0xff,0xe1,0xff,0x58,0x03,0x20,"ff e1 ff 58 03 20 00 00"
2025-10-25 13:21:53,8,0xff,0xe1,0xff,0x58,0x03,0x20,"ff e1 ff 58 03 20 00 00"
2025-10-25 13:21:53,9.06,0xff,0xa3,0xff,0x58,0x03,0x8a,"ff a3 ff 58 03 8a 00 00"
2025-10-25 13:21:53,9.06,0xff,0xa3,0xff,0x58,0x03,0x8a,"ff a3 ff 58 03 8a 00 00"
2025-10-25 13:21:53,9.06,0xff,0xa3,0xff,0x58,0x03,0x8a,"ff a3 ff 58 03 8a 00 00"
2025-10-25 13:21:53,9.56,0xff,0xa3,0xff,0x71,0x03,0xbc,"ff a3 ff 71 03 bc 00 00"
2025-10-25 13:21:53,9.56,0xff,0xa3,0xff,0x71,0x03,0xbc,"ff a3 ff 71 03 bc 00 00"
2025-10-25 13:21:53,9.56,0xff,0xa3,0xff,0x71,0x03,0xbc,"ff a3 ff 71 03 bc 00 00"
2025-10-25 13:21:53,9.81,0xff,0xe1,0xff,0x8a,0x03,0xd5,"ff e1 ff 8a 03 d5 00 00"
2025-10-25 13:21:53,9.81,0xff,0xe1,0xff,0x8a,0x03,0xd5,"ff e1 ff 8a 03 d5 00 00"
2025-10-25 13:21:53,10.34,0x00,0x00,0xff,0x6a,0x04,0x0a,"00 00 ff 6a 04 0a 00 00"
2025-10-25 13:21:53,10.34,0x00,0x00,0xff,0x6a,0x04,0x0a,"00 00 ff 6a 04 0a 00 00"
2025-10-25 13:21:53,10.34,0x00,0x00,0xff,0x6a,0x04,0x0a,"00 00 ff 6a 04 0a 00 00"
2025-10-25 13:21:53,10.68,0xff,0xe7,0xff,0x51,0x04,0x2c,"ff e7 ff 51 04 2c 00 00"
2025-10-25 13:21:53,10.68,0xff,0xe7,0xff,0x51,0x04,0x2c,"ff e7 ff 51 04 2c 00 00"
2025-10-25 13:21:53,11.25,0xff,0xa3,0xff,0x71,0x04,0x65,"ff a3 ff 71 04 65 00 00"
2025-10-25 13:21:53,11.25,0xff,0xa3,0xff,0x71,0x04,0x65,"ff a3 ff 71 04 65 00 00"
2025-10-25 13:21:53,11.25,0xff,0xa3,0xff,0x71,0x04,0x65,"ff a3 ff 71 04 65 00 00"
2025-10-25 13:21:53,11.25,0xff,0x90,0xff,0x7d,0x04,0x65,"ff 90 ff 7d 04 65 00 00"
2025-10-25 13:21:53,11.25,0xff,0x90,0xff,0x7d,0x04,0x65,"ff 90 ff 7d 04 65 00 00"
2025-10-25 13:21:53,11.25,0xff,0x90,0xff,0x7d,0x04,0x65,"ff 90 ff 7d 04 65 00 00"
2025-10-25 13:21:53,10.93,0xff,0xd5,0xff,0x71,0x04,0x45,"ff d5 ff 71 04 45 00 00"
2025-10-25 13:21:53,10.93,0xff,0xd5,0xff,0x71,0x04,0x45,"ff d5 ff 71 04 45 00 00"
2025-10-25 13:21:54,12.12,0xff,0xce,0xff,0x71,0x04,0xbc,"ff ce ff 71 04 bc 00 00"
2025-10-25 13:21:54,12.12,0xff,0xce,0xff,0x71,0x04,0xbc,"ff ce ff 71 04 bc 00 00"
2025-10-25 13:21:54,12.12,0xff,0xce,0xff,0x71,0x04,0xbc,"ff ce ff 71 04 bc 00 00"
2025-10-25 13:21:54,12.87,0xff,0xb5,0xff,0x64,0x05,0x07,"ff b5 ff 64 05 07 00 00"
2025-10-25 13:21:54,12.87,0xff,0xb5,0xff,0x64,0x05,0x07,"ff b5 ff 64 05 07 00 00"
2025-10-25 13:21:54,13.43,0xff,0xbc,0xff,0x5e,0x05,0x3f,"ff bc ff 5e 05 3f 00 00"
2025-10-25 13:21:54,13.43,0xff,0xbc,0xff,0x5e,0x05,0x3f,"ff bc ff 5e 05 3f 00 00"
2025-10-25 13:21:54,13.43,0xff,0xbc,0xff,0x5e,0x05,0x3f,"ff bc ff 5e 05 3f 00 00"
2025-10-25 13:21:54,13.56,0xff,0xce,0xff,0x71,0x05,0x4c,"ff ce ff 71 05 4c 00 00"
2025-10-25 13:21:54,13.56,0xff,0xce,0xff,0x71,0x05,0x4c,"ff ce ff 71 05 4c 00 00"
2025-10-25 13:21:54,13.56,0xff,0xce,0xff,0x71,0x05,0x4c,"ff ce ff 71 05 4c 00 00"
2025-10-25 13:21:54,14.37,0xff,0xce,0xff,0x71,0x05,0x9d,"ff ce ff 71 05 9d 00 00"
2025-10-25 13:21:54,14.37,0xff,0xce,0xff,0x71,0x05,0x9d,"ff ce ff 71 05 9d 00 00"
2025-10-25 13:21:54,14.5,0xff,0xce,0xff,0x90,0x05,0xaa,"ff ce ff 90 05 aa 00 00"
2025-10-25 13:21:54,14.5,0xff,0xce,0xff,0x90,0x05,0xaa,"ff ce ff 90 05 aa 00 00"
2025-10-25 13:21:54,14.5,0xff,0xce,0xff,0x90,0x05,0xaa,"ff ce ff 90 05 aa 00 00"
2025-10-25 13:21:54,15.12,0xff,0xce,0xff,0x90,0x05,0xe8,"ff ce ff 90 05 e8 00 00"
2025-10-25 13:21:54,15.12,0xff,0xce,0xff,0x90,0x05,0xe8,"ff ce ff 90 05 e8 00 00"
2025-10-25 13:21:54,15.12,0xff,0xce,0xff,0x90,0x05,0xe8,"ff ce ff 90 05 e8 00 00"
2025-10-25 13:21:54,15.12,0xff,0xce,0xff,0x90,0x05,0xe8,"ff ce ff 90 05 e8 00 00"
2025-10-25 13:21:54,15.12,0xff,0xce,0xff,0x90,0x05,0xe8,"ff ce ff 90 05 e8 00 00"
2025-10-25 13:21:54,15.12,0xff,0xce,0xff,0x90,0x05,0xe8,"ff ce ff 90 05 e8 00 00"
2025-10-25 13:21:54,15.12,0xff,0xce,0xff,0x90,0x05,0xe8,"ff ce ff 90 05 e8 00 00"
2025-10-25 13:21:54,15.12,0xff,0xce,0xff,0x90,0x05,0xe8,"ff ce ff 90 05 e8 00 00"
2025-10-25 13:21:54,16.18,0xff,0xce,0xff,0x96,0x06,0x52,"ff ce ff 96 06 52 00 00"
2025-10-25 13:21:54,16.18,0xff,0xce,0xff,0x96,0x06,0x52,"ff ce ff 96 06 52 00 00"
2025-10-25 13:21:54,17.12,0xff,0xce,0xff,0x90,0x06,0xb0,"ff ce ff 90 06 b0 00 00"
2025-10-25 13:21:54,17.12,0xff,0xce,0xff,0x90,0x06,0xb0,"ff ce ff 90 06 b0 00 00"
2025-10-25 13:21:54,17.12,0xff,0xce,0xff,0x90,0x06,0xb0,"ff ce ff 90 06 b0 00 00"
2025-10-25 13:21:54,18,0xff,0xce,0xff,0x90,0x07,0x08,"ff ce ff 90 07 08 00 00"
2025-10-25 13:21:54,18,0xff,0xce,0xff,0x90,0x07,0x08,"ff ce ff 90 07 08 00 00"
2025-10-25 13:21:54,18.5,0xff,0xce,0xff,0x96,0x07,0x3a,"ff ce ff 96 07 3a 00 00"
2025-10-25 13:21:54,18.5,0xff,0xce,0xff,0x96,0x07,0x3a,"ff ce ff 96 07 3a 00 00"
2025-10-25 13:21:54,18.5,0xff,0xce,0xff,0x96,0x07,0x3a,"ff ce ff 96 07 3a 00 00"
2025-10-25 13:21:54,19.12,0xff,0xce,0xff,0x90,0x07,0x78,"ff ce ff 90 07 78 00 00"
2025-10-25 13:21:54,19.12,0xff,0xce,0xff,0x90,0x07,0x78,"ff ce ff 90 07 78 00 00"
2025-10-25 13:21:54,19.62,0xff,0xce,0xff,0x90,0x07,0xaa,"ff ce ff 90 07 aa 00 00"
2025-10-25 13:21:54,19.62,0xff,0xce,0xff,0x90,0x07,0xaa,"ff ce ff 90 07 aa 00 00"
2025-10-25 13:21:54,19.62,0xff,0xce,0xff,0x90,0x07,0xaa,"ff ce ff 90 07 aa 00 00"
2025-10-25 13:21:54,20.18,0xff,0xce,0xff,0x90,0x07,0xe2,"ff ce ff 90 07 e2 00 00"
2025-10-25 13:21:54,20.18,0xff,0xce,0xff,0x90,0x07,0xe2,"ff ce ff 90 07 e2 00 00"
2025-10-25 13:21:54,20.18,0xff,0xce,0xff,0x90,0x07,0xe2,"ff ce ff 90 07 e2 00 00"
2025-10-25 13:21:54,20.18,0xff,0xce,0xff,0x90,0x07,0xe2,"ff ce ff 90 07 e2 00 00"
2025-10-25 13:21:54,20.18,0xff,0xce,0xff,0x90,0x07,0xe2,"ff ce ff 90 07 e2 00 00"
2025-10-25 13:21:54,20.18,0xff,0xce,0xff,0x90,0x07,0xe2,"ff ce ff 90 07 e2 00 00"
2025-10-25 13:21:54,20.18,0xff,0xce,0xff,0x90,0x07,0xe2,"ff ce ff 90 07 e2 00 00"
2025-10-25 13:21:54,20.18,0xff,0xce,0xff,0x90,0x07,0xe2,"ff ce ff 90 07 e2 00 00"
2025-10-25 13:21:54,21.68,0xff,0xce,0xff,0x90,0x08,0x78,"ff ce ff 90 08 78 00 00"
2025-10-25 13:21:54,21.68,0xff,0xce,0xff,0x90,0x08,0x78,"ff ce ff 90 08 78 00 00"
2025-10-25 13:21:54,21.68,0xff,0xce,0xff,0x90,0x08,0x78,"ff ce ff 90 08 78 00 00"
2025-10-25 13:21:54,22.62,0xff,0xce,0xff,0x96,0x08,0xd6,"ff ce ff 96 08 d6 00 00"
2025-10-25 13:21:54,22.62,0xff,0xce,0xff,0x96,0x08,0xd6,"ff ce ff 96 08 d6 00 00"
2025-10-25 13:21:55,23.81,0xff,0x96,0xff,0x96,0x09,0x4d,"ff 96 ff 96 09 4d 00 00"
2025-10-25 13:21:55,23.81,0xff,0x96,0xff,0x96,0x09,0x4d,"ff 96 ff 96 09 4d 00 00"
2025-10-25 13:21:55,23.81,0xff,0x96,0xff,0x96,0x09,0x4d,"ff 96 ff 96 09 4d 00 00"
2025-10-25 13:21:55,24.93,0xff,0x58,0xff,0x9c,0x09,0xbd,"ff 58 ff 9c 09 bd 00 00"
2025-10-25 13:21:55,24.93,0xff,0x58,0xff,0x9c,0x09,0xbd,"ff 58 ff 9c 09 bd 00 00"
2025-10-25 13:21:55,25.43,0xff,0x64,0xff,0xaf,0x09,0xef,"ff 64 ff af 09 ef 00 00"
2025-10-25 13:21:55,25.43,0xff,0x64,0xff,0xaf,0x09,0xef,"ff 64 ff af 09 ef 00 00"
2025-10-25 13:21:55,25.43,0xff,0x64,0xff,0xaf,0x09,0xef,"ff 64 ff af 09 ef 00 00"
2025-10-25 13:21:55,25.56,0xff,0xa9,0xff,0xaf,0x09,0xfc,"ff a9 ff af 09 fc 00 00"
2025-10-25 13:21:55,25.56,0xff,0xa9,0xff,0xaf,0x09,0xfc,"ff a9 ff af 09 fc 00 00"
2025-10-25 13:21:55,25.56,0xff,0xa9,0xff,0xaf,0x09,0xfc,"ff a9 ff af 09 fc 00 00"
2025-10-25 13:21:55,25.81,0x00,0x00,0xff,0x83,0x0a,0x15,"00 00 ff 83 0a 15 00 00"
2025-10-25 13:21:55,25.81,0x00,0x00,0xff,0x83,0x0a,0x15,"00 00 ff 83 0a 15 00 00"
2025-10-25 13:21:55,25.81,0x00,0x00,0xff,0x83,0x0a,0x15,"00 00 ff 83 0a 15 00 00"
2025-10-25 13:21:55,25.81,0x00,0x00,0xff,0x83,0x0a,0x15,"00 00 ff 83 0a 15 00 00"
2025-10-25 13:21:55,25.81,0x00,0x00,0xff,0x83,0x0a,0x15,"00 00 ff 83 0a 15 00 00"
2025-10-25 13:21:55,26,0xff,0xe1,0xff,0x8a,0x0a,0x28,"ff e1 ff 8a 0a 28 00 00"
2025-10-25 13:21:55,26,0xff,0xe1,0xff,0x8a,0x0a,0x28,"ff e1 ff 8a 0a 28 00 00"
2025-10-25 13:21:55,26,0xff,0xe1,0xff,0x8a,0x0a,0x28,"ff e1 ff 8a 0a 28 00 00"
2025-10-25 13:21:55,27.5,0xff,0xaf,0xff,0x83,0x0a,0xbe,"ff af ff 83 0a be 00 00"
2025-10-25 13:21:55,27.5,0xff,0xaf,0xff,0x83,0x0a,0xbe,"ff af ff 83 0a be 00 00"
2025-10-25 13:21:55,28.93,0xff,0x71,0xff,0x9c,0x0b,0x4d,"ff 71 ff 9c 0b 4d 00 00"
2025-10-25 13:21:55,28.93,0xff,0x71,0xff,0x9c,0x0b,0x4d,"ff 71 ff 9c 0b 4d 00 00"
2025-10-25 13:21:55,28.93,0xff,0x71,0xff,0x9c,0x0b,0x4d,"ff 71 ff 9c 0b 4d 00 00"
2025-10-25 13:21:55,29.43,0xff,0x8a,0xff,0xa3,0x0b,0x7f,"ff 8a ff a3 0b 7f 00 00"
2025-10-25 13:21:55,29.43,0xff,0x8a,0xff,0xa3,0x0b,0x7f,"ff 8a ff a3 0b 7f 00 00"
2025-10-25 13:21:55,30,0xff,0xd5,0xff,0x90,0x0b,0xb8,"ff d5 ff 90 0b b8 00 00"
2025-10-25 13:21:55,30,0xff,0xd5,0xff,0x90,0x0b,0xb8,"ff d5 ff 90 0b b8 00 00"
2025-10-25 13:21:55,30,0xff,0xd5,0xff,0x90,0x0b,0xb8,"ff d5 ff 90 0b b8 00 00"
2025-10-25 13:21:55,30.37,0xff,0xe7,0xff,0xaf,0x0b,0xdd,"ff e7 ff af 0b dd 00 00"
2025-10-25 13:21:55,30.37,0xff,0xe7,0xff,0xaf,0x0b,0xdd,"ff e7 ff af 0b dd 00 00"
2025-10-25 13:21:55,30.37,0xff,0xe7,0xff,0xaf,0x0b,0xdd,"ff e7 ff af 0b dd 00 00"
2025-10-25 13:21:55,31.18,0xff,0xbc,0xff,0x9c,0x0c,0x2e,"ff bc ff 9c 0c 2e 00 00"
2025-10-25 13:21:55,31.18,0xff,0xbc,0xff,0x9c,0x0c,0x2e,"ff bc ff 9c 0c 2e 00 00"
2025-10-25 13:21:55,31.87,0xff,0xb5,0xff,0x64,0x0c,0x73,"ff b5 ff 64 0c 73 00 00"
2025-10-25 13:21:55,31.87,0xff,0xb5,0xff,0x64,0x0c,0x73,"ff b5 ff 64 0c 73 00 00"
2025-10-25 13:21:55,31.87,0xff,0xb5,0xff,0x64,0x0c,0x73,"ff b5 ff 64 0c 73 00 00"
2025-10-25 13:21:55,31.75,0xff,0xb5,0xff,0x7d,0x0c,0x67,"ff b5 ff 7d 0c 67 00 00"
2025-10-25 13:21:55,31.75,0xff,0xb5,0xff,0x7d,0x0c,0x67,"ff b5 ff 7d 0c 67 00 00"
2025-10-25 13:21:55,31.75,0xff,0xb5,0xff,0x7d,0x0c,0x67,"ff b5 ff 7d 0c 67 00 00"
2025-10-25 13:21:55,31.75,0xff,0xbc,0xff,0x9c,0x0c,0x67,"ff bc ff 9c 0c 67 00 00"
2025-10-25 13:21:55,31.75,0xff,0xbc,0xff,0x9c,0x0c,0x67,"ff bc ff 9c 0c 67 00 00"
2025-10-25 13:21:55,31.75,0xff,0xb5,0xff,0x7d,0x0c,0x67,"ff b5 ff 7d 0c 67 00 00"
2025-10-25 13:21:55,31.75,0xff,0xb5,0xff,0x7d,0x0c,0x67,"ff b5 ff 7d 0c 67 00 00"
2025-10-25 13:21:55,31.75,0xff,0xb5,0xff,0x7d,0x0c,0x67,"ff b5 ff 7d 0c 67 00 00"
2025-10-25 13:21:55,31.87,0xff,0xaf,0xff,0x64,0x0c,0x73,"ff af ff 64 0c 73 00 00"
2025-10-25 13:21:55,31.87,0xff,0xaf,0xff,0x64,0x0c,0x73,"ff af ff 64 0c 73 00 00"
2025-10-25 13:21:55,31.87,0xff,0xaf,0xff,0x64,0x0c,0x73,"ff af ff 64 0c 73 00 00"
2025-10-25 13:21:55,25.63,0xff,0xbc,0xff,0x5e,0x0a,0x03,"ff bc ff 5e 0a 03 00 00"
2025-10-25 13:21:55,25.63,0xff,0xbc,0xff,0x5e,0x0a,0x03,"ff bc ff 5e 0a 03 00 00"
2025-10-25 13:21:55,26.57,0xff,0xc2,0xff,0x5e,0x0a,0x61,"ff c2 ff 5e 0a 61 00 00"
2025-10-25 13:21:55,26.57,0xff,0xc2,0xff,0x5e,0x0a,0x61,"ff c2 ff 5e 0a 61 00 00"
2025-10-25 13:21:55,27.38,0xff,0xc2,0xff,0x5e,0x0a,0xb2,"ff c2 ff 5e 0a b2 00 00"
2025-10-25 13:21:56,27.38,0xff,0xc2,0xff,0x5e,0x0a,0xb2,"ff c2 ff 5e 0a b2 00 00"
2025-10-25 13:21:56,27.38,0xff,0xc2,0xff,0x5e,0x0a,0xb2,"ff c2 ff 5e 0a b2 00 00"
2025-10-25 13:21:56,28,0xff,0xc8,0xff,0x5e,0x0a,0xf0,"ff c8 ff 5e 0a f0 00 00"
2025-10-25 13:21:56,28,0xff,0xc8,0xff,0x5e,0x0a,0xf0,"ff c8 ff 5e 0a f0 00 00"
2025-10-25 13:21:56,28,0xff,0xc8,0xff,0x5e,0x0a,0xf0,"ff c8 ff 5e 0a f0 00 00"
2025-10-25 13:21:56,36.25,0xff,0xc2,0xff,0x5e,0x0e,0x29,"ff c2 ff 5e 0e 29 00 00"
2025-10-25 13:21:56,36.25,0xff,0xc2,0xff,0x5e,0x0e,0x29,"ff c2 ff 5e 0e 29 00 00"
2025-10-25 13:21:56,36.62,0xff,0xc8,0xff,0x5e,0x0e,0x4e,"ff c8 ff 5e 0e 4e 00 00"
2025-10-25 13:21:56,36.62,0xff,0xc8,0xff,0x5e,0x0e,0x4e,"ff c8 ff 5e 0e 4e 00 00"
2025-10-25 13:21:56,36.62,0xff,0xc8,0xff,0x5e,0x0e,0x4e,"ff c8 ff 5e 0e 4e 00 00"
2025-10-25 13:21:56,37.68,0xff,0x96,0xff,0x77,0x0e,0xb8,"ff 96 ff 77 0e b8 00 00"
2025-10-25 13:21:56,37.68,0xff,0x96,0xff,0x77,0x0e,0xb8,"ff 96 ff 77 0e b8 00 00"
2025-10-25 13:21:56,37.68,0xff,0x96,0xff,0x77,0x0e,0xb8,"ff 96 ff 77 0e b8 00 00"
2025-10-25 13:21:56,37.62,0xff,0xbc,0xff,0x4b,0x0e,0xb2,"ff bc ff 4b 0e b2 00 00"
2025-10-25 13:21:56,37.62,0xff,0xbc,0xff,0x4b,0x0e,0xb2,"ff bc ff 4b 0e b2 00 00"
2025-10-25 13:21:56,37.43,0xff,0xce,0xff,0x58,0x0e,0x9f,"ff ce ff 58 0e 9f 00 00"
2025-10-25 13:21:56,37.43,0xff,0xce,0xff,0x58,0x0e,0x9f,"ff ce ff 58 0e 9f 00 00"
2025-10-25 13:21:56,37.43,0xff,0xce,0xff,0x58,0x0e,0x9f,"ff ce ff 58 0e 9f 00 00"
2025-10-25 13:21:56,37.25,0xff,0xc8,0xff,0x96,0x0e,0x8d,"ff c8 ff 96 0e 8d 00 00"
2025-10-25 13:21:56,37.25,0xff,0xc8,0xff,0x96,0x0e,0x8d,"ff c8 ff 96 0e 8d 00 00"
2025-10-25 13:21:56,39.06,0xff,0xb5,0xff,0xa3,0x0f,0x42,"ff b5 ff a3 0f 42 00 00"
2025-10-25 13:21:56,39.06,0xff,0xb5,0xff,0xa3,0x0f,0x42,"ff b5 ff a3 0f 42 00 00"
2025-10-25 13:21:56,39.06,0xff,0xb5,0xff,0xa3,0x0f,0x42,"ff b5 ff a3 0f 42 00 00"
2025-10-25 13:21:56,39.43,0xff,0xdb,0xff,0xb5,0x0f,0x67,"ff db ff b5 0f 67 00 00"
2025-10-25 13:21:56,39.43,0xff,0xdb,0xff,0xb5,0x0f,0x67,"ff db ff b5 0f 67 00 00"
2025-10-25 13:21:56,40.43,0xff,0xe1,0xff,0x8a,0x0f,0xcb,"ff e1 ff 8a 0f cb 00 00"
2025-10-25 13:21:56,40.43,0xff,0xe1,0xff,0x8a,0x0f,0xcb,"ff e1 ff 8a 0f cb 00 00"
2025-10-25 13:21:56,40.43,0xff,0xe1,0xff,0x8a,0x0f,0xcb,"ff e1 ff 8a 0f cb 00 00"
2025-10-25 13:21:56,41.25,0xff,0xc2,0xff,0x96,0x10,0x1d,"ff c2 ff 96 10 1d 00 00"
2025-10-25 13:21:56,41.25,0xff,0xc2,0xff,0x96,0x10,0x1d,"ff c2 ff 96 10 1d 00 00"
2025-10-25 13:21:56,41.25,0xff,0xc2,0xff,0x96,0x10,0x1d,"ff c2 ff 96 10 1d 00 00"
2025-10-25 13:21:56,41.87,0xff,0xaf,0xff,0xa9,0x10,0x5b,"ff af ff a9 10 5b 00 00"
2025-10-25 13:21:56,41.87,0xff,0xaf,0xff,0xa9,0x10,0x5b,"ff af ff a9 10 5b 00 00"
2025-10-25 13:21:56,42.12,0xff,0xd5,0xff,0xbc,0x10,0x74,"ff d5 ff bc 10 74 00 00"
2025-10-25 13:21:56,42.12,0xff,0xd5,0xff,0xbc,0x10,0x74,"ff d5 ff bc 10 74 00 00"
2025-10-25 13:21:56,42.12,0xff,0xd5,0xff,0xbc,0x10,0x74,"ff d5 ff bc 10 74 00 00"
2025-10-25 13:21:56,42.87,0xff,0xc2,0xff,0x96,0x10,0xbf,"ff c2 ff 96 10 bf 00 00"
2025-10-25 13:21:56,42.87,0xff,0xc2,0xff,0x96,0x10,0xbf,"ff c2 ff 96 10 bf 00 00"
2025-10-25 13:21:56,42.87,0xff,0xc2,0xff,0x96,0x10,0xbf,"ff c2 ff 96 10 bf 00 00"
2025-10-25 13:21:56,42.87,0xff,0xc2,0xff,0x96,0x10,0xbf,"ff c2 ff 96 10 bf 00 00"
2025-10-25 13:21:56,42.87,0xff,0xc2,0xff,0x96,0x10,0xbf,"ff c2 ff 96 10 bf 00 00"
2025-10-25 13:21:56,42.87,0xff,0xaf,0xff,0x83,0x10,0xbf,"ff af ff 83 10 bf 00 00"
2025-10-25 13:21:56,42.87,0xff,0xaf,0xff,0x83,0x10,0xbf,"ff af ff 83 10 bf 00 00"
2025-10-25 13:21:56,42.87,0xff,0xaf,0xff,0x83,0x10,0xbf,"ff af ff 83 10 bf 00 00"
2025-10-25 13:21:56,43.06,0xff,0xc8,0xff,0x5e,0x10,0xd2,"ff c8 ff 5e 10 d2 00 00"
2025-10-25 13:21:56,43.06,0xff,0xc8,0xff,0x5e,0x10,0xd2,"ff c8 ff 5e 10 d2 00 00"
2025-10-25 13:21:56,44.31,0xff,0xd5,0xff,0x58,0x11,0x4f,"ff d5 ff 58 11 4f 00 00"
2025-10-25 13:21:56,44.31,0xff,0xd5,0xff,0x58,0x11,0x4f,"ff d5 ff 58 11 4f 00 00"
2025-10-25 13:21:56,44.31,0xff,0xd5,0xff,0x58,0x11,0x4f,"ff d5 ff 58 11 4f 00 00"
2025-10-25 13:21:56,45.37,0xff,0xbc,0xff,0x7d,0x11,0xb9,"ff bc ff 7d 11 b9 00 00"
2025-10-25 13:21:56,45.37,0xff,0xbc,0xff,0x7d,0x11,0xb9,"ff bc ff 7d 11 b9 00 00"
2025-10-25 13:21:56,45.37,0xff,0xbc,0xff,0x7d,0x11,0xb9,"ff bc ff 7d 11 b9 00 00"
2025-10-25 13:21:57,46.18,0xff,0xa3,0xff,0x90,0x12,0x0a,"ff a3 ff 90 12 0a 00 00"
2025-10-25 13:21:57,46.18,0xff,0xa3,0xff,0x90,0x12,0x0a,"ff a3 ff 90 12 0a 00 00"
2025-10-25 13:21:57,46.87,0xff,0xbc,0xff,0x9c,0x12,0x4f,"ff bc ff 9c 12 4f 00 00"
2025-10-25 13:21:57,46.87,0xff,0xbc,0xff,0x9c,0x12,0x4f,"ff bc ff 9c 12 4f 00 00"
2025-10-25 13:21:57,46.87,0xff,0xbc,0xff,0x9c,0x12,0x4f,"ff bc ff 9c 12 4f 00 00"
2025-10-25 13:21:57,47.5,0xff,0xaf,0xff,0x83,0x12,0x8e,"ff af ff 83 12 8e 00 00"
2025-10-25 13:21:57,47.5,0xff,0xaf,0xff,0x83,0x12,0x8e,"ff af ff 83 12 8e 00 00"
2025-10-25 13:21:57,47.5,0xff,0xaf,0xff,0x83,0x12,0x8e,"ff af ff 83 12 8e 00 00"
2025-10-25 13:21:57,48.56,0xff,0x96,0xff,0x77,0x12,0xf8,"ff 96 ff 77 12 f8 00 00"
2025-10-25 13:21:57,48.56,0xff,0x96,0xff,0x77,0x12,0xf8,"ff 96 ff 77 12 f8 00 00"
2025-10-25 13:21:57,48.93,0xff,0x96,0xff,0x77,0x13,0x1d,"ff 96 ff 77 13 1d 00 00"
2025-10-25 13:21:57,48.93,0xff,0x96,0xff,0x77,0x13,0x1d,"ff 96 ff 77 13 1d 00 00"
2025-10-25 13:21:57,48.93,0xff,0x96,0xff,0x77,0x13,0x1d,"ff 96 ff 77 13 1d 00 00"
2025-10-25 13:21:57,48.93,0xff,0x96,0xff,0x77,0x13,0x1d,"ff 96 ff 77 13 1d 00 00"
2025-10-25 13:21:57,48.93,0xff,0x96,0xff,0x77,0x13,0x1d,"ff 96 ff 77 13 1d 00 00"
2025-10-25 13:21:57,48.93,0xff,0x96,0xff,0x77,0x13,0x1d,"ff 96 ff 77 13 1d 00 00"
2025-10-25 13:21:57,48.93,0xff,0x96,0xff,0x77,0x13,0x1d,"ff 96 ff 77 13 1d 00 00"
2025-10-25 13:21:57,48.93,0xff,0x96,0xff,0x77,0x13,0x1d,"ff 96 ff 77 13 1d 00 00"
2025-10-25 13:21:57,50.25,0xff,0x96,0xff,0x77,0x13,0xa1,"ff 96 ff 77 13 a1 00 00"
2025-10-25 13:21:57,50.25,0xff,0x96,0xff,0x77,0x13,0xa1,"ff 96 ff 77 13 a1 00 00"
2025-10-25 13:21:57,51.5,0xff,0x96,0xff,0x77,0x14,0x1e,"ff 96 ff 77 14 1e 00 00"
2025-10-25 13:21:57,51.5,0xff,0x96,0xff,0x77,0x14,0x1e,"ff 96 ff 77 14 1e 00 00"
2025-10-25 13:21:57,51.5,0xff,0x96,0xff,0x77,0x14,0x1e,"ff 96 ff 77 14 1e 00 00"
2025-10-25 13:21:57,52.18,0xff,0x96,0xff,0x77,0x14,0x62,"ff 96 ff 77 14 62 00 00"
2025-10-25 13:21:57,52.43,0xff,0x96,0xff,0x77,0x14,0x7b,"ff 96 ff 77 14 7b 00 00"
2025-10-25 13:21:57,52.43,0xff,0x96,0xff,0x77,0x14,0x7b,"ff 96 ff 77 14 7b 00 00"
2025-10-25 13:21:57,52.43,0xff,0x96,0xff,0x77,0x14,0x7b,"ff 96 ff 77 14 7b 00 00"
2025-10-25 13:21:57,52.68,0xff,0x96,0xff,0x77,0x14,0x94,"ff 96 ff 77 14 94 00 00"
2025-10-25 13:21:57,52.68,0xff,0x96,0xff,0x77,0x14,0x94,"ff 96 ff 77 14 94 00 00"
2025-10-25 13:21:57,52.68,0xff,0x96,0xff,0x77,0x14,0x94,"ff 96 ff 77 14 94 00 00"
2025-10-25 13:21:57,53.31,0xff,0x96,0xff,0x77,0x14,0xd3,"ff 96 ff 77 14 d3 00 00"
2025-10-25 13:21:57,53.31,0xff,0x96,0xff,0x77,0x14,0xd3,"ff 96 ff 77 14 d3 00 00"
2025-10-25 13:21:57,53.81,0xff,0x96,0xff,0x77,0x15,0x05,"ff 96 ff 77 15 05 00 00"
2025-10-25 13:21:57,53.81,0xff,0x96,0xff,0x77,0x15,0x05,"ff 96 ff 77 15 05 00 00"
2025-10-25 13:21:57,53.81,0xff,0x96,0xff,0x77,0x15,0x05,"ff 96 ff 77 15 05 00 00"
2025-10-25 13:21:57,53.81,0xff,0x96,0xff,0x77,0x15,0x05,"ff 96 ff 77 15 05 00 00"
2025-10-25 13:21:57,53.81,0xff,0x96,0xff,0x77,0x15,0x05,"ff 96 ff 77 15 05 00 00"
2025-10-25 13:21:57,53.81,0xff,0x96,0xff,0x77,0x15,0x05,"ff 96 ff 77 15 05 00 00"
2025-10-25 13:21:57,53.81,0xff,0x96,0xff,0x77,0x15,0x05,"ff 96 ff 77 15 05 00 00"
2025-10-25 13:21:57,53.81,0xff,0x96,0xff,0x77,0x15,0x05,"ff 96 ff 77 15 05 00 00"
2025-10-25 13:21:57,53.81,0xff,0x96,0xff,0x77,0x15,0x05,"ff 96 ff 77 15 05 00 00"
2025-10-25 13:21:57,53.81,0xff,0x96,0xff,0x77,0x15,0x05,"ff 96 ff 77 15 05 00 00"
2025-10-25 13:21:57,53.81,0xff,0x96,0xff,0x77,0x15,0x05,"ff 96 ff 77 15 05 00 00"
2025-10-25 13:21:57,55,0xff,0x96,0xff,0x77,0x15,0x7c,"ff 96 ff 77 15 7c 00 00"
2025-10-25 13:21:57,55,0xff,0x96,0xff,0x77,0x15,0x7c,"ff 96 ff 77 15 7c 00 00"
2025-10-25 13:21:57,55.68,0xff,0x96,0xff,0x77,0x15,0xc0,"ff 96 ff 77 15 c0 00 00"
2025-10-25 13:21:57,55.68,0xff,0x96,0xff,0x77,0x15,0xc0,"ff 96 ff 77 15 c0 00 00"
2025-10-25 13:21:57,55.68,0xff,0x96,0xff,0x77,0x15,0xc0,"ff 96 ff 77 15 c0 00 00"
2025-10-25 13:21:57,56.37,0xff,0x96,0xff,0x77,0x16,0x05,"ff 96 ff 77 16 05 00 00"
2025-10-25 13:21:57,56.37,0xff,0x96,0xff,0x77,0x16,0x05,"ff 96 ff 77 16 05 00 00"
2025-10-25 13:21:57,56.37,0xff,0x96,0xff,0x77,0x16,0x05,"ff 96 ff 77 16 05 00 00"
2025-10-25 13:21:58,57.31,0xff,0x96,0xff,0x77,0x16,0x63,"ff 96 ff 77 16 63 00 00"
2025-10-25 13:21:58,57.31,0xff,0x96,0xff,0x77,0x16,0x63,"ff 96 ff 77 16 63 00 00"
2025-10-25 13:21:58,58.12,0xff,0x96,0xff,0x77,0x16,0xb4,"ff 96 ff 77 16 b4 00 00"
2025-10-25 13:21:58,58.12,0xff,0x96,0xff,0x77,0x16,0xb4,"ff 96 ff 77 16 b4 00 00"
2025-10-25 13:21:58,58.12,0xff,0x96,0xff,0x77,0x16,0xb4,"ff 96 ff 77 16 b4 00 00"
2025-10-25 13:21:58,58.25,0xff,0xbc,0xff,0x64,0x16,0xc1,"ff bc ff 64 16 c1 00 00"
2025-10-25 13:21:58,58.25,0xff,0xbc,0xff,0x64,0x16,0xc1,"ff bc ff 64 16 c1 00 00"
2025-10-25 13:21:58,58.25,0xff,0xbc,0xff,0x64,0x16,0xc1,"ff bc ff 64 16 c1 00 00"
2025-10-25 13:21:58,58.5,0xff,0xce,0xff,0x77,0x16,0xda,"ff ce ff 77 16 da 00 00"
2025-10-25 13:21:58,58.5,0xff,0xce,0xff,0x77,0x16,0xda,"ff ce ff 77 16 da 00 00"
2025-10-25 13:21:58,58.25,0xff,0xb5,0xff,0x83,0x16,0xc1,"ff b5 ff 83 16 c1 00 00"
2025-10-25 13:21:58,58.25,0xff,0xb5,0xff,0x83,0x16,0xc1,"ff b5 ff 83 16 c1 00 00"
2025-10-25 13:21:58,58.25,0xff,0xb5,0xff,0x83,0x16,0xc1,"ff b5 ff 83 16 c1 00 00"
2025-10-25 13:21:58,58.25,0xff,0xa3,0xff,0x8a,0x16,0xc1,"ff a3 ff 8a 16 c1 00 00"
2025-10-25 13:21:58,58.25,0xff,0xa3,0xff,0x8a,0x16,0xc1,"ff a3 ff 8a 16 c1 00 00"
2025-10-25 13:21:58,59.31,0xff,0xb5,0xff,0x7d,0x17,0x2b,"ff b5 ff 7d 17 2b 00 00"
2025-10-25 13:21:58,59.31,0xff,0xb5,0xff,0x7d,0x17,0x2b,"ff b5 ff 7d 17 2b 00 00"
2025-10-25 13:21:58,59.31,0xff,0xb5,0xff,0x7d,0x17,0x2b,"ff b5 ff 7d 17 2b 00 00"
2025-10-25 13:21:58,60.43,0xff,0xa3,0xff,0x6a,0x17,0x9b,"ff a3 ff 6a 17 9b 00 00"
2025-10-25 13:21:58,60.43,0xff,0xa3,0xff,0x6a,0x17,0x9b,"ff a3 ff 6a 17 9b 00 00"
2025-10-25 13:21:58,60.43,0xff,0xa3,0xff,0x6a,0x17,0x9b,"ff a3 ff 6a 17 9b 00 00"
2025-10-25 13:21:58,61.68,0xff,0xa3,0xff,0x6a,0x18,0x18,"ff a3 ff 6a 18 18 00 00"
2025-10-25 13:21:58,61.68,0xff,0xa3,0xff,0x6a,0x18,0x18,"ff a3 ff 6a 18 18 00 00"
2025-10-25 13:21:58,62.12,0xff,0xa3,0xff,0x6a,0x18,0x44,"ff a3 ff 6a 18 44 00 00"
2025-10-25 13:21:58,62.12,0xff,0xa3,0xff,0x6a,0x18,0x44,"ff a3 ff 6a 18 44 00 00"
2025-10-25 13:21:58,62.12,0xff,0xa3,0xff,0x6a,0x18,0x44,"ff a3 ff 6a 18 44 00 00"
2025-10-25 13:21:58,62.68,0xff,0xa3,0xff,0x6a,0x18,0x7c,"ff a3 ff 6a 18 7c 00 00"
2025-10-25 13:21:58,62.68,0xff,0xa3,0xff,0x6a,0x18,0x7c,"ff a3 ff 6a 18 7c 00 00"
2025-10-25 13:21:58,62.68,0xff,0xa3,0xff,0x6a,0x18,0x7c,"ff a3 ff 6a 18 7c 00 00"
2025-10-25 13:21:58,63.68,0xff,0xa3,0xff,0x6a,0x18,0xe0,"ff a3 ff 6a 18 e0 00 00"
2025-10-25 13:21:58,63.68,0xff,0xa3,0xff,0x6a,0x18,0xe0,"ff a3 ff 6a 18 e0 00 00"
2025-10-25 13:21:58,63.81,0xff,0x7d,0xff,0x8a,0x18,0xed,"ff 7d ff 8a 18 ed 00 00"
2025-10-25 13:21:58,63.81,0xff,0x7d,0xff,0x8a,0x18,0xed,"ff 7d ff 8a 18 ed 00 00"
2025-10-25 13:21:58,63.81,0xff,0x7d,0xff,0x8a,0x18,0xed,"ff 7d ff 8a 18 ed 00 00"
2025-10-25 13:21:58,64.25,0xff,0x64,0xff,0x8a,0x19,0x19,"ff 64 ff 8a 19 19 00 00"
2025-10-25 13:21:58,64.25,0xff,0x64,0xff,0x8a,0x19,0x19,"ff 64 ff 8a 19 19 00 00"
2025-10-25 13:21:58,64.56,0xff,0xa3,0xff,0x8a,0x19,0x38,"ff a3 ff 8a 19 38 00 00"
2025-10-25 13:21:58,64.56,0xff,0xa3,0xff,0x8a,0x19,0x38,"ff a3 ff 8a 19 38 00 00"
2025-10-25 13:21:58,64.56,0xff,0xa3,0xff,0x8a,0x19,0x38,"ff a3 ff 8a 19 38 00 00"
2025-10-25 13:21:58,64.25,0xff,0xa9,0xff,0xaf,0x19,0x19,"ff a9 ff af 19 19 00 00"
2025-10-25 13:21:58,64.25,0xff,0xa9,0xff,0xaf,0x19,0x19,"ff a9 ff af 19 19 00 00"
2025-10-25 13:21:58,64.25,0xff,0xa9,0xff,0xaf,0x19,0x19,"ff a9 ff af 19 19 00 00"
2025-10-25 13:21:58,64.68,0xff,0x90,0xff,0x9c,0x19,0x44,"ff 90 ff 9c 19 44 00 00"
2025-10-25 13:21:58,64.68,0xff,0x90,0xff,0x9c,0x19,0x44,"ff 90 ff 9c 19 44 00 00"
2025-10-25 13:21:58,64.68,0xff,0x90,0xff,0x9c,0x19,0x44,"ff 90 ff 9c 19 44 00 00"
2025-10-25 13:21:58,64.68,0xff,0x9c,0xff,0x96,0x19,0x44,"ff 9c ff 96 19 44 00 00"
2025-10-25 13:21:58,64.68,0xff,0x9c,0xff,0x96,0x19,0x44,"ff 9c ff 96 19 44 00 00"
2025-10-25 13:21:58,64.68,0xff,0x90,0xff,0x9c,0x19,0x44,"ff 90 ff 9c 19 44 00 00"
2025-10-25 13:21:58,64.68,0xff,0x90,0xff,0x9c,0x19,0x44,"ff 90 ff 9c 19 44 00 00"
2025-10-25 13:21:58,65.75,0xff,0xaf,0xff,0xa3,0x19,0xaf,"ff af ff a3 19 af 00 00"
2025-10-25 13:21:58,65.75,0xff,0xaf,0xff,0xa3,0x19,0xaf,"ff af ff a3 19 af 00 00"
2025-10-25 13:21:58,65.75,0xff,0xaf,0xff,0xa3,0x19,0xaf,"ff af ff a3 19 af 00 00"
2025-10-25 13:21:59,67.25,0xff,0xc8,0xff,0x77,0x1a,0x45,"ff c8 ff 77 1a 45 00 00"
2025-10-25 13:21:59,67.25,0xff,0xc8,0xff,0x77,0x1a,0x45,"ff c8 ff 77 1a 45 00 00"
2025-10-25 13:21:59,67.25,0xff,0xc8,0xff,0x77,0x1a,0x45,"ff c8 ff 77 1a 45 00 00"
2025-10-25 13:21:59,67.87,0xff,0xc8,0xff,0x77,0x1a,0x83,"ff c8 ff 77 1a 83 00 00"
2025-10-25 13:21:59,67.87,0xff,0xc8,0xff,0x77,0x1a,0x83,"ff c8 ff 77 1a 83 00 00"
2025-10-25 13:21:59,68.18,0xff,0xa9,0xff,0x6a,0x1a,0xa2,"ff a9 ff 6a 1a a2 00 00"
2025-10-25 13:21:59,68.18,0xff,0xa9,0xff,0x6a,0x1a,0xa2,"ff a9 ff 6a 1a a2 00 00"
2025-10-25 13:21:59,68.18,0xff,0xa9,0xff,0x6a,0x1a,0xa2,"ff a9 ff 6a 1a a2 00 00"
2025-10-25 13:21:59,68.56,0xff,0xb5,0xff,0x64,0x1a,0xc8,"ff b5 ff 64 1a c8 00 00"
2025-10-25 13:21:59,68.56,0xff,0xb5,0xff,0x64,0x1a,0xc8,"ff b5 ff 64 1a c8 00 00"
2025-10-25 13:21:59,69.43,0xff,0xa3,0xff,0x6a,0x1b,0x1f,"ff a3 ff 6a 1b 1f 00 00"
2025-10-25 13:21:59,69.43,0xff,0xa3,0xff,0x6a,0x1b,0x1f,"ff a3 ff 6a 1b 1f 00 00"
2025-10-25 13:21:59,69.43,0xff,0xa3,0xff,0x6a,0x1b,0x1f,"ff a3 ff 6a 1b 1f 00 00"
2025-10-25 13:21:59,70.06,0xff,0x83,0xff,0x6a,0x1b,0x5e,"ff 83 ff 6a 1b 5e 00 00"
2025-10-25 13:21:59,70.06,0xff,0x83,0xff,0x6a,0x1b,0x5e,"ff 83 ff 6a 1b 5e 00 00"
2025-10-25 13:21:59,70.06,0xff,0x83,0xff,0x6a,0x1b,0x5e,"ff 83 ff 6a 1b 5e 00 00"
2025-10-25 13:21:59,70.37,0xff,0x7d,0xff,0x51,0x1b,0x7d,"ff 7d ff 51 1b 7d 00 00"
2025-10-25 13:21:59,70.37,0xff,0x7d,0xff,0x51,0x1b,0x7d,"ff 7d ff 51 1b 7d 00 00"
2025-10-25 13:21:59,70.37,0xff,0x96,0xff,0x5e,0x1b,0x7d,"ff 96 ff 5e 1b 7d 00 00"
2025-10-25 13:21:59,70.37,0xff,0x96,0xff,0x5e,0x1b,0x7d,"ff 96 ff 5e 1b 7d 00 00"
2025-10-25 13:21:59,70.37,0xff,0x96,0xff,0x5e,0x1b,0x7d,"ff 96 ff 5e 1b 7d 00 00"
2025-10-25 13:21:59,71.43,0xff,0xbc,0xff,0x64,0x1b,0xe7,"ff bc ff 64 1b e7 00 00"
2025-10-25 13:21:59,71.43,0xff,0xbc,0xff,0x64,0x1b,0xe7,"ff bc ff 64 1b e7 00 00"
2025-10-25 13:21:59,71.43,0xff,0xbc,0xff,0x64,0x1b,0xe7,"ff bc ff 64 1b e7 00 00"
2025-10-25 13:21:59,72.06,0xff,0xbc,0xff,0x7d,0x1c,0x26,"ff bc ff 7d 1c 26 00 00"
2025-10-25 13:21:59,72.81,0xff,0x96,0xff,0x96,0x1c,0x71,"ff 96 ff 96 1c 71 00 00"
2025-10-25 13:21:59,72.81,0xff,0x96,0xff,0x96,0x1c,0x71,"ff 96 ff 96 1c 71 00 00"
2025-10-25 13:21:59,72.81,0xff,0x96,0xff,0x96,0x1c,0x71,"ff 96 ff 96 1c 71 00 00"
2025-10-25 13:21:59,73.43,0xff,0x96,0xff,0x96,0x1c,0xaf,"ff 96 ff 96 1c af 00 00"
2025-10-25 13:21:59,73.43,0xff,0x96,0xff,0x96,0x1c,0xaf,"ff 96 ff 96 1c af 00 00"
2025-10-25 13:21:59,74,0xff,0xa9,0xff,0x51,0x1c,0xe8,"ff a9 ff 51 1c e8 00 00"
2025-10-25 13:21:59,74,0xff,0xa9,0xff,0x51,0x1c,0xe8,"ff a9 ff 51 1c e8 00 00"
2025-10-25 13:21:59,74,0xff,0xa9,0xff,0x51,0x1c,0xe8,"ff a9 ff 51 1c e8 00 00"
2025-10-25 13:21:59,75,0xff,0xbc,0xff,0x4b,0x1d,0x4c,"ff bc ff 4b 1d 4c 00 00"
2025-10-25 13:21:59,75,0xff,0xbc,0xff,0x4b,0x1d,0x4c,"ff bc ff 4b 1d 4c 00 00"
2025-10-25 13:21:59,75,0xff,0xbc,0xff,0x4b,0x1d,0x4c,"ff bc ff 4b 1d 4c 00 00"
2025-10-25 13:21:59,75.31,0xff,0xa9,0xff,0x51,0x1d,0x6b,"ff a9 ff 51 1d 6b 00 00"
2025-10-25 13:21:59,75.31,0xff,0xa9,0xff,0x51,0x1d,0x6b,"ff a9 ff 51 1d 6b 00 00"
2025-10-25 13:21:59,75.12,0xff,0x9c,0xff,0x90,0x1d,0x58,"ff 9c ff 90 1d 58 00 00"
2025-10-25 13:21:59,75.12,0xff,0x9c,0xff,0x90,0x1d,0x58,"ff 9c ff 90 1d 58 00 00"
2025-10-25 13:21:59,75.12,0xff,0x9c,0xff,0x90,0x1d,0x58,"ff 9c ff 90 1d 58 00 00"
2025-10-25 13:21:59,76,0xff,0xa3,0xff,0xaf,0x1d,0xb0,"ff a3 ff af 1d b0 00 00"
2025-10-25 13:21:59,76,0xff,0xa3,0xff,0xaf,0x1d,0xb0,"ff a3 ff af 1d b0 00 00"
2025-10-25 13:21:59,76.37,0xff,0xa9,0xff,0xaf,0x1d,0xd5,"ff a9 ff af 1d d5 00 00"
2025-10-25 13:21:59,76.37,0xff,0xa9,0xff,0xaf,0x1d,0xd5,"ff a9 ff af 1d d5 00 00"
2025-10-25 13:21:59,76.37,0xff,0xa9,0xff,0xaf,0x1d,0xd5,"ff a9 ff af 1d d5 00 00"
2025-10-25 13:21:59,76.9,0xff,0x9c,0xff,0x90,0x1e,0x0a,"ff 9c ff 90 1e 0a 00 00"
2025-10-25 13:21:59,76.9,0xff,0x9c,0xff,0x90,0x1e,0x0a,"ff 9c ff 90 1e 0a 00 00"
2025-10-25 13:21:59,76.9,0xff,0x9c,0xff,0x90,0x1e,0x0a,"ff 9c ff 90 1e 0a 00 00"
2025-10-25 13:21:59,77.93,0xff,0x8a,0xff,0x7d,0x1e,0x71,"ff 8a ff 7d 1e 71 00 00"
2025-10-25 13:21:59,77.93,0xff,0x8a,0xff,0x7d,0x1e,0x71,"ff 8a ff 7d 1e 71 00 00"
2025-10-25 13:22:00,78.56,0xff,0x90,0xff,0x7d,0x1e,0xb0,"ff 90 ff 7d 1e b0 00 00"
2025-10-25 13:22:00,78.56,0xff,0x90,0xff,0x7d,0x1e,0xb0,"ff 90 ff 7d 1e b0 00 00"
2025-10-25 13:22:00,78.56,0xff,0x90,0xff,0x7d,0x1e,0xb0,"ff 90 ff 7d 1e b0 00 00"
2025-10-25 13:22:00,79.56,0xff,0x9c,0xff,0x90,0x1f,0x14,"ff 9c ff 90 1f 14 00 00"
2025-10-25 13:22:00,79.56,0xff,0x9c,0xff,0x90,0x1f,0x14,"ff 9c ff 90 1f 14 00 00"
2025-10-25 13:22:00,80.18,0xff,0x9c,0xff,0x90,0x1f,0x52,"ff 9c ff 90 1f 52 00 00"
2025-10-25 13:22:00,80.18,0xff,0x9c,0xff,0x90,0x1f,0x52,"ff 9c ff 90 1f 52 00 00"
2025-10-25 13:22:00,80.18,0xff,0x9c,0xff,0x90,0x1f,0x52,"ff 9c ff 90 1f 52 00 00"
2025-10-25 13:22:00,80.18,0xff,0x9c,0xff,0x90,0x1f,0x52,"ff 9c ff 90 1f 52 00 00"
2025-10-25 13:22:00,80.18,0xff,0x9c,0xff,0x90,0x1f,0x52,"ff 9c ff 90 1f 52 00 00"
2025-10-25 13:22:00,80.18,0xff,0x9c,0xff,0x90,0x1f,0x52,"ff 9c ff 90 1f 52 00 00"
2025-10-25 13:22:00,80.18,0xff,0x9c,0xff,0x90,0x1f,0x52,"ff 9c ff 90 1f 52 00 00"
2025-10-25 13:22:00,80.18,0xff,0x9c,0xff,0x90,0x1f,0x52,"ff 9c ff 90 1f 52 00 00"
2025-10-25 13:22:00,80.25,0xff,0x5e,0xff,0x90,0x1f,0x59,"ff 5e ff 90 1f 59 00 00"
2025-10-25 13:22:00,80.25,0xff,0x5e,0xff,0x90,0x1f,0x59,"ff 5e ff 90 1f 59 00 00"
2025-10-25 13:22:00,80.25,0xff,0x5e,0xff,0x90,0x1f,0x59,"ff 5e ff 90 1f 59 00 00"
2025-10-25 13:22:00,81.31,0xff,0x38,0xff,0xaf,0x1f,0xc3,"ff 38 ff af 1f c3 00 00"
2025-10-25 13:22:00,81.31,0xff,0x38,0xff,0xaf,0x1f,0xc3,"ff 38 ff af 1f c3 00 00"
2025-10-25 13:22:00,82.25,0xff,0x7d,0xff,0xbc,0x20,0x21,"ff 7d ff bc 20 21 00 00"
2025-10-25 13:22:00,82.25,0xff,0x7d,0xff,0xbc,0x20,0x21,"ff 7d ff bc 20 21 00 00"
2025-10-25 13:22:00,82.25,0xff,0x7d,0xff,0xbc,0x20,0x21,"ff 7d ff bc 20 21 00 00"
2025-10-25 13:22:00,83.56,0xff,0xd5,0xff,0xb5,0x20,0xa4,"ff d5 ff b5 20 a4 00 00"
2025-10-25 13:22:00,83.56,0xff,0xd5,0xff,0xb5,0x20,0xa4,"ff d5 ff b5 20 a4 00 00"
2025-10-25 13:22:00,84.37,0xff,0xdb,0xff,0x90,0x20,0xf5,"ff db ff 90 20 f5 00 00"
2025-10-25 13:22:00,84.37,0xff,0xdb,0xff,0x90,0x20,0xf5,"ff db ff 90 20 f5 00 00"
2025-10-25 13:22:00,85.5,0xff,0xbc,0xff,0x7d,0x21,0x66,"ff bc ff 7d 21 66 00 00"
2025-10-25 13:22:00,85.5,0xff,0xbc,0xff,0x7d,0x21,0x66,"ff bc ff 7d 21 66 00 00"
2025-10-25 13:22:00,85.5,0xff,0xbc,0xff,0x7d,0x21,0x66,"ff bc ff 7d 21 66 00 00"
2025-10-25 13:22:00,85.87,0xff,0xaf,0xff,0x83,0x21,0x8b,"ff af ff 83 21 8b 00 00"
2025-10-25 13:22:00,85.87,0xff,0xaf,0xff,0x83,0x21,0x8b,"ff af ff 83 21 8b 00 00"
2025-10-25 13:22:00,86.18,0xff,0xaf,0xff,0x83,0x21,0xaa,"ff af ff 83 21 aa 00 00"
2025-10-25 13:22:00,86.18,0xff,0xaf,0xff,0x83,0x21,0xaa,"ff af ff 83 21 aa 00 00"
2025-10-25 13:22:00,86.18,0xff,0xaf,0xff,0x83,0x21,0xaa,"ff af ff 83 21 aa 00 00"
2025-10-25 13:22:00,86.93,0xff,0xaf,0xff,0x83,0x21,0xf5,"ff af ff 83 21 f5 00 00"
2025-10-25 13:22:00,86.93,0xff,0xaf,0xff,0x83,0x21,0xf5,"ff af ff 83 21 f5 00 00"
2025-10-25 13:22:00,86.93,0xff,0xaf,0xff,0x83,0x21,0xf5,"ff af ff 83 21 f5 00 00"
2025-10-25 13:22:00,87.62,0xff,0xaf,0xff,0x64,0x22,0x3a,"ff af ff 64 22 3a 00 00"
2025-10-25 13:22:00,87.62,0xff,0xaf,0xff,0x64,0x22,0x3a,"ff af ff 64 22 3a 00 00"
2025-10-25 13:22:00,87.62,0xff,0xaf,0xff,0x51,0x22,0x3a,"ff af ff 51 22 3a 00 00"
2025-10-25 13:22:00,87.62,0xff,0xaf,0xff,0x51,0x22,0x3a,"ff af ff 51 22 3a 00 00"
2025-10-25 13:22:00,87.62,0xff,0xaf,0xff,0x51,0x22,0x3a,"ff af ff 51 22 3a 00 00"
2025-10-25 13:22:00,89.18,0xff,0x9c,0xff,0x58,0x22,0xd6,"ff 9c ff 58 22 d6 00 00"
2025-10-25 13:22:00,89.18,0xff,0x9c,0xff,0x58,0x22,0xd6,"ff 9c ff 58 22 d6 00 00"
2025-10-25 13:22:00,89.18,0xff,0x9c,0xff,0x58,0x22,0xd6,"ff 9c ff 58 22 d6 00 00"
2025-10-25 13:22:00,89.56,0xff,0xaf,0xff,0x64,0x22,0xfc,"ff af ff 64 22 fc 00 00"
2025-10-25 13:22:00,89.56,0xff,0xaf,0xff,0x64,0x22,0xfc,"ff af ff 64 22 fc 00 00"
2025-10-25 13:22:00,90.37,0xff,0xb5,0xff,0x7d,0x23,0x4d,"ff b5 ff 7d 23 4d 00 00"
2025-10-25 13:22:00,90.37,0xff,0xb5,0xff,0x7d,0x23,0x4d,"ff b5 ff 7d 23 4d 00 00"
2025-10-25 13:22:00,90.37,0xff,0xb5,0xff,0x7d,0x23,0x4d,"ff b5 ff 7d 23 4d 00 00"
2025-10-25 13:22:00,91.12,0xff,0x90,0xff,0x9c,0x23,0x98,"ff 90 ff 9c 23 98 00 00"
2025-10-25 13:22:00,91.12,0xff,0x90,0xff,0x9c,0x23,0x98,"ff 90 ff 9c 23 98 00 00"
2025-10-25 13:22:01,92.31,0xff,0x96,0xff,0x96,0x24,0x0f,"ff 96 ff 96 24 0f 00 00"
2025-10-25 13:22:01,92.31,0xff,0x96,0xff,0x96,0x24,0x0f,"ff 96 ff 96 24 0f 00 00"
2025-10-25 13:22:01,92.31,0xff,0x96,0xff,0x96,0x24,0x0f,"ff 96 ff 96 24 0f 00 00"
2025-10-25 13:22:01,93.56,0xff,0xb5,0xff,0x64,0x24,0x8c,"ff b5 ff 64 24 8c 00 00"
2025-10-25 13:22:01,93.56,0xff,0xb5,0xff,0x64,0x24,0x8c,"ff b5 ff 64 24 8c 00 00"
2025-10-25 13:22:01,93.93,0xff,0xc2,0xff,0x5e,0x24,0xb1,"ff c2 ff 5e 24 b1 00 00"
2025-10-25 13:22:01,93.93,0xff,0xc2,0xff,0x5e,0x24,0xb1,"ff c2 ff 5e 24 b1 00 00"
2025-10-25 13:22:01,93.93,0xff,0xc2,0xff,0x5e,0x24,0xb1,"ff c2 ff 5e 24 b1 00 00"
2025-10-25 13:22:01,93.93,0xff,0xc8,0xff,0x77,0x24,0xb1,"ff c8 ff 77 24 b1 00 00"
2025-10-25 13:22:01,93.93,0xff,0xc8,0xff,0x77,0x24,0xb1,"ff c8 ff 77 24 b1 00 00"
2025-10-25 13:22:01,93.93,0xff,0xc8,0xff,0x77,0x24,0xb1,"ff c8 ff 77 24 b1 00 00"
2025-10-25 13:22:01,93.56,0xff,0xbc,0xff,0x9c,0x24,0x8c,"ff bc ff 9c 24 8c 00 00"
2025-10-25 13:22:01,93.56,0xff,0xbc,0xff,0x9c,0x24,0x8c,"ff bc ff 9c 24 8c 00 00"
2025-10-25 13:22:01,95.18,0xff,0x83,0xff,0x8a,0x25,0x2e,"ff 83 ff 8a 25 2e 00 00"
2025-10-25 13:22:01,95.18,0xff,0x83,0xff,0x8a,0x25,0x2e,"ff 83 ff 8a 25 2e 00 00"
2025-10-25 13:22:01,95.18,0xff,0x83,0xff,0x8a,0x25,0x2e,"ff 83 ff 8a 25 2e 00 00"
2025-10-25 13:22:01,96.06,0xff,0x77,0xff,0x90,0x25,0x86,"ff 77 ff 90 25 86 00 00"
2025-10-25 13:22:01,96.06,0xff,0x77,0xff,0x90,0x25,0x86,"ff 77 ff 90 25 86 00 00"
2025-10-25 13:22:01,96.06,0xff,0x77,0xff,0x90,0x25,0x86,"ff 77 ff 90 25 86 00 00"
2025-10-25 13:22:01,96.93,0xff,0x90,0xff,0x7d,0x25,0xdd,"ff 90 ff 7d 25 dd 00 00"
2025-10-25 13:22:01,96.93,0xff,0x90,0xff,0x7d,0x25,0xdd,"ff 90 ff 7d 25 dd 00 00"
2025-10-25 13:22:01,97.87,0xff,0xaf,0xff,0x83,0x26,0x3b,"ff af ff 83 26 3b 00 00"
2025-10-25 13:22:01,97.87,0xff,0xaf,0xff,0x83,0x26,0x3b,"ff af ff 83 26 3b 00 00"
2025-10-25 13:22:01,97.87,0xff,0xaf,0xff,0x83,0x26,0x3b,"ff af ff 83 26 3b 00 00"
2025-10-25 13:22:01,98.25,0xff,0x90,0xff,0x9c,0x26,0x61,"ff 90 ff 9c 26 61 00 00"
2025-10-25 13:22:01,98.25,0xff,0x90,0xff,0x9c,0x26,0x61,"ff 90 ff 9c 26 61 00 00"
2025-10-25 13:22:01,99.06,0xff,0x6a,0xff,0xa3,0x26,0xb2,"ff 6a ff a3 26 b2 00 00"
2025-10-25 13:22:01,99.06,0xff,0x6a,0xff,0xa3,0x26,0xb2,"ff 6a ff a3 26 b2 00 00"
2025-10-25 13:22:01,99.06,0xff,0x6a,0xff,0xa3,0x26,0xb2,"ff 6a ff a3 26 b2 00 00"
2025-10-25 13:22:01,99.62,0xff,0x77,0xff,0xc2,0x26,0xea,"ff 77 ff c2 26 ea 00 00"
2025-10-25 13:22:01,99.62,0xff,0x77,0xff,0xc2,0x26,0xea,"ff 77 ff c2 26 ea 00 00"
2025-10-25 13:22:01,99.62,0xff,0x77,0xff,0xc2,0x26,0xea,"ff 77 ff c2 26 ea 00 00"
2025-10-25 13:22:01,100.12,0xff,0xb5,0xff,0x9c,0x27,0x1c,"ff b5 ff 9c 27 1c 00 00"
2025-10-25 13:22:01,100.12,0xff,0xb5,0xff,0x9c,0x27,0x1c,"ff b5 ff 9c 27 1c 00 00"
2025-10-25 13:22:01,99.75,0xff,0xe1,0xff,0xaf,0x26,0xf7,"ff e1 ff af 26 f7 00 00"
2025-10-25 13:22:01,99.75,0xff,0xe1,0xff,0xaf,0x26,0xf7,"ff e1 ff af 26 f7 00 00"
2025-10-25 13:22:01,99.75,0xff,0xe1,0xff,0xaf,0x26,0xf7,"ff e1 ff af 26 f7 00 00"
2025-10-25 13:22:01,99.62,0xff,0x96,0xff,0xc2,0x26,0xea,"ff 96 ff c2 26 ea 00 00"
2025-10-25 13:22:01,99.62,0xff,0x96,0xff,0xc2,0x26,0xea,"ff 96 ff c2 26 ea 00 00"
2025-10-25 13:22:01,99.62,0xff,0x96,0xff,0xc2,0x26,0xea,"ff 96 ff c2 26 ea 00 00"
2025-10-25 13:22:01,99.62,0xff,0x7d,0xff,0xbc,0x26,0xea,"ff 7d ff bc 26 ea 00 00"
2025-10-25 13:22:01,99.62,0xff,0x7d,0xff,0xbc,0x26,0xea,"ff 7d ff bc 26 ea 00 00"
2025-10-25 13:22:01,99.62,0xff,0x83,0xff,0xa9,0x26,0xea,"ff 83 ff a9 26 ea 00 00"
2025-10-25 13:22:01,99.62,0xff,0x83,0xff,0xa9,0x26,0xea,"ff 83 ff a9 26 ea 00 00"
2025-10-25 13:22:01,101.62,0xff,0x8a,0xff,0xa3,0x27,0xb2,"ff 8a ff a3 27 b2 00 00"
2025-10-25 13:22:01,101.62,0xff,0x8a,0xff,0xa3,0x27,0xb2,"ff 8a ff a3 27 b2 00 00"
2025-10-25 13:22:01,101.62,0xff,0x8a,0xff,0xa3,0x27,0xb2,"ff 8a ff a3 27 b2 00 00"
2025-10-25 13:22:01,102.93,0xff,0x90,0xff,0x77,0x28,0x35,"ff 90 ff 77 28 35 00 00"
2025-10-25 13:22:01,102.93,0xff,0x90,0xff,0x77,0x28,0x35,"ff 90 ff 77 28 35 00 00"
2025-10-25 13:22:01,102.93,0xff,0x90,0xff,0x77,0x28,0x35,"ff 90 ff 77 28 35 00 00"
2025-10-25 13:22:01,103.56,0xff,0xa3,0xff,0x58,0x28,0x74,"ff a3 ff 58 28 74 00 00"
2025-10-25 13:22:01,103.56,0xff,0xa3,0xff,0x58,0x28,0x74,"ff a3 ff 58 28 74 00 00"
2025-10-25 13:22:02,104.56,0xff,0xa3,0xff,0x3f,0x28,0xd8,"ff a3 ff 3f 28 d8 00 00"
2025-10-25 13:22:02,104.56,0xff,0xa3,0xff,0x3f,0x28,0xd8,"ff a3 ff 3f 28 d8 00 00"
2025-10-25 13:22:02,104.56,0xff,0xa3,0xff,0x3f,0x28,0xd8,"ff a3 ff 3f 28 d8 00 00"
2025-10-25 13:22:02,104.75,0xff,0xaf,0xff,0x51,0x28,0xeb,"ff af ff 51 28 eb 00 00"
2025-10-25 13:22:02,104.75,0xff,0xaf,0xff,0x51,0x28,0xeb,"ff af ff 51 28 eb 00 00"
2025-10-25 13:22:02,104.75,0xff,0xaf,0xff,0x51,0x28,0xeb,"ff af ff 51 28 eb 00 00"
2025-10-25 13:22:02,105.18,0xff,0xce,0xff,0x71,0x29,0x16,"ff ce ff 71 29 16 00 00"
2025-10-25 13:22:02,105.18,0xff,0xce,0xff,0x71,0x29,0x16,"ff ce ff 71 29 16 00 00"
2025-10-25 13:22:02,105.75,0xff,0xc8,0xff,0x96,0x29,0x4f,"ff c8 ff 96 29 4f 00 00"
2025-10-25 13:22:02,105.75,0xff,0xc8,0xff,0x96,0x29,0x4f,"ff c8 ff 96 29 4f 00 00"
2025-10-25 13:22:02,105.75,0xff,0xc8,0xff,0x96,0x29,0x4f,"ff c8 ff 96 29 4f 00 00"
2025-10-25 13:22:02,106.18,0xff,0xaf,0xff,0x64,0x29,0x7a,"ff af ff 64 29 7a 00 00"
2025-10-25 13:22:02,106.18,0xff,0xaf,0xff,0x64,0x29,0x7a,"ff af ff 64 29 7a 00 00"
2025-10-25 13:22:02,106.06,0xff,0xa3,0xff,0x51,0x29,0x6e,"ff a3 ff 51 29 6e 00 00"
2025-10-25 13:22:02,106.06,0xff,0xa3,0xff,0x51,0x29,0x6e,"ff a3 ff 51 29 6e 00 00"
2025-10-25 13:22:02,106.06,0xff,0xa3,0xff,0x51,0x29,0x6e,"ff a3 ff 51 29 6e 00 00"
2025-10-25 13:22:02,106.56,0xff,0xa9,0xff,0x3f,0x29,0xa0,"ff a9 ff 3f 29 a0 00 00"
2025-10-25 13:22:02,106.56,0xff,0xa9,0xff,0x3f,0x29,0xa0,"ff a9 ff 3f 29 a0 00 00"
2025-10-25 13:22:02,106.56,0xff,0xbc,0xff,0x4b,0x29,0xa0,"ff bc ff 4b 29 a0 00 00"
2025-10-25 13:22:02,106.56,0xff,0xbc,0xff,0x4b,0x29,0xa0,"ff bc ff 4b 29 a0 00 00"
2025-10-25 13:22:02,106.56,0xff,0xbc,0xff,0x4b,0x29,0xa0,"ff bc ff 4b 29 a0 00 00"
2025-10-25 13:22:02,108.56,0xff,0xbc,0xff,0x4b,0x2a,0x68,"ff bc ff 4b 2a 68 00 00"
2025-10-25 13:22:02,108.56,0xff,0xbc,0xff,0x4b,0x2a,0x68,"ff bc ff 4b 2a 68 00 00"
2025-10-25 13:22:02,108.56,0xff,0xbc,0xff,0x4b,0x2a,0x68,"ff bc ff 4b 2a 68 00 00"
2025-10-25 13:22:02,109.37,0xff,0xaf,0xff,0x64,0x2a,0xb9,"ff af ff 64 2a b9 00 00"
2025-10-25 13:22:02,109.37,0xff,0xaf,0xff,0x64,0x2a,0xb9,"ff af ff 64 2a b9 00 00"
2025-10-25 13:22:02,109.37,0xff,0xaf,0xff,0x64,0x2a,0xb9,"ff af ff 64 2a b9 00 00"
2025-10-25 13:22:02,110.43,0xff,0x90,0xff,0x5e,0x2b,0x23,"ff 90 ff 5e 2b 23 00 00"
2025-10-25 13:22:02,110.43,0xff,0x90,0xff,0x5e,0x2b,0x23,"ff 90 ff 5e 2b 23 00 00"
2025-10-25 13:22:02,111.43,0xff,0x90,0xff,0x5e,0x2b,0x87,"ff 90 ff 5e 2b 87 00 00"
2025-10-25 13:22:02,111.43,0xff,0x90,0xff,0x5e,0x2b,0x87,"ff 90 ff 5e 2b 87 00 00"
2025-10-25 13:22:02,111.43,0xff,0x90,0xff,0x5e,0x2b,0x87,"ff 90 ff 5e 2b 87 00 00"
2025-10-25 13:22:02,112.18,0xff,0xc8,0xff,0x58,0x2b,0xd2,"ff c8 ff 58 2b d2 00 00"
2025-10-25 13:22:02,112.18,0xff,0xc8,0xff,0x58,0x2b,0xd2,"ff c8 ff 58 2b d2 00 00"
2025-10-25 13:22:02,112.18,0xff,0xc8,0xff,0x58,0x2b,0xd2,"ff c8 ff 58 2b d2 00 00"
2025-10-25 13:22:02,112.81,0xff,0xc8,0xff,0x58,0x2c,0x11,"ff c8 ff 58 2c 11 00 00"
2025-10-25 13:22:02,112.81,0xff,0xc8,0xff,0x58,0x2c,0x11,"ff c8 ff 58 2c 11 00 00"
2025-10-25 13:22:02,113.25,0xff,0xa3,0xff,0x6a,0x2c,0x3d,"ff a3 ff 6a 2c 3d 00 00"
2025-10-25 13:22:02,113.25,0xff,0xa3,0xff,0x6a,0x2c,0x3d,"ff a3 ff 6a 2c 3d 00 00"
2025-10-25 13:22:02,113.25,0xff,0xa3,0xff,0x6a,0x2c,0x3d,"ff a3 ff 6a 2c 3d 00 00"
2025-10-25 13:22:02,112.18,0xff,0x64,0xff,0xa9,0x2b,0xd2,"ff 64 ff a9 2b d2 00 00"
2025-10-25 13:22:02,112.18,0xff,0x64,0xff,0xa9,0x2b,0xd2,"ff 64 ff a9 2b d2 00 00"
2025-10-25 13:22:02,112.37,0xff,0x90,0xff,0xce,0x2b,0xe5,"ff 90 ff ce 2b e5 00 00"
2025-10-25 13:22:02,112.37,0xff,0x90,0xff,0xce,0x2b,0xe5,"ff 90 ff ce 2b e5 00 00"
2025-10-25 13:22:02,112.37,0xff,0x90,0xff,0xce,0x2b,0xe5,"ff 90 ff ce 2b e5 00 00"
2025-10-25 13:22:02,113.93,0xff,0xe1,0xff,0xb5,0x2c,0x81,"ff e1 ff b5 2c 81 00 00"
2025-10-25 13:22:02,113.93,0xff,0xe1,0xff,0xb5,0x2c,0x81,"ff e1 ff b5 2c 81 00 00"
2025-10-25 13:22:02,115.43,0xff,0xb5,0xff,0x9c,0x2d,0x17,"ff b5 ff 9c 2d 17 00 00"
2025-10-25 13:22:02,115.43,0xff,0xb5,0xff,0x9c,0x2d,0x17,"ff b5 ff 9c 2d 17 00 00"
2025-10-25 13:22:02,115.43,0xff,0xb5,0xff,0x9c,0x2d,0x17,"ff b5 ff 9c 2d 17 00 00"
2025-10-25 13:22:02,116.56,0xff,0x7d,0xff,0x8a,0x2d,0x88,"ff 7d ff 8a 2d 88 00 00"
2025-10-25 13:22:02,116.56,0xff,0x7d,0xff,0x8a,0x2d,0x88,"ff 7d ff 8a 2d 88 00 00"
2025-10-25 13:22:02,116.56,0xff,0x7d,0xff,0x8a,0x2d,0x88,"ff 7d ff 8a 2d 88 00 00"
2025-10-25 13:22:03,117,0xff,0x6a,0xff,0x83,0x2d,0xb4,"ff 6a ff 83 2d b4 00 00"
2025-10-25 13:22:03,117,0xff,0x6a,0xff,0x83,0x2d,0xb4,"ff 6a ff 83 2d b4 00 00"
2025-10-25 13:22:03,117.62,0xff,0x8a,0xff,0xa9,0x2d,0xf2,"ff 8a ff a9 2d f2 00 00"
2025-10-25 13:22:03,117.62,0xff,0x8a,0xff,0xa9,0x2d,0xf2,"ff 8a ff a9 2d f2 00 00"
2025-10-25 13:22:03,117.62,0xff,0x8a,0xff,0xa9,0x2d,0xf2,"ff 8a ff a9 2d f2 00 00"
2025-10-25 13:22:03,119.18,0xff,0xa3,0xff,0x8a,0x2e,0x8e,"ff a3 ff 8a 2e 8e 00 00"
2025-10-25 13:22:03,119.18,0xff,0xa3,0xff,0x8a,0x2e,0x8e,"ff a3 ff 8a 2e 8e 00 00"
2025-10-25 13:22:03,120.06,0xff,0xb5,0xff,0x7d,0x2e,0xe6,"ff b5 ff 7d 2e e6 00 00"
2025-10-25 13:22:03,120.06,0xff,0xb5,0xff,0x7d,0x2e,0xe6,"ff b5 ff 7d 2e e6 00 00"
2025-10-25 13:22:03,120.06,0xff,0xb5,0xff,0x7d,0x2e,0xe6,"ff b5 ff 7d 2e e6 00 00"
2025-10-25 13:22:03,120.5,0xff,0xc2,0xff,0x5e,0x2f,0x12,"ff c2 ff 5e 2f 12 00 00"
2025-10-25 13:22:03,120.5,0xff,0xc2,0xff,0x5e,0x2f,0x12,"ff c2 ff 5e 2f 12 00 00"
2025-10-25 13:22:03,120.5,0xff,0xc2,0xff,0x5e,0x2f,0x12,"ff c2 ff 5e 2f 12 00 00"
2025-10-25 13:22:03,120.5,0xff,0xc2,0xff,0x5e,0x2f,0x12,"ff c2 ff 5e 2f 12 00 00"
2025-10-25 13:22:03,120.5,0xff,0xc2,0xff,0x5e,0x2f,0x12,"ff c2 ff 5e 2f 12 00 00"
2025-10-25 13:22:03,120.5,0xff,0xc2,0xff,0x5e,0x2f,0x12,"ff c2 ff 5e 2f 12 00 00"
2025-10-25 13:22:03,120.5,0xff,0xc2,0xff,0x5e,0x2f,0x12,"ff c2 ff 5e 2f 12 00 00"
2025-10-25 13:22:03,120.5,0xff,0xc2,0xff,0x5e,0x2f,0x12,"ff c2 ff 5e 2f 12 00 00"
2025-10-25 13:22:03,120.06,0xff,0xbc,0xff,0x7d,0x2e,0xe6,"ff bc ff 7d 2e e6 00 00"
2025-10-25 13:22:03,120.06,0xff,0xbc,0xff,0x7d,0x2e,0xe6,"ff bc ff 7d 2e e6 00 00"
2025-10-25 13:22:03,120.06,0xff,0xbc,0xff,0x7d,0x2e,0xe6,"ff bc ff 7d 2e e6 00 00"
2025-10-25 13:22:03,119.81,0xff,0x90,0xff,0x9c,0x2e,0xcd,"ff 90 ff 9c 2e cd 00 00"
2025-10-25 13:22:03,119.81,0xff,0x90,0xff,0x9c,0x2e,0xcd,"ff 90 ff 9c 2e cd 00 00"
2025-10-25 13:22:03,122.12,0xff,0x96,0xff,0x96,0x2f,0xb4,"ff 96 ff 96 2f b4 00 00"
2025-10-25 13:22:03,122.12,0xff,0x96,0xff,0x96,0x2f,0xb4,"ff 96 ff 96 2f b4 00 00"
2025-10-25 13:22:03,122.12,0xff,0x96,0xff,0x96,0x2f,0xb4,"ff 96 ff 96 2f b4 00 00"
2025-10-25 13:22:03,123.81,0xff,0xc2,0xff,0x77,0x30,0x5d,"ff c2 ff 77 30 5d 00 00"
2025-10-25 13:22:03,123.81,0xff,0xc2,0xff,0x77,0x30,0x5d,"ff c2 ff 77 30 5d 00 00"
2025-10-25 13:22:03,124.81,0xff,0xbc,0xff,0x5e,0x30,0xc1,"ff bc ff 5e 30 c1 00 00"
2025-10-25 13:22:03,124.81,0xff,0xbc,0xff,0x5e,0x30,0xc1,"ff bc ff 5e 30 c1 00 00"
2025-10-25 13:22:03,124.81,0xff,0xbc,0xff,0x5e,0x30,0xc1,"ff bc ff 5e 30 c1 00 00"
2025-10-25 13:22:03,124.06,0xff,0x90,0xff,0x9c,0x30,0x76,"ff 90 ff 9c 30 76 00 00"
2025-10-25 13:22:03,124.06,0xff,0x90,0xff,0x9c,0x30,0x76,"ff 90 ff 9c 30 76 00 00"
2025-10-25 13:22:03,124.06,0xff,0x90,0xff,0x9c,0x30,0x76,"ff 90 ff 9c 30 76 00 00"
2025-10-25 13:22:03,124.68,0xff,0x83,0xff,0xa9,0x30,0xb4,"ff 83 ff a9 30 b4 00 00"
2025-10-25 13:22:03,124.68,0xff,0x83,0xff,0xa9,0x30,0xb4,"ff 83 ff a9 30 b4 00 00"
2025-10-25 13:22:03,126.12,0xff,0xaf,0xff,0xa9,0x31,0x44,"ff af ff a9 31 44 00 00"
2025-10-25 13:22:03,126.12,0xff,0xaf,0xff,0xa9,0x31,0x44,"ff af ff a9 31 44 00 00"
2025-10-25 13:22:03,126.12,0xff,0xaf,0xff,0xa9,0x31,0x44,"ff af ff a9 31 44 00 00"
2025-10-25 13:22:03,126.56,0xff,0xd5,0xff,0x90,0x31,0x70,"ff d5 ff 90 31 70 00 00"
2025-10-25 13:22:03,126.56,0xff,0xd5,0xff,0x90,0x31,0x70,"ff d5 ff 90 31 70 00 00"
2025-10-25 13:22:03,126.93,0xff,0xce,0xff,0x58,0x31,0x95,"ff ce ff 58 31 95 00 00"
2025-10-25 13:22:03,126.93,0xff,0xce,0xff,0x58,0x31,0x95,"ff ce ff 58 31 95 00 00"
2025-10-25 13:22:03,126.93,0xff,0xce,0xff,0x58,0x31,0x95,"ff ce ff 58 31 95 00 00"
2025-10-25 13:22:03,127.37,0xff,0xc8,0xff,0x32,0x31,0xc1,"ff c8 ff 32 31 c1 00 00"
2025-10-25 13:22:03,127.37,0xff,0xc8,0xff,0x32,0x31,0xc1,"ff c8 ff 32 31 c1 00 00"
2025-10-25 13:22:03,127.37,0xff,0xc8,0xff,0x32,0x31,0xc1,"ff c8 ff 32 31 c1 00 00"
2025-10-25 13:22:03,126.62,0xff,0xa3,0xff,0x51,0x31,0x76,"ff a3 ff 51 31 76 00 00"
2025-10-25 13:22:03,126.62,0xff,0xa3,0xff,0x51,0x31,0x76,"ff a3 ff 51 31 76 00 00"
2025-10-25 13:22:03,126.62,0xff,0x90,0xff,0x77,0x31,0x76,"ff 90 ff 77 31 76 00 00"
2025-10-25 13:22:03,126.62,0xff,0x90,0xff,0x77,0x31,0x76,"ff 90 ff 77 31 76 00 00"
2025-10-25 13:22:03,126.62,0xff,0x90,0xff,0x77,0x31,0x76,"ff 90 ff 77 31 76 00 00"
2025-10-25 13:22:04,126.93,0xff,0xa9,0xff,0x51,0x31,0x95,"ff a9 ff 51 31 95 00 00"
2025-10-25 13:22:04,126.93,0xff,0xa9,0xff,0x51,0x31,0x95,"ff a9 ff 51 31 95 00 00"
2025-10-25 13:22:04,127.37,0xff,0xbc,0xff,0x1f,0x31,0xc1,"ff bc ff 1f 31 c1 00 00"
2025-10-25 13:22:04,127.37,0xff,0xbc,0xff,0x1f,0x31,0xc1,"ff bc ff 1f 31 c1 00 00"
2025-10-25 13:22:04,127.37,0xff,0xbc,0xff,0x1f,0x31,0xc1,"ff bc ff 1f 31 c1 00 00"
2025-10-25 13:22:04,127.37,0xff,0xc8,0xff,0x1f,0x31,0xc1,"ff c8 ff 1f 31 c1 00 00"
2025-10-25 13:22:04,127.37,0xff,0xc8,0xff,0x1f,0x31,0xc1,"ff c8 ff 1f 31 c1 00 00"
2025-10-25 13:22:04,127.37,0xff,0xc8,0xff,0x1f,0x31,0xc1,"ff c8 ff 1f 31 c1 00 00"
2025-10-25 13:22:04,128.68,0xff,0x90,0xff,0x7d,0x32,0x44,"ff 90 ff 7d 32 44 00 00"
2025-10-25 13:22:04,128.68,0xff,0x90,0xff,0x7d,0x32,0x44,"ff 90 ff 7d 32 44 00 00"
2025-10-25 13:22:04,130.12,0xff,0x96,0xff,0x77,0x32,0xd4,"ff 96 ff 77 32 d4 00 00"
2025-10-25 13:22:04,130.12,0xff,0x96,0xff,0x77,0x32,0xd4,"ff 96 ff 77 32 d4 00 00"
2025-10-25 13:22:04,130.12,0xff,0x96,0xff,0x77,0x32,0xd4,"ff 96 ff 77 32 d4 00 00"
2025-10-25 13:22:04,131.18,0xff,0xbc,0xff,0x7d,0x33,0x3e,"ff bc ff 7d 33 3e 00 00"
2025-10-25 13:22:04,131.18,0xff,0xbc,0xff,0x7d,0x33,0x3e,"ff bc ff 7d 33 3e 00 00"
2025-10-25 13:22:04,131.18,0xff,0xbc,0xff,0x7d,0x33,0x3e,"ff bc ff 7d 33 3e 00 00"
2025-10-25 13:22:04,131.93,0xff,0x9c,0xff,0x71,0x33,0x89,"ff 9c ff 71 33 89 00 00"
2025-10-25 13:22:04,131.93,0xff,0x9c,0xff,0x71,0x33,0x89,"ff 9c ff 71 33 89 00 00"
2025-10-25 13:22:04,133.06,0xff,0xa3,0xff,0x71,0x33,0xfa,"ff a3 ff 71 33 fa 00 00"
2025-10-25 13:22:04,133.06,0xff,0xa3,0xff,0x71,0x33,0xfa,"ff a3 ff 71 33 fa 00 00"
2025-10-25 13:22:04,133.06,0xff,0xa3,0xff,0x71,0x33,0xfa,"ff a3 ff 71 33 fa 00 00"
2025-10-25 13:22:04,133.81,0xff,0xaf,0xff,0x64,0x34,0x45,"ff af ff 64 34 45 00 00"
2025-10-25 13:22:04,133.81,0xff,0xaf,0xff,0x64,0x34,0x45,"ff af ff 64 34 45 00 00"
2025-10-25 13:22:04,134.18,0xff,0xaf,0xff,0x6a,0x34,0x6a,"ff af ff 6a 34 6a 00 00"
2025-10-25 13:22:04,134.18,0xff,0xaf,0xff,0x6a,0x34,0x6a,"ff af ff 6a 34 6a 00 00"
2025-10-25 13:22:04,134.18,0xff,0xaf,0xff,0x6a,0x34,0x6a,"ff af ff 6a 34 6a 00 00"
2025-10-25 13:22:04,134.18,0xff,0xaf,0xff,0x6a,0x34,0x6a,"ff af ff 6a 34 6a 00 00"
2025-10-25 13:22:04,134.18,0xff,0xaf,0xff,0x6a,0x34,0x6a,"ff af ff 6a 34 6a 00 00"
2025-10-25 13:22:04,134.18,0xff,0xaf,0xff,0x6a,0x34,0x6a,"ff af ff 6a 34 6a 00 00"
2025-10-25 13:22:04,134.18,0xff,0xaf,0xff,0x6a,0x34,0x6a,"ff af ff 6a 34 6a 00 00"
2025-10-25 13:22:04,134.18,0xff,0xaf,0xff,0x6a,0x34,0x6a,"ff af ff 6a 34 6a 00 00"
2025-10-25 13:22:04,134.18,0xff,0xaf,0xff,0x6a,0x34,0x6a,"ff af ff 6a 34 6a 00 00"
2025-10-25 13:22:04,134.18,0xff,0xaf,0xff,0x6a,0x34,0x6a,"ff af ff 6a 34 6a 00 00"
2025-10-25 13:22:04,134.18,0xff,0xaf,0xff,0x6a,0x34,0x6a,"ff af ff 6a 34 6a 00 00"
2025-10-25 13:22:04,134.18,0xff,0xaf,0xff,0x6a,0x34,0x6a,"ff af ff 6a 34 6a 00 00"
2025-10-25 13:22:04,134.18,0xff,0xaf,0xff,0x6a,0x34,0x6a,"ff af ff 6a 34 6a 00 00"
2025-10-25 13:22:04,134.18,0xff,0xaf,0xff,0x6a,0x34,0x6a,"ff af ff 6a 34 6a 00 00"
2025-10-25 13:22:04,134.18,0xff,0xaf,0xff,0x6a,0x34,0x6a,"ff af ff 6a 34 6a 00 00"
2025-10-25 13:22:04,134.18,0xff,0xaf,0xff,0x6a,0x34,0x6a,"ff af ff 6a 34 6a 00 00"
2025-10-25 13:22:04,134.18,0xff,0xaf,0xff,0x6a,0x34,0x6a,"ff af ff 6a 34 6a 00 00"
2025-10-25 13:22:04,134.18,0xff,0xaf,0xff,0x6a,0x34,0x6a,"ff af ff 6a 34 6a 00 00"
2025-10-25 13:22:04,136.93,0xff,0xaf,0xff,0x6a,0x35,0x7d,"ff af ff 6a 35 7d 00 00"
2025-10-25 13:22:04,136.93,0xff,0xaf,0xff,0x6a,0x35,0x7d,"ff af ff 6a 35 7d 00 00"
2025-10-25 13:22:04,136.93,0xff,0xaf,0xff,0x6a,0x35,0x7d,"ff af ff 6a 35 7d 00 00"
2025-10-25 13:22:04,138.5,0xff,0xaf,0xff,0x6a,0x36,0x1a,"ff af ff 6a 36 1a 00 00"
2025-10-25 13:22:04,138.5,0xff,0xaf,0xff,0x6a,0x36,0x1a,"ff af ff 6a 36 1a 00 00"
2025-10-25 13:22:04,138.5,0xff,0xaf,0xff,0x6a,0x36,0x1a,"ff af ff 6a 36 1a 00 00"
2025-10-25 13:22:04,139.68,0xff,0xaf,0xff,0x6a,0x36,0x90,"ff af ff 6a 36 90 00 00"
2025-10-25 13:22:04,139.68,0xff,0xaf,0xff,0x6a,0x36,0x90,"ff af ff 6a 36 90 00 00"
2025-10-25 13:22:04,140.43,0xff,0xaf,0xff,0x6a,0x36,0xdb,"ff af ff 6a 36 db 00 00"
2025-10-25 13:22:04,140.43,0xff,0xaf,0xff,0x6a,0x36,0xdb,"ff af ff 6a 36 db 00 00"
2025-10-25 13:22:04,140.43,0xff,0xaf,0xff,0x6a,0x36,0xdb,"ff af ff 6a 36 db 00 00"
2025-10-25 13:22:05,140.87,0xff,0xa9,0xff,0x6a,0x37,0x07,"ff a9 ff 6a 37 07 00 00"
2025-10-25 13:22:05,140.87,0xff,0xa9,0xff,0x6a,0x37,0x07,"ff a9 ff 6a 37 07 00 00"
2025-10-25 13:22:05,140.87,0xff,0xa9,0xff,0x6a,0x37,0x07,"ff a9 ff 6a 37 07 00 00"
2025-10-25 13:22:05,142.12,0xff,0xa9,0xff,0x64,0x37,0x84,"ff a9 ff 64 37 84 00 00"
2025-10-25 13:22:05,142.12,0xff,0xa9,0xff,0x64,0x37,0x84,"ff a9 ff 64 37 84 00 00"
2025-10-25 13:22:05,142.56,0xff,0xa9,0xff,0x6a,0x37,0xb0,"ff a9 ff 6a 37 b0 00 00"
2025-10-25 13:22:05,142.56,0xff,0xa9,0xff,0x6a,0x37,0xb0,"ff a9 ff 6a 37 b0 00 00"
2025-10-25 13:22:05,142.56,0xff,0xa9,0xff,0x6a,0x37,0xb0,"ff a9 ff 6a 37 b0 00 00"
2025-10-25 13:22:05,142.56,0xff,0xa9,0xff,0x6a,0x37,0xb0,"ff a9 ff 6a 37 b0 00 00"
2025-10-25 13:22:05,142.56,0xff,0xa9,0xff,0x6a,0x37,0xb0,"ff a9 ff 6a 37 b0 00 00"
2025-10-25 13:22:05,142.56,0xff,0xa9,0xff,0x6a,0x37,0xb0,"ff a9 ff 6a 37 b0 00 00"
2025-10-25 13:22:05,142.56,0xff,0xa9,0xff,0x6a,0x37,0xb0,"ff a9 ff 6a 37 b0 00 00"
2025-10-25 13:22:05,142.56,0xff,0xa9,0xff,0x6a,0x37,0xb0,"ff a9 ff 6a 37 b0 00 00"
2025-10-25 13:22:05,142.56,0xff,0xa9,0xff,0x6a,0x37,0xb0,"ff a9 ff 6a 37 b0 00 00"
2025-10-25 13:22:05,142.56,0xff,0xa9,0xff,0x6a,0x37,0xb0,"ff a9 ff 6a 37 b0 00 00"
2025-10-25 13:22:05,142.56,0xff,0xa9,0xff,0x6a,0x37,0xb0,"ff a9 ff 6a 37 b0 00 00"
2025-10-25 13:22:05,144.68,0xff,0xa9,0xff,0x6a,0x38,0x84,"ff a9 ff 6a 38 84 00 00"
2025-10-25 13:22:05,144.68,0xff,0xa9,0xff,0x6a,0x38,0x84,"ff a9 ff 6a 38 84 00 00"
2025-10-25 13:22:05,145.93,0xff,0xaf,0xff,0x6a,0x39,0x01,"ff af ff 6a 39 01 00 00"
2025-10-25 13:22:05,145.93,0xff,0xaf,0xff,0x6a,0x39,0x01,"ff af ff 6a 39 01 00 00"
2025-10-25 13:22:05,146.93,0xff,0xaf,0xff,0x64,0x39,0x65,"ff af ff 64 39 65 00 00"
2025-10-25 13:22:05,146.93,0xff,0xaf,0xff,0x64,0x39,0x65,"ff af ff 64 39 65 00 00"
2025-10-25 13:22:05,146.93,0xff,0xaf,0xff,0x64,0x39,0x65,"ff af ff 64 39 65 00 00"
2025-10-25 13:22:05,147.87,0xff,0xaf,0xff,0x6a,0x39,0xc3,"ff af ff 6a 39 c3 00 00"
2025-10-25 13:22:05,147.87,0xff,0xaf,0xff,0x6a,0x39,0xc3,"ff af ff 6a 39 c3 00 00"
2025-10-25 13:22:05,148.37,0xff,0xa9,0xff,0x6a,0x39,0xf5,"ff a9 ff 6a 39 f5 00 00"
2025-10-25 13:22:05,148.37,0xff,0xa9,0xff,0x6a,0x39,0xf5,"ff a9 ff 6a 39 f5 00 00"
2025-10-25 13:22:05,148.37,0xff,0xa9,0xff,0x6a,0x39,0xf5,"ff a9 ff 6a 39 f5 00 00"
2025-10-25 13:22:05,149.43,0xff,0xa9,0xff,0x6a,0x3a,0x5f,"ff a9 ff 6a 3a 5f 00 00"
2025-10-25 13:22:05,149.43,0xff,0xa9,0xff,0x6a,0x3a,0x5f,"ff a9 ff 6a 3a 5f 00 00"
2025-10-25 13:22:05,150.25,0xff,0xa9,0xff,0x6a,0x3a,0xb1,"ff a9 ff 6a 3a b1 00 00"
2025-10-25 13:22:05,150.25,0xff,0xa9,0xff,0x6a,0x3a,0xb1,"ff a9 ff 6a 3a b1 00 00"
2025-10-25 13:22:05,150.25,0xff,0xa9,0xff,0x6a,0x3a,0xb1,"ff a9 ff 6a 3a b1 00 00"
2025-10-25 13:22:05,150.25,0xff,0xa9,0xff,0x6a,0x3a,0xb1,"ff a9 ff 6a 3a b1 00 00"
2025-10-25 13:22:05,150.25,0xff,0xa9,0xff,0x6a,0x3a,0xb1,"ff a9 ff 6a 3a b1 00 00"
2025-10-25 13:22:05,150.25,0xff,0xa9,0xff,0x6a,0x3a,0xb1,"ff a9 ff 6a 3a b1 00 00"
2025-10-25 13:22:05,150.25,0xff,0xa9,0xff,0x6a,0x3a,0xb1,"ff a9 ff 6a 3a b1 00 00"
2025-10-25 13:22:05,150.25,0xff,0xa9,0xff,0x6a,0x3a,0xb1,"ff a9 ff 6a 3a b1 00 00"
2025-10-25 13:22:05,150.25,0xff,0xa9,0xff,0x6a,0x3a,0xb1,"ff a9 ff 6a 3a b1 00 00"
2025-10-25 13:22:05,150.25,0xff,0xa9,0xff,0x6a,0x3a,0xb1,"ff a9 ff 6a 3a b1 00 00"
2025-10-25 13:22:05,150.25,0xff,0xa9,0xff,0x6a,0x3a,0xb1,"ff a9 ff 6a 3a b1 00 00"
2025-10-25 13:22:05,150.25,0xff,0xa9,0xff,0x6a,0x3a,0xb1,"ff a9 ff 6a 3a b1 00 00"
2025-10-25 13:22:05,150.25,0xff,0xa9,0xff,0x6a,0x3a,0xb1,"ff a9 ff 6a 3a b1 00 00"
2025-10-25 13:22:05,152.87,0xff,0xa9,0xff,0x6a,0x3b,0xb7,"ff a9 ff 6a 3b b7 00 00"
2025-10-25 13:22:05,152.87,0xff,0xa9,0xff,0x6a,0x3b,0xb7,"ff a9 ff 6a 3b b7 00 00"
2025-10-25 13:22:05,152.87,0xff,0xa9,0xff,0x6a,0x3b,0xb7,"ff a9 ff 6a 3b b7 00 00"
2025-10-25 13:22:05,155,0xff,0xaf,0xff,0x6a,0x3c,0x8c,"ff af ff 6a 3c 8c 00 00"
2025-10-25 13:22:05,155,0xff,0xaf,0xff,0x6a,0x3c,0x8c,"ff af ff 6a 3c 8c 00 00"
2025-10-25 13:22:05,155,0xff,0xaf,0xff,0x6a,0x3c,0x8c,"ff af ff 6a 3c 8c 00 00"
2025-10-25 13:22:05,156.06,0xff,0xaf,0xff,0x6a,0x3c,0xf6,"ff af ff 6a 3c f6 00 00"
2025-10-25 13:22:05,156.06,0xff,0xaf,0xff,0x6a,0x3c,0xf6,"ff af ff 6a 3c f6 00 00"
2025-10-25 13:22:06,157.37,0xff,0xa9,0xff,0x6a,0x3d,0x79,"ff a9 ff 6a 3d 79 00 00"
2025-10-25 13:22:06,157.37,0xff,0xa9,0xff,0x6a,0x3d,0x79,"ff a9 ff 6a 3d 79 00 00"
2025-10-25 13:22:06,157.37,0xff,0xa9,0xff,0x6a,0x3d,0x79,"ff a9 ff 6a 3d 79 00 00"
2025-10-25 13:22:06,158.68,0xff,0xa9,0xff,0x6a,0x3d,0xfc,"ff a9 ff 6a 3d fc 00 00"
2025-10-25 13:22:06,158.68,0xff,0xa9,0xff,0x6a,0x3d,0xfc,"ff a9 ff 6a 3d fc 00 00"
2025-10-25 13:22:06,160.06,0xff,0xaf,0xff,0x64,0x3e,0x86,"ff af ff 64 3e 86 00 00"
2025-10-25 13:22:06,160.06,0xff,0xaf,0xff,0x64,0x3e,0x86,"ff af ff 64 3e 86 00 00"
2025-10-25 13:22:06,160.06,0xff,0xaf,0xff,0x64,0x3e,0x86,"ff af ff 64 3e 86 00 00"
2025-10-25 13:22:06,160.62,0xff,0xa9,0xff,0x6a,0x3e,0xbe,"ff a9 ff 6a 3e be 00 00"
2025-10-25 13:22:06,160.62,0xff,0xa9,0xff,0x6a,0x3e,0xbe,"ff a9 ff 6a 3e be 00 00"
2025-10-25 13:22:06,160.62,0xff,0xa9,0xff,0x6a,0x3e,0xbe,"ff a9 ff 6a 3e be 00 00"
2025-10-25 13:22:06,160.62,0xff,0xa9,0xff,0x6a,0x3e,0xbe,"ff a9 ff 6a 3e be 00 00"
2025-10-25 13:22:06,160.62,0xff,0xa9,0xff,0x6a,0x3e,0xbe,"ff a9 ff 6a 3e be 00 00"
2025-10-25 13:22:06,160.62,0xff,0xa9,0xff,0x6a,0x3e,0xbe,"ff a9 ff 6a 3e be 00 00"
2025-10-25 13:22:06,160.62,0xff,0xa9,0xff,0x6a,0x3e,0xbe,"ff a9 ff 6a 3e be 00 00"
2025-10-25 13:22:06,160.62,0xff,0xa9,0xff,0x6a,0x3e,0xbe,"ff a9 ff 6a 3e be 00 00"
2025-10-25 13:22:06,160.62,0xff,0xa9,0xff,0x6a,0x3e,0xbe,"ff a9 ff 6a 3e be 00 00"
2025-10-25 13:22:06,160.62,0xff,0xa9,0xff,0x6a,0x3e,0xbe,"ff a9 ff 6a 3e be 00 00"
2025-10-25 13:22:06,160.62,0xff,0xa9,0xff,0x6a,0x3e,0xbe,"ff a9 ff 6a 3e be 00 00"
2025-10-25 13:22:06,159.81,0xff,0xa3,0xff,0x8a,0x3e,0x6d,"ff a3 ff 8a 3e 6d 00 00"
2025-10-25 13:22:06,159.81,0xff,0xa3,0xff,0x8a,0x3e,0x6d,"ff a3 ff 8a 3e 6d 00 00"
2025-10-25 13:22:06,162.5,0xff,0xa3,0xff,0x8a,0x3f,0x7a,"ff a3 ff 8a 3f 7a 00 00"
2025-10-25 13:22:06,162.5,0xff,0xa3,0xff,0x8a,0x3f,0x7a,"ff a3 ff 8a 3f 7a 00 00"
2025-10-25 13:22:06,162.5,0xff,0xa3,0xff,0x8a,0x3f,0x7a,"ff a3 ff 8a 3f 7a 00 00"
2025-10-25 13:22:06,164.93,0xff,0xce,0xff,0x71,0x40,0x6d,"ff ce ff 71 40 6d 00 00"
2025-10-25 13:22:06,164.93,0xff,0xce,0xff,0x71,0x40,0x6d,"ff ce ff 71 40 6d 00 00"
2025-10-25 13:22:06,166.81,0xff,0xf4,0xff,0x3f,0x41,0x29,"ff f4 ff 3f 41 29 00 00"
2025-10-25 13:22:06,166.81,0xff,0xf4,0xff,0x3f,0x41,0x29,"ff f4 ff 3f 41 29 00 00"
2025-10-25 13:22:06,166.81,0xff,0xf4,0xff,0x3f,0x41,0x29,"ff f4 ff 3f 41 29 00 00"
2025-10-25 13:22:06,166.81,0xff,0xbc,0xff,0x38,0x41,0x29,"ff bc ff 38 41 29 00 00"
2025-10-25 13:22:06,166.81,0xff,0xbc,0xff,0x38,0x41,0x29,"ff bc ff 38 41 29 00 00"
2025-10-25 13:22:06,167.37,0xff,0x9c,0xff,0x2c,0x41,0x61,"ff 9c ff 2c 41 61 00 00"
2025-10-25 13:22:06,167.37,0xff,0x9c,0xff,0x2c,0x41,0x61,"ff 9c ff 2c 41 61 00 00"
2025-10-25 13:22:06,167.37,0xff,0x9c,0xff,0x2c,0x41,0x61,"ff 9c ff 2c 41 61 00 00"
2025-10-25 13:22:06,169.12,0xff,0xd5,0xff,0x45,0x42,0x10,"ff d5 ff 45 42 10 00 00"
2025-10-25 13:22:06,169.12,0xff,0xd5,0xff,0x45,0x42,0x10,"ff d5 ff 45 42 10 00 00"
2025-10-25 13:22:06,169.12,0xff,0xd5,0xff,0x45,0x42,0x10,"ff d5 ff 45 42 10 00 00"
2025-10-25 13:22:06,170.18,0xff,0xfa,0xff,0x51,0x42,0x7a,"ff fa ff 51 42 7a 00 00"
2025-10-25 13:22:06,170.18,0xff,0xfa,0xff,0x51,0x42,0x7a,"ff fa ff 51 42 7a 00 00"
2025-10-25 13:22:06,169.75,0xff,0xbc,0xff,0x4b,0x42,0x4f,"ff bc ff 4b 42 4f 00 00"
2025-10-25 13:22:06,169.75,0xff,0xbc,0xff,0x4b,0x42,0x4f,"ff bc ff 4b 42 4f 00 00"
2025-10-25 13:22:06,169.75,0xff,0xbc,0xff,0x4b,0x42,0x4f,"ff bc ff 4b 42 4f 00 00"
2025-10-25 13:22:06,169.12,0xff,0x96,0xff,0x45,0x42,0x10,"ff 96 ff 45 42 10 00 00"
2025-10-25 13:22:06,169.12,0xff,0x96,0xff,0x45,0x42,0x10,"ff 96 ff 45 42 10 00 00"
2025-10-25 13:22:06,169.75,0xff,0xbc,0xff,0x1f,0x42,0x4f,"ff bc ff 1f 42 4f 00 00"
2025-10-25 13:22:06,169.75,0xff,0xbc,0xff,0x1f,0x42,0x4f,"ff bc ff 1f 42 4f 00 00"
2025-10-25 13:22:06,169.75,0xff,0xbc,0xff,0x1f,0x42,0x4f,"ff bc ff 1f 42 4f 00 00"
2025-10-25 13:22:06,172.75,0xff,0xd5,0xff,0x2c,0x43,0x7b,"ff d5 ff 2c 43 7b 00 00"
2025-10-25 13:22:06,172.75,0xff,0xd5,0xff,0x2c,0x43,0x7b,"ff d5 ff 2c 43 7b 00 00"
2025-10-25 13:22:06,172.75,0xff,0xd5,0xff,0x2c,0x43,0x7b,"ff d5 ff 2c 43 7b 00 00"
2025-10-25 13:22:06,173.93,0xff,0xce,0xff,0x58,0x43,0xf1,"ff ce ff 58 43 f1 00 00"
2025-10-25 13:22:06,173.93,0xff,0xce,0xff,0x58,0x43,0xf1,"ff ce ff 58 43 f1 00 00"
2025-10-25 13:22:07,175.68,0xff,0xbc,0xff,0x5e,0x44,0xa0,"ff bc ff 5e 44 a0 00 00"
2025-10-25 13:22:07,175.68,0xff,0xbc,0xff,0x5e,0x44,0xa0,"ff bc ff 5e 44 a0 00 00"
2025-10-25 13:22:07,175.68,0xff,0xbc,0xff,0x5e,0x44,0xa0,"ff bc ff 5e 44 a0 00 00"
2025-10-25 13:22:07,177.43,0xff,0xaf,0xff,0x4b,0x45,0x4f,"ff af ff 4b 45 4f 00 00"
2025-10-25 13:22:07,177.43,0xff,0xaf,0xff,0x4b,0x45,0x4f,"ff af ff 4b 45 4f 00 00"
2025-10-25 13:22:07,177.43,0xff,0xaf,0xff,0x4b,0x45,0x4f,"ff af ff 4b 45 4f 00 00"
2025-10-25 13:22:07,178.75,0xff,0xb5,0xff,0x26,0x45,0xd3,"ff b5 ff 26 45 d3 00 00"
2025-10-25 13:22:07,178.75,0xff,0xb5,0xff,0x26,0x45,0xd3,"ff b5 ff 26 45 d3 00 00"
2025-10-25 13:22:07,178.75,0xff,0xce,0xff,0x19,0x45,0xd3,"ff ce ff 19 45 d3 00 00"
2025-10-25 13:22:07,178.75,0xff,0xce,0xff,0x19,0x45,0xd3,"ff ce ff 19 45 d3 00 00"
2025-10-25 13:22:07,178.75,0xff,0xce,0xff,0x19,0x45,0xd3,"ff ce ff 19 45 d3 00 00"
2025-10-25 13:22:07,180.87,0xff,0xc2,0xff,0x32,0x46,0xa7,"ff c2 ff 32 46 a7 00 00"
2025-10-25 13:22:07,180.87,0xff,0xc2,0xff,0x32,0x46,0xa7,"ff c2 ff 32 46 a7 00 00"
2025-10-25 13:22:07,180.87,0xff,0xc2,0xff,0x32,0x46,0xa7,"ff c2 ff 32 46 a7 00 00"
2025-10-25 13:22:07,180.87,0xff,0xa9,0xff,0x51,0x46,0xa7,"ff a9 ff 51 46 a7 00 00"
2025-10-25 13:22:07,180.87,0xff,0xa9,0xff,0x51,0x46,0xa7,"ff a9 ff 51 46 a7 00 00"
2025-10-25 13:22:07,180.87,0xff,0xa9,0xff,0x51,0x46,0xa7,"ff a9 ff 51 46 a7 00 00"
2025-10-25 13:22:07,180.87,0xff,0xa9,0xff,0x51,0x46,0xa7,"ff a9 ff 51 46 a7 00 00"
2025-10-25 13:22:07,182.5,0xff,0xa9,0xff,0x51,0x47,0x4a,"ff a9 ff 51 47 4a 00 00"
2025-10-25 13:22:07,182.5,0xff,0xa9,0xff,0x51,0x47,0x4a,"ff a9 ff 51 47 4a 00 00"
2025-10-25 13:22:07,182.5,0xff,0xa9,0xff,0x51,0x47,0x4a,"ff a9 ff 51 47 4a 00 00"
2025-10-25 13:22:07,184.25,0xff,0xa9,0xff,0x51,0x47,0xf9,"ff a9 ff 51 47 f9 00 00"
2025-10-25 13:22:07,184.25,0xff,0xa9,0xff,0x51,0x47,0xf9,"ff a9 ff 51 47 f9 00 00"
2025-10-25 13:22:07,184.25,0xff,0xa9,0xff,0x51,0x47,0xf9,"ff a9 ff 51 47 f9 00 00"
2025-10-25 13:22:07,184.75,0xff,0xa9,0xff,0x51,0x48,0x2b,"ff a9 ff 51 48 2b 00 00"
2025-10-25 13:22:07,184.75,0xff,0xa9,0xff,0x51,0x48,0x2b,"ff a9 ff 51 48 2b 00 00"
2025-10-25 13:22:07,186,0xff,0xa9,0xff,0x51,0x48,0xa8,"ff a9 ff 51 48 a8 00 00"
2025-10-25 13:22:07,186,0xff,0xa9,0xff,0x51,0x48,0xa8,"ff a9 ff 51 48 a8 00 00"
2025-10-25 13:22:07,186,0xff,0xa9,0xff,0x51,0x48,0xa8,"ff a9 ff 51 48 a8 00 00"
2025-10-25 13:22:07,186.56,0xff,0xa3,0xff,0x71,0x48,0xe0,"ff a3 ff 71 48 e0 00 00"
2025-10-25 13:22:07,186.56,0xff,0xa3,0xff,0x71,0x48,0xe0,"ff a3 ff 71 48 e0 00 00"
2025-10-25 13:22:07,186.56,0xff,0xa3,0xff,0x71,0x48,0xe0,"ff a3 ff 71 48 e0 00 00"
2025-10-25 13:22:07,189.06,0xff,0xaf,0xff,0xa3,0x49,0xda,"ff af ff a3 49 da 00 00"
2025-10-25 13:22:07,189.06,0xff,0xaf,0xff,0xa3,0x49,0xda,"ff af ff a3 49 da 00 00"
2025-10-25 13:22:07,189.75,0xff,0xa3,0xff,0xb5,0x4a,0x1f,"ff a3 ff b5 4a 1f 00 00"
2025-10-25 13:22:07,189.75,0xff,0xa3,0xff,0xb5,0x4a,0x1f,"ff a3 ff b5 4a 1f 00 00"
2025-10-25 13:22:07,189.75,0xff,0xa3,0xff,0xb5,0x4a,0x1f,"ff a3 ff b5 4a 1f 00 00"
2025-10-25 13:22:07,189.62,0xff,0x90,0xff,0xa3,0x4a,0x12,"ff 90 ff a3 4a 12 00 00"
2025-10-25 13:22:07,189.62,0xff,0x90,0xff,0xa3,0x4a,0x12,"ff 90 ff a3 4a 12 00 00"
2025-10-25 13:22:07,189.62,0xff,0x9c,0xff,0x96,0x4a,0x12,"ff 9c ff 96 4a 12 00 00"
2025-10-25 13:22:07,189.62,0xff,0x9c,0xff,0x96,0x4a,0x12,"ff 9c ff 96 4a 12 00 00"
2025-10-25 13:22:07,189.62,0xff,0x9c,0xff,0x96,0x4a,0x12,"ff 9c ff 96 4a 12 00 00"
2025-10-25 13:22:07,190.18,0xff,0xaf,0xff,0x83,0x4a,0x4a,"ff af ff 83 4a 4a 00 00"
2025-10-25 13:22:07,190.18,0xff,0xaf,0xff,0x83,0x4a,0x4a,"ff af ff 83 4a 4a 00 00"
2025-10-25 13:22:07,190.18,0xff,0xaf,0xff,0x83,0x4a,0x4a,"ff af ff 83 4a 4a 00 00"
2025-10-25 13:22:07,190.12,0xff,0xc2,0xff,0x5e,0x4a,0x44,"ff c2 ff 5e 4a 44 00 00"
2025-10-25 13:22:07,190.12,0xff,0xc2,0xff,0x5e,0x4a,0x44,"ff c2 ff 5e 4a 44 00 00"
2025-10-25 13:22:07,192.31,0xff,0xc8,0xff,0x45,0x4b,0x1f,"ff c8 ff 45 4b 1f 00 00"
2025-10-25 13:22:07,192.31,0xff,0xc8,0xff,0x45,0x4b,0x1f,"ff c8 ff 45 4b 1f 00 00"
2025-10-25 13:22:07,192.31,0xff,0xc8,0xff,0x45,0x4b,0x1f,"ff c8 ff 45 4b 1f 00 00"
2025-10-25 13:22:07,193.62,0xff,0xc8,0xff,0x45,0x4b,0xa2,"ff c8 ff 45 4b a2 00 00"
2025-10-25 13:22:07,193.62,0xff,0xc8,0xff,0x45,0x4b,0xa2,"ff c8 ff 45 4b a2 00 00"
2025-10-25 13:22:07,193.62,0xff,0xc8,0xff,0x45,0x4b,0xa2,"ff c8 ff 45 4b a2 00 00"
2025-10-25 13:22:08,194.68,0xff,0xc8,0xff,0x45,0x4c,0x0c,"ff c8 ff 45 4c 0c 00 00"
2025-10-25 13:22:08,194.68,0xff,0xc8,0xff,0x45,0x4c,0x0c,"ff c8 ff 45 4c 0c 00 00"
2025-10-25 13:22:08,195.81,0xff,0xc8,0xff,0x45,0x4c,0x7d,"ff c8 ff 45 4c 7d 00 00"
2025-10-25 13:22:08,195.81,0xff,0xc8,0xff,0x45,0x4c,0x7d,"ff c8 ff 45 4c 7d 00 00"
2025-10-25 13:22:08,195.81,0xff,0xc8,0xff,0x45,0x4c,0x7d,"ff c8 ff 45 4c 7d 00 00"
2025-10-25 13:22:08,196.25,0xff,0xc8,0xff,0x45,0x4c,0xa9,"ff c8 ff 45 4c a9 00 00"
2025-10-25 13:22:08,196.25,0xff,0xc8,0xff,0x45,0x4c,0xa9,"ff c8 ff 45 4c a9 00 00"
2025-10-25 13:22:08,197.31,0xff,0xc8,0xff,0x45,0x4d,0x13,"ff c8 ff 45 4d 13 00 00"
2025-10-25 13:22:08,197.31,0xff,0xc8,0xff,0x45,0x4d,0x13,"ff c8 ff 45 4d 13 00 00"
2025-10-25 13:22:08,197.31,0xff,0xc8,0xff,0x45,0x4d,0x13,"ff c8 ff 45 4d 13 00 00"
2025-10-25 13:22:08,197.68,0xff,0xc8,0xff,0x45,0x4d,0x38,"ff c8 ff 45 4d 38 00 00"
2025-10-25 13:22:08,197.68,0xff,0xc8,0xff,0x45,0x4d,0x38,"ff c8 ff 45 4d 38 00 00"
2025-10-25 13:22:08,197.68,0xff,0xc8,0xff,0x45,0x4d,0x38,"ff c8 ff 45 4d 38 00 00"
2025-10-25 13:22:08,197.68,0xff,0xc8,0xff,0x45,0x4d,0x38,"ff c8 ff 45 4d 38 00 00"
2025-10-25 13:22:08,197.68,0xff,0xc8,0xff,0x45,0x4d,0x38,"ff c8 ff 45 4d 38 00 00"
2025-10-25 13:22:08,200.37,0xff,0xc8,0xff,0x45,0x4e,0x45,"ff c8 ff 45 4e 45 00 00"
2025-10-25 13:22:08,200.37,0xff,0xc8,0xff,0x45,0x4e,0x45,"ff c8 ff 45 4e 45 00 00"
2025-10-25 13:22:08,200.37,0xff,0xc8,0xff,0x45,0x4e,0x45,"ff c8 ff 45 4e 45 00 00"
2025-10-25 13:22:08,202,0xff,0xc8,0xff,0x45,0x4e,0xe8,"ff c8 ff 45 4e e8 00 00"
2025-10-25 13:22:08,202,0xff,0xc8,0xff,0x45,0x4e,0xe8,"ff c8 ff 45 4e e8 00 00"
2025-10-25 13:22:08,203.25,0xff,0xc8,0xff,0x45,0x4f,0x65,"ff c8 ff 45 4f 65 00 00"
2025-10-25 13:22:08,203.25,0xff,0xc8,0xff,0x45,0x4f,0x65,"ff c8 ff 45 4f 65 00 00"
2025-10-25 13:22:08,203.25,0xff,0xc8,0xff,0x45,0x4f,0x65,"ff c8 ff 45 4f 65 00 00"
2025-10-25 13:22:08,205,0xff,0xc8,0xff,0x45,0x50,0x14,"ff c8 ff 45 50 14 00 00"
2025-10-25 13:22:08,205,0xff,0xc8,0xff,0x45,0x50,0x14,"ff c8 ff 45 50 14 00 00"
2025-10-25 13:22:08,205,0xff,0xc8,0xff,0x45,0x50,0x14,"ff c8 ff 45 50 14 00 00"
2025-10-25 13:22:08,206.06,0xff,0xc8,0xff,0x45,0x50,0x7e,"ff c8 ff 45 50 7e 00 00"
2025-10-25 13:22:08,206.06,0xff,0xc8,0xff,0x45,0x50,0x7e,"ff c8 ff 45 50 7e 00 00"
2025-10-25 13:22:08,207.31,0xff,0xc8,0xff,0x45,0x50,0xfb,"ff c8 ff 45 50 fb 00 00"
2025-10-25 13:22:08,207.31,0xff,0xc8,0xff,0x45,0x50,0xfb,"ff c8 ff 45 50 fb 00 00"
2025-10-25 13:22:08,207.31,0xff,0xc8,0xff,0x45,0x50,0xfb,"ff c8 ff 45 50 fb 00 00"
2025-10-25 13:22:08,209,0xff,0xc8,0xff,0x45,0x51,0xa4,"ff c8 ff 45 51 a4 00 00"
2025-10-25 13:22:08,209,0xff,0xc8,0xff,0x45,0x51,0xa4,"ff c8 ff 45 51 a4 00 00"
2025-10-25 13:22:08,209.75,0x00,0x00,0xff,0x51,0x51,0xef,"00 00 ff 51 51 ef 00 00"
2025-10-25 13:22:08,209.75,0x00,0x00,0xff,0x51,0x51,0xef,"00 00 ff 51 51 ef 00 00"
2025-10-25 13:22:08,209.75,0x00,0x00,0xff,0x51,0x51,0xef,"00 00 ff 51 51 ef 00 00"
2025-10-25 13:22:08,210.06,0xff,0xdb,0xff,0x90,0x52,0x0e,"ff db ff 90 52 0e 00 00"
2025-10-25 13:22:08,210.06,0xff,0xdb,0xff,0x90,0x52,0x0e,"ff db ff 90 52 0e 00 00"
2025-10-25 13:22:08,210.06,0xff,0xdb,0xff,0x90,0x52,0x0e,"ff db ff 90 52 0e 00 00"
2025-10-25 13:22:08,209.56,0xff,0xaf,0xff,0xa3,0x51,0xdc,"ff af ff a3 51 dc 00 00"
2025-10-25 13:22:08,209.56,0xff,0xaf,0xff,0xa3,0x51,0xdc,"ff af ff a3 51 dc 00 00"
2025-10-25 13:22:08,211.81,0xff,0xa3,0xff,0x90,0x52,0xbd,"ff a3 ff 90 52 bd 00 00"
2025-10-25 13:22:08,211.81,0xff,0xa3,0xff,0x90,0x52,0xbd,"ff a3 ff 90 52 bd 00 00"
2025-10-25 13:22:08,211.81,0xff,0xa3,0xff,0x90,0x52,0xbd,"ff a3 ff 90 52 bd 00 00"
2025-10-25 13:22:08,213.18,0xff,0xa3,0xff,0x90,0x53,0x46,"ff a3 ff 90 53 46 00 00"
2025-10-25 13:22:08,213.18,0xff,0xa3,0xff,0x90,0x53,0x46,"ff a3 ff 90 53 46 00 00"
2025-10-25 13:22:08,213.18,0xff,0xa3,0xff,0x90,0x53,0x46,"ff a3 ff 90 53 46 00 00"
2025-10-25 13:22:08,214.56,0xff,0xc2,0xff,0x5e,0x53,0xd0,"ff c2 ff 5e 53 d0 00 00"
2025-10-25 13:22:08,214.56,0xff,0xc2,0xff,0x5e,0x53,0xd0,"ff c2 ff 5e 53 d0 00 00"
2025-10-25 13:22:08,216.62,0xff,0xe7,0xff,0x51,0x54,0x9e,"ff e7 ff 51 54 9e 00 00"
2025-10-25 13:22:08,216.62,0xff,0xe7,0xff,0x51,0x54,0x9e,"ff e7 ff 51 54 9e 00 00"
2025-10-25 13:22:08,216.62,0xff,0xe7,0xff,0x51,0x54,0x9e,"ff e7 ff 51 54 9e 00 00"
2025-10-25 13:22:09,217.12,0xff,0xdb,0xff,0x3f,0x54,0xd0,"ff db ff 3f 54 d0 00 00"
2025-10-25 13:22:09,217.12,0xff,0xdb,0xff,0x3f,0x54,0xd0,"ff db ff 3f 54 d0 00 00"
2025-10-25 13:22:09,217.12,0xff,0xc2,0xff,0x45,0x54,0xd0,"ff c2 ff 45 54 d0 00 00"
2025-10-25 13:22:09,217.12,0xff,0xc2,0xff,0x45,0x54,0xd0,"ff c2 ff 45 54 d0 00 00"
2025-10-25 13:22:09,217.12,0xff,0xc2,0xff,0x45,0x54,0xd0,"ff c2 ff 45 54 d0 00 00"
2025-10-25 13:22:09,217.87,0xff,0xaf,0xff,0x51,0x55,0x1b,"ff af ff 51 55 1b 00 00"
2025-10-25 13:22:09,217.87,0xff,0xaf,0xff,0x51,0x55,0x1b,"ff af ff 51 55 1b 00 00"
2025-10-25 13:22:09,217.87,0xff,0xaf,0xff,0x51,0x55,0x1b,"ff af ff 51 55 1b 00 00"
2025-10-25 13:22:09,217.5,0xff,0x8a,0xff,0x51,0x54,0xf6,"ff 8a ff 51 54 f6 00 00"
2025-10-25 13:22:09,217.5,0xff,0x8a,0xff,0x51,0x54,0xf6,"ff 8a ff 51 54 f6 00 00"
2025-10-25 13:22:09,217.12,0xff,0x90,0xff,0x4b,0x54,0xd0,"ff 90 ff 4b 54 d0 00 00"
2025-10-25 13:22:09,217.12,0xff,0x90,0xff,0x4b,0x54,0xd0,"ff 90 ff 4b 54 d0 00 00"
2025-10-25 13:22:09,217.12,0xff,0x90,0xff,0x4b,0x54,0xd0,"ff 90 ff 4b 54 d0 00 00"
2025-10-25 13:22:09,217.56,0xff,0xc2,0xff,0x32,0x54,0xfc,"ff c2 ff 32 54 fc 00 00"
2025-10-25 13:22:09,217.56,0xff,0xc2,0xff,0x32,0x54,0xfc,"ff c2 ff 32 54 fc 00 00"
2025-10-25 13:22:09,217.56,0xff,0xc2,0xff,0x32,0x54,0xfc,"ff c2 ff 32 54 fc 00 00"
2025-10-25 13:22:09,220.31,0xff,0xee,0xff,0x19,0x56,0x0f,"ff ee ff 19 56 0f 00 00"
2025-10-25 13:22:09,220.31,0xff,0xee,0xff,0x19,0x56,0x0f,"ff ee ff 19 56 0f 00 00"
2025-10-25 13:22:09,222.12,0xff,0xdb,0xff,0x19,0x56,0xc4,"ff db ff 19 56 c4 00 00"
2025-10-25 13:22:09,222.12,0xff,0xdb,0xff,0x19,0x56,0xc4,"ff db ff 19 56 c4 00 00"
2025-10-25 13:22:09,222.43,0xff,0x9c,0xff,0x45,0x56,0xe3,"ff 9c ff 45 56 e3 00 00"
2025-10-25 13:22:09,222.43,0xff,0x9c,0xff,0x45,0x56,0xe3,"ff 9c ff 45 56 e3 00 00"
2025-10-25 13:22:09,222.43,0xff,0x9c,0xff,0x45,0x56,0xe3,"ff 9c ff 45 56 e3 00 00"
2025-10-25 13:22:09,224.25,0xff,0x96,0xff,0x77,0x57,0x99,"ff 96 ff 77 57 99 00 00"
2025-10-25 13:22:09,224.25,0xff,0x96,0xff,0x77,0x57,0x99,"ff 96 ff 77 57 99 00 00"
2025-10-25 13:22:09,224.25,0xff,0x96,0xff,0x77,0x57,0x99,"ff 96 ff 77 57 99 00 00"
2025-10-25 13:22:09,225.68,0xff,0xce,0xff,0x71,0x58,0x28,"ff ce ff 71 58 28 00 00"
2025-10-25 13:22:09,225.68,0xff,0xce,0xff,0x71,0x58,0x28,"ff ce ff 71 58 28 00 00"
2025-10-25 13:22:09,226.68,0xff,0xc2,0xff,0x5e,0x58,0x8c,"ff c2 ff 5e 58 8c 00 00"
2025-10-25 13:22:09,226.68,0xff,0xc2,0xff,0x5e,0x58,0x8c,"ff c2 ff 5e 58 8c 00 00"
2025-10-25 13:22:09,226.68,0xff,0xc2,0xff,0x5e,0x58,0x8c,"ff c2 ff 5e 58 8c 00 00"
2025-10-25 13:22:09,226.68,0xff,0xa9,0xff,0x3f,0x58,0x8c,"ff a9 ff 3f 58 8c 00 00"
2025-10-25 13:22:09,226.68,0xff,0xa9,0xff,0x3f,0x58,0x8c,"ff a9 ff 3f 58 8c 00 00"
2025-10-25 13:22:09,226.68,0xff,0xa9,0xff,0x3f,0x58,0x8c,"ff a9 ff 3f 58 8c 00 00"
2025-10-25 13:22:09,228.06,0xff,0xaf,0xff,0x51,0x59,0x16,"ff af ff 51 59 16 00 00"
2025-10-25 13:22:09,228.06,0xff,0xaf,0xff,0x51,0x59,0x16,"ff af ff 51 59 16 00 00"
2025-10-25 13:22:09,228.12,0xff,0xa3,0xff,0x8a,0x59,0x1c,"ff a3 ff 8a 59 1c 00 00"
2025-10-25 13:22:09,228.12,0xff,0xa3,0xff,0x8a,0x59,0x1c,"ff a3 ff 8a 59 1c 00 00"
2025-10-25 13:22:09,228.12,0xff,0xa3,0xff,0x8a,0x59,0x1c,"ff a3 ff 8a 59 1c 00 00"
2025-10-25 13:22:09,228.12,0xff,0xa3,0xff,0x8a,0x59,0x1c,"ff a3 ff 8a 59 1c 00 00"
2025-10-25 13:22:09,228.12,0xff,0xa3,0xff,0x8a,0x59,0x1c,"ff a3 ff 8a 59 1c 00 00"
2025-10-25 13:22:09,228.06,0xff,0xb5,0xff,0x64,0x59,0x16,"ff b5 ff 64 59 16 00 00"
2025-10-25 13:22:09,228.06,0xff,0xb5,0xff,0x64,0x59,0x16,"ff b5 ff 64 59 16 00 00"
2025-10-25 13:22:09,228.06,0xff,0xb5,0xff,0x64,0x59,0x16,"ff b5 ff 64 59 16 00 00"
2025-10-25 13:22:09,229.75,0xff,0xb5,0xff,0x38,0x59,0xbf,"ff b5 ff 38 59 bf 00 00"
2025-10-25 13:22:09,229.75,0xff,0xb5,0xff,0x38,0x59,0xbf,"ff b5 ff 38 59 bf 00 00"
2025-10-25 13:22:09,229.75,0xff,0xb5,0xff,0x38,0x59,0xbf,"ff b5 ff 38 59 bf 00 00"
2025-10-25 13:22:09,231.31,0xff,0xb5,0xff,0x26,0x5a,0x5b,"ff b5 ff 26 5a 5b 00 00"
2025-10-25 13:22:09,231.31,0xff,0xb5,0xff,0x26,0x5a,0x5b,"ff b5 ff 26 5a 5b 00 00"
2025-10-25 13:22:09,232.93,0xff,0xbc,0xff,0x4b,0x5a,0xfd,"ff bc ff 4b 5a fd 00 00"
2025-10-25 13:22:09,232.93,0xff,0xbc,0xff,0x4b,0x5a,0xfd,"ff bc ff 4b 5a fd 00 00"
2025-10-25 13:22:09,232.93,0xff,0xbc,0xff,0x4b,0x5a,0xfd,"ff bc ff 4b 5a fd 00 00"
2025-10-25 13:22:10,233.81,0xff,0xbc,0xff,0x4b,0x5b,0x55,"ff bc ff 4b 5b 55 00 00"
2025-10-25 13:22:10,233.81,0xff,0xbc,0xff,0x4b,0x5b,0x55,"ff bc ff 4b 5b 55 00 00"
2025-10-25 13:22:10,233.81,0xff,0xbc,0xff,0x4b,0x5b,0x55,"ff bc ff 4b 5b 55 00 00"
2025-10-25 13:22:10,234.87,0xff,0xbc,0xff,0x5e,0x5b,0xbf,"ff bc ff 5e 5b bf 00 00"
2025-10-25 13:22:10,234.87,0xff,0xbc,0xff,0x5e,0x5b,0xbf,"ff bc ff 5e 5b bf 00 00"
2025-10-25 13:22:10,235.12,0xff,0xa9,0xff,0x2c,0x5b,0xd8,"ff a9 ff 2c 5b d8 00 00"
2025-10-25 13:22:10,235.12,0xff,0xa9,0xff,0x2c,0x5b,0xd8,"ff a9 ff 2c 5b d8 00 00"
2025-10-25 13:22:10,235.12,0xff,0xa9,0xff,0x2c,0x5b,0xd8,"ff a9 ff 2c 5b d8 00 00"
2025-10-25 13:22:10,236.25,0xff,0xbc,0xff,0x38,0x5c,0x49,"ff bc ff 38 5c 49 00 00"
2025-10-25 13:22:10,236.25,0xff,0xbc,0xff,0x38,0x5c,0x49,"ff bc ff 38 5c 49 00 00"
2025-10-25 13:22:10,236.25,0xff,0xbc,0xff,0x38,0x5c,0x49,"ff bc ff 38 5c 49 00 00"
2025-10-25 13:22:10,237.31,0xff,0xaf,0xff,0x38,0x5c,0xb3,"ff af ff 38 5c b3 00 00"
2025-10-25 13:22:10,237.31,0xff,0xaf,0xff,0x38,0x5c,0xb3,"ff af ff 38 5c b3 00 00"
2025-10-25 13:22:10,237.43,0xff,0xa3,0xff,0x6a,0x5c,0xbf,"ff a3 ff 6a 5c bf 00 00"
2025-10-25 13:22:10,237.43,0xff,0xa3,0xff,0x6a,0x5c,0xbf,"ff a3 ff 6a 5c bf 00 00"
2025-10-25 13:22:10,237.43,0xff,0xa3,0xff,0x6a,0x5c,0xbf,"ff a3 ff 6a 5c bf 00 00"
2025-10-25 13:22:10,237.43,0xff,0x9c,0xff,0x71,0x5c,0xbf,"ff 9c ff 71 5c bf 00 00"
2025-10-25 13:22:10,237.43,0xff,0x9c,0xff,0x71,0x5c,0xbf,"ff 9c ff 71 5c bf 00 00"
2025-10-25 13:22:10,237.68,0xff,0xd5,0xff,0x71,0x5c,0xd8,"ff d5 ff 71 5c d8 00 00"
2025-10-25 13:22:10,237.68,0xff,0xd5,0xff,0x71,0x5c,0xd8,"ff d5 ff 71 5c d8 00 00"
2025-10-25 13:22:10,237.68,0xff,0xd5,0xff,0x71,0x5c,0xd8,"ff d5 ff 71 5c d8 00 00"
2025-10-25 13:22:10,240.37,0xff,0xee,0xff,0x51,0x5d,0xe5,"ff ee ff 51 5d e5 00 00"
2025-10-25 13:22:10,240.37,0xff,0xee,0xff,0x51,0x5d,0xe5,"ff ee ff 51 5d e5 00 00"
2025-10-25 13:22:10,241,0xff,0xd5,0xff,0x45,0x5e,0x24,"ff d5 ff 45 5e 24 00 00"
2025-10-25 13:22:10,241,0xff,0xd5,0xff,0x45,0x5e,0x24,"ff d5 ff 45 5e 24 00 00"
2025-10-25 13:22:10,241,0xff,0xd5,0xff,0x45,0x5e,0x24,"ff d5 ff 45 5e 24 00 00"
2025-10-25 13:22:10,241.81,0xff,0xc2,0xff,0x26,0x5e,0x75,"ff c2 ff 26 5e 75 00 00"
2025-10-25 13:22:10,241.81,0xff,0xc2,0xff,0x26,0x5e,0x75,"ff c2 ff 26 5e 75 00 00"
2025-10-25 13:22:10,241.81,0xff,0xc2,0xff,0x26,0x5e,0x75,"ff c2 ff 26 5e 75 00 00"
2025-10-25 13:22:10,242.56,0xff,0xa3,0xff,0x58,0x5e,0xc0,"ff a3 ff 58 5e c0 00 00"
2025-10-25 13:22:10,242.56,0xff,0xa3,0xff,0x58,0x5e,0xc0,"ff a3 ff 58 5e c0 00 00"
2025-10-25 13:22:10,243.37,0xff,0xa3,0xff,0x90,0x5f,0x11,"ff a3 ff 90 5f 11 00 00"
2025-10-25 13:22:10,243.37,0xff,0xa3,0xff,0x90,0x5f,0x11,"ff a3 ff 90 5f 11 00 00"
2025-10-25 13:22:10,243.37,0xff,0xa3,0xff,0x90,0x5f,0x11,"ff a3 ff 90 5f 11 00 00"
2025-10-25 13:22:10,244.56,0xff,0xa9,0xff,0x8a,0x5f,0x88,"ff a9 ff 8a 5f 88 00 00"
2025-10-25 13:22:10,244.56,0xff,0xa9,0xff,0x8a,0x5f,0x88,"ff a9 ff 8a 5f 88 00 00"
2025-10-25 13:22:10,245.12,0xff,0xb5,0xff,0x7d,0x5f,0xc0,"ff b5 ff 7d 5f c0 00 00"
2025-10-25 13:22:10,245.12,0xff,0xb5,0xff,0x7d,0x5f,0xc0,"ff b5 ff 7d 5f c0 00 00"
2025-10-25 13:22:10,245.12,0xff,0xb5,0xff,0x7d,0x5f,0xc0,"ff b5 ff 7d 5f c0 00 00"
2025-10-25 13:22:10,244.75,0xff,0xb5,0xff,0x64,0x5f,0x9b,"ff b5 ff 64 5f 9b 00 00"
2025-10-25 13:22:10,244.75,0xff,0xb5,0xff,0x64,0x5f,0x9b,"ff b5 ff 64 5f 9b 00 00"
2025-10-25 13:22:10,244.75,0xff,0xb5,0xff,0x64,0x5f,0x9b,"ff b5 ff 64 5f 9b 00 00"
2025-10-25 13:22:10,244.37,0xff,0xc2,0xff,0x32,0x5f,0x75,"ff c2 ff 32 5f 75 00 00"
2025-10-25 13:22:10,244.37,0xff,0xc2,0xff,0x32,0x5f,0x75,"ff c2 ff 32 5f 75 00 00"
2025-10-25 13:22:10,244.37,0xff,0xbc,0xff,0x38,0x5f,0x75,"ff bc ff 38 5f 75 00 00"
2025-10-25 13:22:10,244.37,0xff,0xbc,0xff,0x38,0x5f,0x75,"ff bc ff 38 5f 75 00 00"
2025-10-25 13:22:10,244.37,0xff,0xbc,0xff,0x38,0x5f,0x75,"ff bc ff 38 5f 75 00 00"
2025-10-25 13:22:10,244.56,0xff,0x90,0xff,0x7d,0x5f,0x88,"ff 90 ff 7d 5f 88 00 00"
2025-10-25 13:22:10,244.56,0xff,0x90,0xff,0x7d,0x5f,0x88,"ff 90 ff 7d 5f 88 00 00"
2025-10-25 13:22:10,244.56,0xff,0x90,0xff,0x7d,0x5f,0x88,"ff 90 ff 7d 5f 88 00 00"
2025-10-25 13:22:10,246.68,0xff,0x71,0xff,0x9c,0x60,0x5c,"ff 71 ff 9c 60 5c 00 00"
2025-10-25 13:22:10,246.68,0xff,0x71,0xff,0x9c,0x60,0x5c,"ff 71 ff 9c 60 5c 00 00"
2025-10-25 13:22:10,246.68,0xff,0x71,0xff,0x9c,0x60,0x5c,"ff 71 ff 9c 60 5c 00 00"
2025-10-25 13:22:11,248,0xff,0xa3,0xff,0x8a,0x60,0xe0,"ff a3 ff 8a 60 e0 00 00"
2025-10-25 13:22:11,248,0xff,0xa3,0xff,0x8a,0x60,0xe0,"ff a3 ff 8a 60 e0 00 00"
2025-10-25 13:22:11,248.68,0xff,0xbc,0xff,0x4b,0x61,0x24,"ff bc ff 4b 61 24 00 00"
2025-10-25 13:22:11,248.68,0xff,0xbc,0xff,0x4b,0x61,0x24,"ff bc ff 4b 61 24 00 00"
2025-10-25 13:22:11,248.87,0xff,0x9c,0xff,0x0a,0x61,0x37,"ff 9c ff 0a 61 37 00 00"
2025-10-25 13:22:11,248.87,0xff,0x9c,0xff,0x0a,0x61,0x37,"ff 9c ff 0a 61 37 00 00"
2025-10-25 13:22:11,248.87,0xff,0x9c,0xff,0x0a,0x61,0x37,"ff 9c ff 0a 61 37 00 00"
2025-10-25 13:22:11,249.62,0xff,0x7d,0xff,0x1f,0x61,0x82,"ff 7d ff 1f 61 82 00 00"
2025-10-25 13:22:11,249.62,0xff,0x7d,0xff,0x1f,0x61,0x82,"ff 7d ff 1f 61 82 00 00"
2025-10-25 13:22:11,249.62,0xff,0x7d,0xff,0x1f,0x61,0x82,"ff 7d ff 1f 61 82 00 00"
2025-10-25 13:22:11,250.5,0xff,0xb5,0xff,0x38,0x61,0xda,"ff b5 ff 38 61 da 00 00"
2025-10-25 13:22:11,250.5,0xff,0xb5,0xff,0x38,0x61,0xda,"ff b5 ff 38 61 da 00 00"
2025-10-25 13:22:11,250.5,0xff,0xb5,0xff,0x38,0x61,0xda,"ff b5 ff 38 61 da 00 00"
2025-10-25 13:22:11,251.37,0xff,0xc8,0xff,0x5e,0x62,0x31,"ff c8 ff 5e 62 31 00 00"
2025-10-25 13:22:11,251.37,0xff,0xc8,0xff,0x5e,0x62,0x31,"ff c8 ff 5e 62 31 00 00"
2025-10-25 13:22:11,251.25,0xff,0x90,0xff,0x64,0x62,0x25,"ff 90 ff 64 62 25 00 00"
2025-10-25 13:22:11,251.25,0xff,0x90,0xff,0x64,0x62,0x25,"ff 90 ff 64 62 25 00 00"
2025-10-25 13:22:11,251.25,0xff,0x90,0xff,0x64,0x62,0x25,"ff 90 ff 64 62 25 00 00"
2025-10-25 13:22:11,250.87,0xff,0x83,0xff,0x3f,0x61,0xff,"ff 83 ff 3f 61 ff 00 00"
2025-10-25 13:22:11,250.87,0xff,0x83,0xff,0x3f,0x61,0xff,"ff 83 ff 3f 61 ff 00 00"
2025-10-25 13:22:11,252.18,0xff,0xa3,0xff,0x45,0x62,0x82,"ff a3 ff 45 62 82 00 00"
2025-10-25 13:22:11,252.18,0xff,0xa3,0xff,0x45,0x62,0x82,"ff a3 ff 45 62 82 00 00"
2025-10-25 13:22:11,252.18,0xff,0xa3,0xff,0x45,0x62,0x82,"ff a3 ff 45 62 82 00 00"
2025-10-25 13:22:11,253.68,0xff,0xce,0xff,0x5e,0x63,0x18,"ff ce ff 5e 63 18 00 00"
2025-10-25 13:22:11,253.68,0xff,0xce,0xff,0x5e,0x63,0x18,"ff ce ff 5e 63 18 00 00"
2025-10-25 13:22:11,253.93,0xff,0xbc,0xff,0x5e,0x63,0x31,"ff bc ff 5e 63 31 00 00"
2025-10-25 13:22:11,253.93,0xff,0xbc,0xff,0x5e,0x63,0x31,"ff bc ff 5e 63 31 00 00"
2025-10-25 13:22:11,254.31,0xff,0x90,0xff,0x4b,0x63,0x57,"ff 90 ff 4b 63 57 00 00"
2025-10-25 13:22:11,254.31,0xff,0x90,0xff,0x4b,0x63,0x57,"ff 90 ff 4b 63 57 00 00"
2025-10-25 13:22:11,254.31,0xff,0x90,0xff,0x4b,0x63,0x57,"ff 90 ff 4b 63 57 00 00"
2025-10-25 13:22:11,255.12,0xff,0x9c,0xff,0x45,0x63,0xa8,"ff 9c ff 45 63 a8 00 00"
2025-10-25 13:22:11,255.12,0xff,0x9c,0xff,0x45,0x63,0xa8,"ff 9c ff 45 63 a8 00 00"
2025-10-25 13:22:11,256,0xff,0xbc,0xff,0x4b,0x64,0x00,"ff bc ff 4b 64 00 00 00"
2025-10-25 13:22:11,256,0xff,0xbc,0xff,0x4b,0x64,0x00,"ff bc ff 4b 64 00 00 00"
2025-10-25 13:22:11,256,0xff,0xbc,0xff,0x4b,0x64,0x00,"ff bc ff 4b 64 00 00 00"
2025-10-25 13:22:11,256.18,0xff,0xc2,0xff,0x4b,0x64,0x12,"ff c2 ff 4b 64 12 00 00"
2025-10-25 13:22:11,256.18,0xff,0xc2,0xff,0x4b,0x64,0x12,"ff c2 ff 4b 64 12 00 00"
2025-10-25 13:22:11,256.18,0xff,0xc2,0xff,0x4b,0x64,0x12,"ff c2 ff 4b 64 12 00 00"
2025-10-25 13:22:11,256.18,0xff,0xa9,0xff,0x3f,0x64,0x12,"ff a9 ff 3f 64 12 00 00"
2025-10-25 13:22:11,256.18,0xff,0xa9,0xff,0x3f,0x64,0x12,"ff a9 ff 3f 64 12 00 00"
2025-10-25 13:22:11,256.18,0xff,0xc8,0xff,0x32,0x64,0x12,"ff c8 ff 32 64 12 00 00"
2025-10-25 13:22:11,256.18,0xff,0xc8,0xff,0x32,0x64,0x12,"ff c8 ff 32 64 12 00 00"
2025-10-25 13:22:11,256.18,0xff,0xc8,0xff,0x32,0x64,0x12,"ff c8 ff 32 64 12 00 00"
2025-10-25 13:22:11,258.37,0xff,0xa3,0xff,0x3f,0x64,0xed,"ff a3 ff 3f 64 ed 00 00"
2025-10-25 13:22:11,258.37,0xff,0xa3,0xff,0x3f,0x64,0xed,"ff a3 ff 3f 64 ed 00 00"
2025-10-25 13:22:11,259.5,0xff,0x6a,0xff,0x6a,0x65,0x5e,"ff 6a ff 6a 65 5e 00 00"
2025-10-25 13:22:11,259.5,0xff,0x6a,0xff,0x6a,0x65,0x5e,"ff 6a ff 6a 65 5e 00 00"
2025-10-25 13:22:11,259.5,0xff,0x6a,0xff,0x6a,0x65,0x5e,"ff 6a ff 6a 65 5e 00 00"
2025-10-25 13:22:11,260.62,0xff,0x58,0xff,0x9c,0x65,0xce,"ff 58 ff 9c 65 ce 00 00"
2025-10-25 13:22:11,260.62,0xff,0x58,0xff,0x9c,0x65,0xce,"ff 58 ff 9c 65 ce 00 00"
2025-10-25 13:22:11,260.62,0xff,0x58,0xff,0x9c,0x65,0xce,"ff 58 ff 9c 65 ce 00 00"
2025-10-25 13:22:12,261.43,0xff,0x6a,0xff,0xaf,0x66,0x1f,"ff 6a ff af 66 1f 00 00"
2025-10-25 13:22:12,261.43,0xff,0x6a,0xff,0xaf,0x66,0x1f,"ff 6a ff af 66 1f 00 00"
2025-10-25 13:22:12,262.37,0xff,0x7d,0xff,0x90,0x66,0x7d,"ff 7d ff 90 66 7d 00 00"
2025-10-25 13:22:12,262.37,0xff,0x7d,0xff,0x90,0x66,0x7d,"ff 7d ff 90 66 7d 00 00"
2025-10-25 13:22:12,262.37,0xff,0x7d,0xff,0x90,0x66,0x7d,"ff 7d ff 90 66 7d 00 00"
2025-10-25 13:22:12,262.43,0xff,0x8a,0xff,0x6a,0x66,0x83,"ff 8a ff 6a 66 83 00 00"
2025-10-25 13:22:12,262.43,0xff,0x8a,0xff,0x6a,0x66,0x83,"ff 8a ff 6a 66 83 00 00"
2025-10-25 13:22:12,262.43,0xff,0x8a,0xff,0x6a,0x66,0x83,"ff 8a ff 6a 66 83 00 00"
2025-10-25 13:22:12,263.25,0xff,0x90,0xff,0x5e,0x66,0xd5,"ff 90 ff 5e 66 d5 00 00"
2025-10-25 13:22:12,263.25,0xff,0x90,0xff,0x5e,0x66,0xd5,"ff 90 ff 5e 66 d5 00 00"
2025-10-25 13:22:12,263.25,0xff,0x9c,0xff,0x71,0x66,0xd5,"ff 9c ff 71 66 d5 00 00"
2025-10-25 13:22:12,263.25,0xff,0x9c,0xff,0x71,0x66,0xd5,"ff 9c ff 71 66 d5 00 00"
2025-10-25 13:22:12,263.25,0xff,0x9c,0xff,0x71,0x66,0xd5,"ff 9c ff 71 66 d5 00 00"
2025-10-25 13:22:12,263.68,0xff,0xb5,0xff,0x7d,0x67,0x00,"ff b5 ff 7d 67 00 00 00"
2025-10-25 13:22:12,263.68,0xff,0xb5,0xff,0x7d,0x67,0x00,"ff b5 ff 7d 67 00 00 00"
2025-10-25 13:22:12,263.68,0xff,0xb5,0xff,0x7d,0x67,0x00,"ff b5 ff 7d 67 00 00 00"
2025-10-25 13:22:12,263.68,0xff,0xb5,0xff,0x7d,0x67,0x00,"ff b5 ff 7d 67 00 00 00"
2025-10-25 13:22:12,263.68,0xff,0xb5,0xff,0x7d,0x67,0x00,"ff b5 ff 7d 67 00 00 00"
2025-10-25 13:22:12,265.18,0xff,0xb5,0xff,0x7d,0x67,0x96,"ff b5 ff 7d 67 96 00 00"
2025-10-25 13:22:12,265.18,0xff,0xb5,0xff,0x7d,0x67,0x96,"ff b5 ff 7d 67 96 00 00"
2025-10-25 13:22:12,265.93,0xff,0xb5,0xff,0x7d,0x67,0xe1,"ff b5 ff 7d 67 e1 00 00"
2025-10-25 13:22:12,265.93,0xff,0xb5,0xff,0x7d,0x67,0xe1,"ff b5 ff 7d 67 e1 00 00"
2025-10-25 13:22:12,265.93,0xff,0xb5,0xff,0x7d,0x67,0xe1,"ff b5 ff 7d 67 e1 00 00"
2025-10-25 13:22:12,266.68,0xff,0xb5,0xff,0x7d,0x68,0x2c,"ff b5 ff 7d 68 2c 00 00"
2025-10-25 13:22:12,266.68,0xff,0xb5,0xff,0x7d,0x68,0x2c,"ff b5 ff 7d 68 2c 00 00"
2025-10-25 13:22:12,266.68,0xff,0xb5,0xff,0x7d,0x68,0x2c,"ff b5 ff 7d 68 2c 00 00"
2025-10-25 13:22:12,267.43,0xff,0x83,0xff,0x8a,0x68,0x77,"ff 83 ff 8a 68 77 00 00"
2025-10-25 13:22:12,267.43,0xff,0x83,0xff,0x8a,0x68,0x77,"ff 83 ff 8a 68 77 00 00"
2025-10-25 13:22:12,267.06,0xff,0x9c,0xff,0x77,0x68,0x52,"ff 9c ff 77 68 52 00 00"
2025-10-25 13:22:12,267.06,0xff,0x9c,0xff,0x77,0x68,0x52,"ff 9c ff 77 68 52 00 00"
2025-10-25 13:22:12,267.06,0xff,0x9c,0xff,0x77,0x68,0x52,"ff 9c ff 77 68 52 00 00"
2025-10-25 13:22:12,267.43,0xff,0xd5,0xff,0x71,0x68,0x77,"ff d5 ff 71 68 77 00 00"
2025-10-25 13:22:12,267.43,0xff,0xd5,0xff,0x71,0x68,0x77,"ff d5 ff 71 68 77 00 00"
2025-10-25 13:22:12,267.43,0xff,0xd5,0xff,0x71,0x68,0x77,"ff d5 ff 71 68 77 00 00"
2025-10-25 13:22:12,267.81,0xff,0xd5,0xff,0x71,0x68,0x9d,"ff d5 ff 71 68 9d 00 00"
2025-10-25 13:22:12,267.81,0xff,0xd5,0xff,0x71,0x68,0x9d,"ff d5 ff 71 68 9d 00 00"
2025-10-25 13:22:12,268.18,0xff,0xa3,0xff,0x8a,0x68,0xc2,"ff a3 ff 8a 68 c2 00 00"
2025-10-25 13:22:12,268.18,0xff,0xa3,0xff,0x8a,0x68,0xc2,"ff a3 ff 8a 68 c2 00 00"
2025-10-25 13:22:12,268.18,0xff,0xa3,0xff,0x8a,0x68,0xc2,"ff a3 ff 8a 68 c2 00 00"
2025-10-25 13:22:12,268.12,0xff,0x64,0xff,0x8a,0x68,0xbc,"ff 64 ff 8a 68 bc 00 00"
2025-10-25 13:22:12,268.12,0xff,0x64,0xff,0x8a,0x68,0xbc,"ff 64 ff 8a 68 bc 00 00"
2025-10-25 13:22:12,268.12,0xff,0x77,0xff,0x96,0x68,0xbc,"ff 77 ff 96 68 bc 00 00"
2025-10-25 13:22:12,268.12,0xff,0x77,0xff,0x96,0x68,0xbc,"ff 77 ff 96 68 bc 00 00"
2025-10-25 13:22:12,268.12,0xff,0x77,0xff,0x96,0x68,0xbc,"ff 77 ff 96 68 bc 00 00"
2025-10-25 13:22:12,268.18,0xff,0xa9,0xff,0x8a,0x68,0xc2,"ff a9 ff 8a 68 c2 00 00"
2025-10-25 13:22:12,268.18,0xff,0xa9,0xff,0x8a,0x68,0xc2,"ff a9 ff 8a 68 c2 00 00"
2025-10-25 13:22:12,268.18,0xff,0xa9,0xff,0x8a,0x68,0xc2,"ff a9 ff 8a 68 c2 00 00"
2025-10-25 13:22:12,267.81,0xff,0xc2,0xff,0x5e,0x68,0x9d,"ff c2 ff 5e 68 9d 00 00"
2025-10-25 13:22:12,267.81,0xff,0xc2,0xff,0x5e,0x68,0x9d,"ff c2 ff 5e 68 9d 00 00"
2025-10-25 13:22:12,267.06,0xff,0xa3,0xff,0x19,0x68,0x52,"ff a3 ff 19 68 52 00 00"
2025-10-25 13:22:12,267.06,0xff,0xa3,0xff,0x19,0x68,0x52,"ff a3 ff 19 68 52 00 00"
2025-10-25 13:22:12,267.06,0xff,0xa3,0xff,0x19,0x68,0x52,"ff a3 ff 19 68 52 00 00"
2025-10-25 13:22:13,267.06,0xff,0x7d,0xff,0x0a,0x68,0x52,"ff 7d ff 0a 68 52 00 00"
2025-10-25 13:22:13,268.87,0xff,0x77,0xff,0x1f,0x69,0x07,"ff 77 ff 1f 69 07 00 00"
2025-10-25 13:22:13,268.87,0xff,0x77,0xff,0x1f,0x69,0x07,"ff 77 ff 1f 69 07 00 00"
2025-10-25 13:22:13,268.87,0xff,0x77,0xff,0x1f,0x69,0x07,"ff 77 ff 1f 69 07 00 00"
2025-10-25 13:22:13,270.68,0xff,0x96,0xff,0x45,0x69,0xbc,"ff 96 ff 45 69 bc 00 00"
2025-10-25 13:22:13,270.68,0xff,0x96,0xff,0x45,0x69,0xbc,"ff 96 ff 45 69 bc 00 00"
2025-10-25 13:22:13,271,0xff,0xc2,0xff,0x7d,0x69,0xdc,"ff c2 ff 7d 69 dc 00 00"
2025-10-25 13:22:13,271,0xff,0xc2,0xff,0x7d,0x69,0xdc,"ff c2 ff 7d 69 dc 00 00"
2025-10-25 13:22:13,271,0xff,0xc2,0xff,0x7d,0x69,0xdc,"ff c2 ff 7d 69 dc 00 00"
2025-10-25 13:22:13,271.68,0xff,0xa3,0xff,0x71,0x6a,0x20,"ff a3 ff 71 6a 20 00 00"
2025-10-25 13:22:13,271.68,0xff,0xa3,0xff,0x71,0x6a,0x20,"ff a3 ff 71 6a 20 00 00"
2025-10-25 13:22:13,271.68,0xff,0xa3,0xff,0x71,0x6a,0x20,"ff a3 ff 71 6a 20 00 00"
2025-10-25 13:22:13,272.43,0xff,0x96,0xff,0x45,0x6a,0x6b,"ff 96 ff 45 6a 6b 00 00"
2025-10-25 13:22:13,272.43,0xff,0x96,0xff,0x45,0x6a,0x6b,"ff 96 ff 45 6a 6b 00 00"
2025-10-25 13:22:13,273.06,0xff,0xbc,0xff,0x38,0x6a,0xaa,"ff bc ff 38 6a aa 00 00"
2025-10-25 13:22:13,273.06,0xff,0xbc,0xff,0x38,0x6a,0xaa,"ff bc ff 38 6a aa 00 00"
2025-10-25 13:22:13,273.06,0xff,0xbc,0xff,0x38,0x6a,0xaa,"ff bc ff 38 6a aa 00 00"
2025-10-25 13:22:13,273.75,0xff,0xa9,0xff,0x51,0x6a,0xef,"ff a9 ff 51 6a ef 00 00"
2025-10-25 13:22:13,273.75,0xff,0xa9,0xff,0x51,0x6a,0xef,"ff a9 ff 51 6a ef 00 00"
2025-10-25 13:22:13,274.12,0xff,0x8a,0xff,0x51,0x6b,0x14,"ff 8a ff 51 6b 14 00 00"
2025-10-25 13:22:13,274.12,0xff,0x8a,0xff,0x51,0x6b,0x14,"ff 8a ff 51 6b 14 00 00"
2025-10-25 13:22:13,274.12,0xff,0x8a,0xff,0x51,0x6b,0x14,"ff 8a ff 51 6b 14 00 00"
2025-10-25 13:22:13,273.75,0xff,0xa9,0xff,0x3f,0x6a,0xef,"ff a9 ff 3f 6a ef 00 00"
2025-10-25 13:22:13,273.75,0xff,0xa9,0xff,0x3f,0x6a,0xef,"ff a9 ff 3f 6a ef 00 00"
2025-10-25 13:22:13,273.75,0xff,0xa9,0xff,0x3f,0x6a,0xef,"ff a9 ff 3f 6a ef 00 00"
2025-10-25 13:22:13,273.75,0xff,0xa9,0xff,0x3f,0x6a,0xef,"ff a9 ff 3f 6a ef 00 00"
2025-10-25 13:22:13,273.75,0xff,0xa9,0xff,0x3f,0x6a,0xef,"ff a9 ff 3f 6a ef 00 00"
2025-10-25 13:22:13,273.75,0xff,0xa9,0xff,0x3f,0x6a,0xef,"ff a9 ff 3f 6a ef 00 00"
2025-10-25 13:22:13,273.75,0xff,0xa9,0xff,0x3f,0x6a,0xef,"ff a9 ff 3f 6a ef 00 00"
2025-10-25 13:22:13,273.75,0xff,0xa9,0xff,0x3f,0x6a,0xef,"ff a9 ff 3f 6a ef 00 00"
2025-10-25 13:22:13,273.75,0xff,0xa9,0xff,0x3f,0x6a,0xef,"ff a9 ff 3f 6a ef 00 00"
2025-10-25 13:22:13,273.75,0xff,0xa9,0xff,0x3f,0x6a,0xef,"ff a9 ff 3f 6a ef 00 00"
2025-10-25 13:22:13,273.75,0xff,0xa9,0xff,0x3f,0x6a,0xef,"ff a9 ff 3f 6a ef 00 00"
2025-10-25 13:22:13,273.75,0xff,0xa9,0xff,0x3f,0x6a,0xef,"ff a9 ff 3f 6a ef 00 00"
2025-10-25 13:22:13,273.75,0xff,0xa9,0xff,0x3f,0x6a,0xef,"ff a9 ff 3f 6a ef 00 00"
2025-10-25 13:22:13,273.75,0xff,0xa9,0xff,0x3f,0x6a,0xef,"ff a9 ff 3f 6a ef 00 00"
2025-10-25 13:22:13,273.75,0xff,0xa9,0xff,0x3f,0x6a,0xef,"ff a9 ff 3f 6a ef 00 00"
2025-10-25 13:22:13,273.75,0xff,0xa9,0xff,0x3f,0x6a,0xef,"ff a9 ff 3f 6a ef 00 00"
2025-10-25 13:22:13,275.06,0xff,0xa9,0xff,0x3f,0x6b,0x72,"ff a9 ff 3f 6b 72 00 00"
2025-10-25 13:22:13,275.06,0xff,0xa9,0xff,0x3f,0x6b,0x72,"ff a9 ff 3f 6b 72 00 00"
2025-10-25 13:22:13,276.43,0xff,0xa9,0xff,0x3f,0x6b,0xfb,"ff a9 ff 3f 6b fb 00 00"
2025-10-25 13:22:13,276.43,0xff,0xa9,0xff,0x3f,0x6b,0xfb,"ff a9 ff 3f 6b fb 00 00"
2025-10-25 13:22:13,276.43,0xff,0xa9,0xff,0x3f,0x6b,0xfb,"ff a9 ff 3f 6b fb 00 00"
2025-10-25 13:22:13,277.37,0xff,0xa9,0xff,0x3f,0x6c,0x59,"ff a9 ff 3f 6c 59 00 00"
2025-10-25 13:22:13,277.37,0xff,0xa9,0xff,0x3f,0x6c,0x59,"ff a9 ff 3f 6c 59 00 00"
2025-10-25 13:22:13,277.37,0xff,0xa9,0xff,0x3f,0x6c,0x59,"ff a9 ff 3f 6c 59 00 00"
2025-10-25 13:22:13,278.06,0xff,0x90,0xff,0x64,0x6c,0x9e,"ff 90 ff 64 6c 9e 00 00"
2025-10-25 13:22:13,278.06,0xff,0x90,0xff,0x64,0x6c,0x9e,"ff 90 ff 64 6c 9e 00 00"
2025-10-25 13:22:13,278.31,0xff,0x90,0xff,0x7d,0x6c,0xb7,"ff 90 ff 7d 6c b7 00 00"
2025-10-25 13:22:13,278.31,0xff,0x90,0xff,0x7d,0x6c,0xb7,"ff 90 ff 7d 6c b7 00 00"
2025-10-25 13:22:13,278.31,0xff,0x90,0xff,0x7d,0x6c,0xb7,"ff 90 ff 7d 6c b7 00 00"
2025-10-25 13:22:14,279.31,0xff,0x96,0xff,0x5e,0x6d,0x1b,"ff 96 ff 5e 6d 1b 00 00"
2025-10-25 13:22:14,279.31,0xff,0x96,0xff,0x5e,0x6d,0x1b,"ff 96 ff 5e 6d 1b 00 00"
2025-10-25 13:22:14,279.18,0xff,0xaf,0xff,0x38,0x6d,0x0e,"ff af ff 38 6d 0e 00 00"
2025-10-25 13:22:14,279.18,0xff,0xaf,0xff,0x38,0x6d,0x0e,"ff af ff 38 6d 0e 00 00"
2025-10-25 13:22:14,279.18,0xff,0xaf,0xff,0x38,0x6d,0x0e,"ff af ff 38 6d 0e 00 00"
2025-10-25 13:22:14,279.5,0xff,0xc2,0xff,0x38,0x6d,0x2e,"ff c2 ff 38 6d 2e 00 00"
2025-10-25 13:22:14,279.5,0xff,0xc2,0xff,0x38,0x6d,0x2e,"ff c2 ff 38 6d 2e 00 00"
2025-10-25 13:22:14,279.5,0xff,0xc8,0xff,0x45,0x6d,0x2e,"ff c8 ff 45 6d 2e 00 00"
2025-10-25 13:22:14,279.5,0xff,0xc8,0xff,0x45,0x6d,0x2e,"ff c8 ff 45 6d 2e 00 00"
2025-10-25 13:22:14,279.5,0xff,0xc8,0xff,0x45,0x6d,0x2e,"ff c8 ff 45 6d 2e 00 00"
2025-10-25 13:22:14,279.81,0xff,0xd5,0xff,0x58,0x6d,0x4d,"ff d5 ff 58 6d 4d 00 00"
2025-10-25 13:22:14,279.81,0xff,0xd5,0xff,0x58,0x6d,0x4d,"ff d5 ff 58 6d 4d 00 00"
2025-10-25 13:22:14,279.81,0xff,0xd5,0xff,0x58,0x6d,0x4d,"ff d5 ff 58 6d 4d 00 00"
2025-10-25 13:22:14,281.06,0xff,0xd5,0xff,0x58,0x6d,0xca,"ff d5 ff 58 6d ca 00 00"
2025-10-25 13:22:14,281.06,0xff,0xd5,0xff,0x58,0x6d,0xca,"ff d5 ff 58 6d ca 00 00"
2025-10-25 13:22:14,281.93,0xff,0xb5,0xff,0x38,0x6e,0x21,"ff b5 ff 38 6e 21 00 00"
2025-10-25 13:22:14,281.93,0xff,0xb5,0xff,0x38,0x6e,0x21,"ff b5 ff 38 6e 21 00 00"
2025-10-25 13:22:14,281.93,0xff,0xb5,0xff,0x38,0x6e,0x21,"ff b5 ff 38 6e 21 00 00"
2025-10-25 13:22:14,282.43,0xff,0xce,0xff,0x32,0x6e,0x53,"ff ce ff 32 6e 53 00 00"
2025-10-25 13:22:14,282.43,0xff,0xce,0xff,0x32,0x6e,0x53,"ff ce ff 32 6e 53 00 00"
2025-10-25 13:22:14,282.43,0xff,0xce,0xff,0x32,0x6e,0x53,"ff ce ff 32 6e 53 00 00"
2025-10-25 13:22:14,283.25,0xff,0xf4,0xff,0x51,0x6e,0xa5,"ff f4 ff 51 6e a5 00 00"
2025-10-25 13:22:14,283.25,0xff,0xf4,0xff,0x51,0x6e,0xa5,"ff f4 ff 51 6e a5 00 00"
2025-10-25 13:22:14,284.25,0xff,0xc2,0xff,0x9c,0x6f,0x09,"ff c2 ff 9c 6f 09 00 00"
2025-10-25 13:22:14,284.25,0xff,0xc2,0xff,0x9c,0x6f,0x09,"ff c2 ff 9c 6f 09 00 00"
2025-10-25 13:22:14,284.25,0xff,0xc2,0xff,0x9c,0x6f,0x09,"ff c2 ff 9c 6f 09 00 00"
2025-10-25 13:22:14,284.93,0xff,0x96,0xff,0x96,0x6f,0x4d,"ff 96 ff 96 6f 4d 00 00"
2025-10-25 13:22:14,284.93,0xff,0x96,0xff,0x96,0x6f,0x4d,"ff 96 ff 96 6f 4d 00 00"
2025-10-25 13:22:14,285.31,0xff,0x8a,0xff,0x6a,0x6f,0x73,"ff 8a ff 6a 6f 73 00 00"
2025-10-25 13:22:14,285.31,0xff,0x8a,0xff,0x6a,0x6f,0x73,"ff 8a ff 6a 6f 73 00 00"
2025-10-25 13:22:14,285.31,0xff,0x8a,0xff,0x6a,0x6f,0x73,"ff 8a ff 6a 6f 73 00 00"
2025-10-25 13:22:14,285.37,0xff,0x9c,0xff,0x45,0x6f,0x79,"ff 9c ff 45 6f 79 00 00"
2025-10-25 13:22:14,285.37,0xff,0x9c,0xff,0x45,0x6f,0x79,"ff 9c ff 45 6f 79 00 00"
2025-10-25 13:22:14,285.37,0xff,0x9c,0xff,0x45,0x6f,0x79,"ff 9c ff 45 6f 79 00 00"
2025-10-25 13:22:14,285.5,0xff,0xdb,0xff,0x71,0x6f,0x86,"ff db ff 71 6f 86 00 00"
2025-10-25 13:22:14,285.5,0xff,0xdb,0xff,0x71,0x6f,0x86,"ff db ff 71 6f 86 00 00"
2025-10-25 13:22:14,285.81,0xff,0xfa,0xff,0x8a,0x6f,0xa5,"ff fa ff 8a 6f a5 00 00"
2025-10-25 13:22:14,285.81,0xff,0xfa,0xff,0x8a,0x6f,0xa5,"ff fa ff 8a 6f a5 00 00"
2025-10-25 13:22:14,285.81,0xff,0xfa,0xff,0x8a,0x6f,0xa5,"ff fa ff 8a 6f a5 00 00"
2025-10-25 13:22:14,286.75,0xff,0xe7,0xff,0x51,0x70,0x03,"ff e7 ff 51 70 03 00 00"
2025-10-25 13:22:14,286.75,0xff,0xe7,0xff,0x51,0x70,0x03,"ff e7 ff 51 70 03 00 00"
2025-10-25 13:22:14,286.75,0xff,0xe7,0xff,0x51,0x70,0x03,"ff e7 ff 51 70 03 00 00"
2025-10-25 13:22:14,287.31,0xff,0xbc,0xff,0x38,0x70,0x3b,"ff bc ff 38 70 3b 00 00"
2025-10-25 13:22:14,287.31,0xff,0xbc,0xff,0x38,0x70,0x3b,"ff bc ff 38 70 3b 00 00"
2025-10-25 13:22:14,288,0xff,0x83,0xff,0x3f,0x70,0x80,"ff 83 ff 3f 70 80 00 00"
2025-10-25 13:22:14,288,0xff,0x83,0xff,0x3f,0x70,0x80,"ff 83 ff 3f 70 80 00 00"
2025-10-25 13:22:14,288,0xff,0x83,0xff,0x3f,0x70,0x80,"ff 83 ff 3f 70 80 00 00"
2025-10-25 13:22:14,289.31,0xff,0x83,0xff,0x58,0x71,0x03,"ff 83 ff 58 71 03 00 00"
2025-10-25 13:22:14,289.31,0xff,0x83,0xff,0x58,0x71,0x03,"ff 83 ff 58 71 03 00 00"
2025-10-25 13:22:14,290.06,0xff,0xce,0xff,0x77,0x71,0x4e,"ff ce ff 77 71 4e 00 00"
2025-10-25 13:22:14,290.06,0xff,0xce,0xff,0x77,0x71,0x4e,"ff ce ff 77 71 4e 00 00"
2025-10-25 13:22:14,290.06,0xff,0xce,0xff,0x77,0x71,0x4e,"ff ce ff 77 71 4e 00 00"
2025-10-25 13:22:15,290.5,0x00,0x00,0xff,0x6a,0x71,0x7a,"00 00 ff 6a 71 7a 00 00"
2025-10-25 13:22:15,290.5,0x00,0x00,0xff,0x6a,0x71,0x7a,"00 00 ff 6a 71 7a 00 00"
2025-10-25 13:22:15,290.25,0xff,0xdb,0xff,0x3f,0x71,0x61,"ff db ff 3f 71 61 00 00"
2025-10-25 13:22:15,290.25,0xff,0xdb,0xff,0x3f,0x71,0x61,"ff db ff 3f 71 61 00 00"
2025-10-25 13:22:15,290.25,0xff,0xdb,0xff,0x3f,0x71,0x61,"ff db ff 3f 71 61 00 00"
2025-10-25 13:22:15,290.18,0xff,0x96,0xff,0x1f,0x71,0x5a,"ff 96 ff 1f 71 5a 00 00"
2025-10-25 13:22:15,290.18,0xff,0x96,0xff,0x1f,0x71,0x5a,"ff 96 ff 1f 71 5a 00 00"
2025-10-25 13:22:15,290.18,0xff,0x96,0xff,0x1f,0x71,0x5a,"ff 96 ff 1f 71 5a 00 00"
2025-10-25 13:22:15,290.37,0xff,0xbc,0xff,0x26,0x71,0x6d,"ff bc ff 26 71 6d 00 00"
2025-10-25 13:22:15,290.37,0xff,0xbc,0xff,0x26,0x71,0x6d,"ff bc ff 26 71 6d 00 00"
2025-10-25 13:22:15,290.5,0xff,0xdb,0xff,0x58,0x71,0x7a,"ff db ff 58 71 7a 00 00"
2025-10-25 13:22:15,290.5,0xff,0xdb,0xff,0x58,0x71,0x7a,"ff db ff 58 71 7a 00 00"
2025-10-25 13:22:15,290.5,0xff,0xdb,0xff,0x58,0x71,0x7a,"ff db ff 58 71 7a 00 00"
2025-10-25 13:22:15,290.93,0xff,0xaf,0xff,0x83,0x71,0xa5,"ff af ff 83 71 a5 00 00"
2025-10-25 13:22:15,290.93,0xff,0xaf,0xff,0x83,0x71,0xa5,"ff af ff 83 71 a5 00 00"
2025-10-25 13:22:15,292.18,0xff,0xbc,0xff,0x7d,0x72,0x22,"ff bc ff 7d 72 22 00 00"
2025-10-25 13:22:15,292.18,0xff,0xbc,0xff,0x7d,0x72,0x22,"ff bc ff 7d 72 22 00 00"
2025-10-25 13:22:15,292.18,0xff,0xbc,0xff,0x7d,0x72,0x22,"ff bc ff 7d 72 22 00 00"
2025-10-25 13:22:15,292.87,0xff,0xdb,0xff,0x58,0x72,0x67,"ff db ff 58 72 67 00 00"
2025-10-25 13:22:15,292.87,0xff,0xdb,0xff,0x58,0x72,0x67,"ff db ff 58 72 67 00 00"
2025-10-25 13:22:15,292.87,0xff,0xdb,0xff,0x58,0x72,0x67,"ff db ff 58 72 67 00 00"
2025-10-25 13:22:15,293.68,0xff,0xce,0xff,0x5e,0x72,0xb8,"ff ce ff 5e 72 b8 00 00"
2025-10-25 13:22:15,293.68,0xff,0xce,0xff,0x5e,0x72,0xb8,"ff ce ff 5e 72 b8 00 00"
2025-10-25 13:22:15,294.06,0xff,0xbc,0xff,0x64,0x72,0xde,"ff bc ff 64 72 de 00 00"
2025-10-25 13:22:15,294.06,0xff,0xbc,0xff,0x64,0x72,0xde,"ff bc ff 64 72 de 00 00"
2025-10-25 13:22:15,294.06,0xff,0xbc,0xff,0x64,0x72,0xde,"ff bc ff 64 72 de 00 00"
2025-10-25 13:22:15,294.62,0xff,0xa9,0xff,0x6a,0x73,0x16,"ff a9 ff 6a 73 16 00 00"
2025-10-25 13:22:15,294.62,0xff,0xa9,0xff,0x6a,0x73,0x16,"ff a9 ff 6a 73 16 00 00"
2025-10-25 13:22:15,294.62,0xff,0xa9,0xff,0x6a,0x73,0x16,"ff a9 ff 6a 73 16 00 00"
2025-10-25 13:22:15,295.43,0xff,0xb5,0xff,0x7d,0x73,0x67,"ff b5 ff 7d 73 67 00 00"
2025-10-25 13:22:15,295.43,0xff,0xb5,0xff,0x7d,0x73,0x67,"ff b5 ff 7d 73 67 00 00"
2025-10-25 13:22:15,295.43,0xff,0xb5,0xff,0x7d,0x73,0x67,"ff b5 ff 7d 73 67 00 00"
2025-10-25 13:22:15,296.12,0xff,0xb5,0xff,0x7d,0x73,0xac,"ff b5 ff 7d 73 ac 00 00"
2025-10-25 13:22:15,296.12,0xff,0xb5,0xff,0x7d,0x73,0xac,"ff b5 ff 7d 73 ac 00 00"
2025-10-25 13:22:15,296.12,0xff,0xb5,0xff,0x7d,0x73,0xac,"ff b5 ff 7d 73 ac 00 00"
2025-10-25 13:22:15,296.12,0xff,0xb5,0xff,0x7d,0x73,0xac,"ff b5 ff 7d 73 ac 00 00"
2025-10-25 13:22:15,296.12,0xff,0xb5,0xff,0x7d,0x73,0xac,"ff b5 ff 7d 73 ac 00 00"
2025-10-25 13:22:15,296.12,0xff,0xb5,0xff,0x7d,0x73,0xac,"ff b5 ff 7d 73 ac 00 00"
2025-10-25 13:22:15,296.12,0xff,0xb5,0xff,0x7d,0x73,0xac,"ff b5 ff 7d 73 ac 00 00"
2025-10-25 13:22:15,296.12,0xff,0xb5,0xff,0x7d,0x73,0xac,"ff b5 ff 7d 73 ac 00 00"
2025-10-25 13:22:15,296.12,0xff,0xb5,0xff,0x7d,0x73,0xac,"ff b5 ff 7d 73 ac 00 00"
2025-10-25 13:22:15,296.12,0xff,0xb5,0xff,0x7d,0x73,0xac,"ff b5 ff 7d 73 ac 00 00"
2025-10-25 13:22:15,297.31,0xff,0xb5,0xff,0x7d,0x74,0x23,"ff b5 ff 7d 74 23 00 00"
2025-10-25 13:22:15,297.31,0xff,0xb5,0xff,0x7d,0x74,0x23,"ff b5 ff 7d 74 23 00 00"
2025-10-25 13:22:15,297.31,0xff,0xb5,0xff,0x7d,0x74,0x23,"ff b5 ff 7d 74 23 00 00"
2025-10-25 13:22:15,298,0xff,0xb5,0xff,0x7d,0x74,0x68,"ff b5 ff 7d 74 68 00 00"
2025-10-25 13:22:15,298,0xff,0xb5,0xff,0x7d,0x74,0x68,"ff b5 ff 7d 74 68 00 00"
2025-10-25 13:22:15,298.75,0xff,0xd5,0xff,0x58,0x74,0xb3,"ff d5 ff 58 74 b3 00 00"
2025-10-25 13:22:15,298.75,0xff,0xd5,0xff,0x58,0x74,0xb3,"ff d5 ff 58 74 b3 00 00"
2025-10-25 13:22:15,298.75,0xff,0xd5,0xff,0x58,0x74,0xb3,"ff d5 ff 58 74 b3 00 00"
2025-10-25 13:22:15,298.87,0xff,0xdb,0xff,0x2c,0x74,0xbf,"ff db ff 2c 74 bf 00 00"
2025-10-25 13:22:15,298.87,0xff,0xdb,0xff,0x2c,0x74,0xbf,"ff db ff 2c 74 bf 00 00"
2025-10-25 13:22:16,299.68,0xff,0xd5,0xff,0x32,0x75,0x10,"ff d5 ff 32 75 10 00 00"
2025-10-25 13:22:16,299.68,0xff,0xd5,0xff,0x32,0x75,0x10,"ff d5 ff 32 75 10 00 00"
2025-10-25 13:22:16,299.68,0xff,0xd5,0xff,0x32,0x75,0x10,"ff d5 ff 32 75 10 00 00"
2025-10-25 13:22:16,300.06,0xff,0xc8,0xff,0x45,0x75,0x36,"ff c8 ff 45 75 36 00 00"
2025-10-25 13:22:16,300.06,0xff,0xc8,0xff,0x45,0x75,0x36,"ff c8 ff 45 75 36 00 00"
2025-10-25 13:22:16,300.81,0xff,0xb5,0xff,0x4b,0x75,0x81,"ff b5 ff 4b 75 81 00 00"
2025-10-25 13:22:16,300.81,0xff,0xb5,0xff,0x4b,0x75,0x81,"ff b5 ff 4b 75 81 00 00"
2025-10-25 13:22:16,300.81,0xff,0xb5,0xff,0x4b,0x75,0x81,"ff b5 ff 4b 75 81 00 00"
2025-10-25 13:22:16,301.06,0xff,0xc8,0xff,0x5e,0x75,0x9a,"ff c8 ff 5e 75 9a 00 00"
2025-10-25 13:22:16,301.06,0xff,0xc8,0xff,0x5e,0x75,0x9a,"ff c8 ff 5e 75 9a 00 00"
2025-10-25 13:22:16,301.06,0xff,0xc8,0xff,0x5e,0x75,0x9a,"ff c8 ff 5e 75 9a 00 00"
2025-10-25 13:22:16,302.25,0xff,0xd5,0xff,0x58,0x76,0x11,"ff d5 ff 58 76 11 00 00"
2025-10-25 13:22:16,302.25,0xff,0xd5,0xff,0x58,0x76,0x11,"ff d5 ff 58 76 11 00 00"
2025-10-25 13:22:16,302.68,0xff,0xd5,0xff,0x58,0x76,0x3c,"ff d5 ff 58 76 3c 00 00"
2025-10-25 13:22:16,302.68,0xff,0xd5,0xff,0x58,0x76,0x3c,"ff d5 ff 58 76 3c 00 00"
2025-10-25 13:22:16,302.68,0xff,0xd5,0xff,0x58,0x76,0x3c,"ff d5 ff 58 76 3c 00 00"
2025-10-25 13:22:16,303.31,0xff,0xd5,0xff,0x58,0x76,0x7b,"ff d5 ff 58 76 7b 00 00"
2025-10-25 13:22:16,303.31,0xff,0xd5,0xff,0x58,0x76,0x7b,"ff d5 ff 58 76 7b 00 00"
2025-10-25 13:22:16,303.31,0xff,0xd5,0xff,0x58,0x76,0x7b,"ff d5 ff 58 76 7b 00 00"
2025-10-25 13:22:16,304,0xff,0xd5,0xff,0x58,0x76,0xc0,"ff d5 ff 58 76 c0 00 00"
2025-10-25 13:22:16,304,0xff,0xd5,0xff,0x58,0x76,0xc0,"ff d5 ff 58 76 c0 00 00"
2025-10-25 13:22:16,304.62,0xff,0xd5,0xff,0x58,0x76,0xfe,"ff d5 ff 58 76 fe 00 00"
2025-10-25 13:22:16,304.62,0xff,0xd5,0xff,0x58,0x76,0xfe,"ff d5 ff 58 76 fe 00 00"
2025-10-25 13:22:16,304.62,0xff,0xd5,0xff,0x58,0x76,0xfe,"ff d5 ff 58 76 fe 00 00"
2025-10-25 13:22:16,305.25,0xff,0xd5,0xff,0x58,0x77,0x3d,"ff d5 ff 58 77 3d 00 00"
2025-10-25 13:22:16,305.25,0xff,0xd5,0xff,0x58,0x77,0x3d,"ff d5 ff 58 77 3d 00 00"
2025-10-25 13:22:16,305.62,0xff,0xd5,0xff,0x58,0x77,0x62,"ff d5 ff 58 77 62 00 00"
2025-10-25 13:22:16,305.62,0xff,0xd5,0xff,0x58,0x77,0x62,"ff d5 ff 58 77 62 00 00"
2025-10-25 13:22:16,305.62,0xff,0xd5,0xff,0x58,0x77,0x62,"ff d5 ff 58 77 62 00 00"
2025-10-25 13:22:16,305.62,0xff,0xd5,0xff,0x58,0x77,0x62,"ff d5 ff 58 77 62 00 00"
2025-10-25 13:22:16,305.62,0xff,0xd5,0xff,0x58,0x77,0x62,"ff d5 ff 58 77 62 00 00"
2025-10-25 13:22:16,305.62,0xff,0xd5,0xff,0x58,0x77,0x62,"ff d5 ff 58 77 62 00 00"
2025-10-25 13:22:16,306.75,0xff,0xd5,0xff,0x58,0x77,0xd3,"ff d5 ff 58 77 d3 00 00"
2025-10-25 13:22:16,306.75,0xff,0xd5,0xff,0x58,0x77,0xd3,"ff d5 ff 58 77 d3 00 00"
2025-10-25 13:22:16,307.37,0xff,0xd5,0xff,0x58,0x78,0x11,"ff d5 ff 58 78 11 00 00"
2025-10-25 13:22:16,307.37,0xff,0xd5,0xff,0x58,0x78,0x11,"ff d5 ff 58 78 11 00 00"
2025-10-25 13:22:16,307.37,0xff,0xd5,0xff,0x58,0x78,0x11,"ff d5 ff 58 78 11 00 00"
2025-10-25 13:22:16,307.56,0xff,0xd5,0xff,0x58,0x78,0x24,"ff d5 ff 58 78 24 00 00"
2025-10-25 13:22:16,307.56,0xff,0xd5,0xff,0x58,0x78,0x24,"ff d5 ff 58 78 24 00 00"
2025-10-25 13:22:16,307.56,0xff,0xd5,0xff,0x58,0x78,0x24,"ff d5 ff 58 78 24 00 00"
2025-10-25 13:22:16,307.93,0xff,0xd5,0xff,0x58,0x78,0x49,"ff d5 ff 58 78 49 00 00"
2025-10-25 13:22:16,307.93,0xff,0xd5,0xff,0x58,0x78,0x49,"ff d5 ff 58 78 49 00 00"
2025-10-25 13:22:16,308.56,0xff,0xd5,0xff,0x58,0x78,0x88,"ff d5 ff 58 78 88 00 00"
2025-10-25 13:22:16,308.56,0xff,0xd5,0xff,0x58,0x78,0x88,"ff d5 ff 58 78 88 00 00"
2025-10-25 13:22:16,308.56,0xff,0xd5,0xff,0x58,0x78,0x88,"ff d5 ff 58 78 88 00 00"
2025-10-25 13:22:16,309.37,0xff,0xce,0xff,0x58,0x78,0xd9,"ff ce ff 58 78 d9 00 00"
2025-10-25 13:22:16,309.37,0xff,0xce,0xff,0x58,0x78,0xd9,"ff ce ff 58 78 d9 00 00"
2025-10-25 13:22:16,309.37,0xff,0xce,0xff,0x58,0x78,0xd9,"ff ce ff 58 78 d9 00 00"
2025-10-25 13:22:16,310,0xff,0xd5,0xff,0x58,0x79,0x18,"ff d5 ff 58 79 18 00 00"
2025-10-25 13:22:16,310,0xff,0xd5,0xff,0x58,0x79,0x18,"ff d5 ff 58 79 18 00 00"
2025-10-25 13:22:16,310,0xff,0xd5,0xff,0x58,0x79,0x18,"ff d5 ff 58 79 18 00 00"
2025-10-25 13:22:16,310,0xff,0xd5,0xff,0x58,0x79,0x18,"ff d5 ff 58 79 18 00 00"
2025-10-25 13:22:17,310,0xff,0xd5,0xff,0x58,0x79,0x18,"ff d5 ff 58 79 18 00 00"
2025-10-25 13:22:17,310,0xff,0xd5,0xff,0x58,0x79,0x18,"ff d5 ff 58 79 18 00 00"
2025-10-25 13:22:17,310,0xff,0xd5,0xff,0x58,0x79,0x18,"ff d5 ff 58 79 18 00 00"
2025-10-25 13:22:17,310,0xff,0xd5,0xff,0x58,0x79,0x18,"ff d5 ff 58 79 18 00 00"
2025-10-25 13:22:17,310,0xff,0xd5,0xff,0x58,0x79,0x18,"ff d5 ff 58 79 18 00 00"
2025-10-25 13:22:17,310,0xff,0xd5,0xff,0x58,0x79,0x18,"ff d5 ff 58 79 18 00 00"
2025-10-25 13:22:17,310,0xff,0xd5,0xff,0x58,0x79,0x18,"ff d5 ff 58 79 18 00 00"
2025-10-25 13:22:17,310,0xff,0xd5,0xff,0x58,0x79,0x18,"ff d5 ff 58 79 18 00 00"
2025-10-25 13:22:17,311.37,0xff,0xd5,0xff,0x58,0x79,0xa1,"ff d5 ff 58 79 a1 00 00"
2025-10-25 13:22:17,311.37,0xff,0xd5,0xff,0x58,0x79,0xa1,"ff d5 ff 58 79 a1 00 00"
2025-10-25 13:22:17,311.37,0xff,0xd5,0xff,0x58,0x79,0xa1,"ff d5 ff 58 79 a1 00 00"
2025-10-25 13:22:17,312.18,0xff,0xd5,0xff,0x58,0x79,0xf2,"ff d5 ff 58 79 f2 00 00"
2025-10-25 13:22:17,312.18,0xff,0xd5,0xff,0x58,0x79,0xf2,"ff d5 ff 58 79 f2 00 00"
2025-10-25 13:22:17,312.18,0xff,0xd5,0xff,0x58,0x79,0xf2,"ff d5 ff 58 79 f2 00 00"
2025-10-25 13:22:17,312.81,0xff,0xd5,0xff,0x58,0x7a,0x31,"ff d5 ff 58 7a 31 00 00"
2025-10-25 13:22:17,312.81,0xff,0xd5,0xff,0x58,0x7a,0x31,"ff d5 ff 58 7a 31 00 00"
2025-10-25 13:22:17,313.18,0xff,0xfa,0xff,0x6a,0x7a,0x56,"ff fa ff 6a 7a 56 00 00"
2025-10-25 13:22:17,313.18,0xff,0xfa,0xff,0x6a,0x7a,0x56,"ff fa ff 6a 7a 56 00 00"
2025-10-25 13:22:17,313.18,0xff,0xfa,0xff,0x6a,0x7a,0x56,"ff fa ff 6a 7a 56 00 00"
2025-10-25 13:22:17,313.62,0x00,0x00,0xff,0x6a,0x7a,0x82,"00 00 ff 6a 7a 82 00 00"
2025-10-25 13:22:17,313.62,0x00,0x00,0xff,0x6a,0x7a,0x82,"00 00 ff 6a 7a 82 00 00"
2025-10-25 13:22:17,314.37,0xff,0xdb,0xff,0x58,0x7a,0xcd,"ff db ff 58 7a cd 00 00"
2025-10-25 13:22:17,314.37,0xff,0xdb,0xff,0x58,0x7a,0xcd,"ff db ff 58 7a cd 00 00"
2025-10-25 13:22:17,314.37,0xff,0xdb,0xff,0x58,0x7a,0xcd,"ff db ff 58 7a cd 00 00"
2025-10-25 13:22:17,314.75,0xff,0xc2,0xff,0x45,0x7a,0xf3,"ff c2 ff 45 7a f3 00 00"
2025-10-25 13:22:17,314.75,0xff,0xc2,0xff,0x45,0x7a,0xf3,"ff c2 ff 45 7a f3 00 00"
2025-10-25 13:22:17,314.75,0xff,0xc2,0xff,0x45,0x7a,0xf3,"ff c2 ff 45 7a f3 00 00"
2025-10-25 13:22:17,314.75,0xff,0xee,0xff,0x6a,0x7a,0xf3,"ff ee ff 6a 7a f3 00 00"
2025-10-25 13:22:17,314.75,0xff,0xee,0xff,0x6a,0x7a,0xf3,"ff ee ff 6a 7a f3 00 00"
2025-10-25 13:22:17,315.12,0xff,0xd5,0xff,0x90,0x7b,0x18,"ff d5 ff 90 7b 18 00 00"
2025-10-25 13:22:17,315.12,0xff,0xd5,0xff,0x90,0x7b,0x18,"ff d5 ff 90 7b 18 00 00"
2025-10-25 13:22:17,315.12,0xff,0xd5,0xff,0x90,0x7b,0x18,"ff d5 ff 90 7b 18 00 00"
2025-10-25 13:22:17,316.12,0xff,0xb5,0xff,0x7d,0x7b,0x7c,"ff b5 ff 7d 7b 7c 00 00"
2025-10-25 13:22:17,316.12,0xff,0xb5,0xff,0x7d,0x7b,0x7c,"ff b5 ff 7d 7b 7c 00 00"
2025-10-25 13:22:17,316.12,0xff,0xb5,0xff,0x7d,0x7b,0x7c,"ff b5 ff 7d 7b 7c 00 00"
2025-10-25 13:22:17,316.5,0xff,0xc2,0xff,0x5e,0x7b,0xa2,"ff c2 ff 5e 7b a2 00 00"
2025-10-25 13:22:17,316.5,0xff,0xc2,0xff,0x5e,0x7b,0xa2,"ff c2 ff 5e 7b a2 00 00"
2025-10-25 13:22:17,316.68,0xff,0xe1,0xff,0x51,0x7b,0xb4,"ff e1 ff 51 7b b4 00 00"
2025-10-25 13:22:17,316.68,0xff,0xe1,0xff,0x51,0x7b,0xb4,"ff e1 ff 51 7b b4 00 00"
2025-10-25 13:22:17,316.68,0xff,0xe1,0xff,0x51,0x7b,0xb4,"ff e1 ff 51 7b b4 00 00"
2025-10-25 13:22:17,317.31,0xff,0xe1,0xff,0x51,0x7b,0xf3,"ff e1 ff 51 7b f3 00 00"
2025-10-25 13:22:17,317.31,0xff,0xe1,0xff,0x51,0x7b,0xf3,"ff e1 ff 51 7b f3 00 00"
2025-10-25 13:22:17,317.5,0xff,0xe1,0xff,0x51,0x7c,0x06,"ff e1 ff 51 7c 06 00 00"
2025-10-25 13:22:17,317.5,0xff,0xe1,0xff,0x51,0x7c,0x06,"ff e1 ff 51 7c 06 00 00"
2025-10-25 13:22:17,317.5,0xff,0xe1,0xff,0x51,0x7c,0x06,"ff e1 ff 51 7c 06 00 00"
2025-10-25 13:22:17,317.81,0xff,0xe1,0xff,0x58,0x7c,0x25,"ff e1 ff 58 7c 25 00 00"
2025-10-25 13:22:17,317.81,0xff,0xe1,0xff,0x58,0x7c,0x25,"ff e1 ff 58 7c 25 00 00"
2025-10-25 13:22:17,318.43,0xff,0xe1,0xff,0x58,0x7c,0x63,"ff e1 ff 58 7c 63 00 00"
2025-10-25 13:22:17,318.43,0xff,0xe1,0xff,0x58,0x7c,0x63,"ff e1 ff 58 7c 63 00 00"
2025-10-25 13:22:17,318.43,0xff,0xe1,0xff,0x58,0x7c,0x63,"ff e1 ff 58 7c 63 00 00"
2025-10-25 13:22:17,318.43,0xff,0xe1,0xff,0x58,0x7c,0x63,"ff e1 ff 58 7c 63 00 00"
2025-10-25 13:22:17,318.43,0xff,0xe1,0xff,0x58,0x7c,0x63,"ff e1 ff 58 7c 63 00 00"
2025-10-25 13:22:17,318.43,0xff,0xe1,0xff,0x58,0x7c,0x63,"ff e1 ff 58 7c 63 00 00"
2025-10-25 13:22:18,319.56,0xff,0xe1,0xff,0x51,0x7c,0xd4,"ff e1 ff 51 7c d4 00 00"
2025-10-25 13:22:18,319.56,0xff,0xe1,0xff,0x51,0x7c,0xd4,"ff e1 ff 51 7c d4 00 00"
2025-10-25 13:22:18,320.5,0xff,0xe1,0xff,0x51,0x7d,0x32,"ff e1 ff 51 7d 32 00 00"
2025-10-25 13:22:18,320.5,0xff,0xe1,0xff,0x51,0x7d,0x32,"ff e1 ff 51 7d 32 00 00"
2025-10-25 13:22:18,320.5,0xff,0xe1,0xff,0x51,0x7d,0x32,"ff e1 ff 51 7d 32 00 00"
2025-10-25 13:22:18,320.87,0xff,0xe1,0xff,0x51,0x7d,0x57,"ff e1 ff 51 7d 57 00 00"
2025-10-25 13:22:18,320.87,0xff,0xe1,0xff,0x51,0x7d,0x57,"ff e1 ff 51 7d 57 00 00"
2025-10-25 13:22:18,320.87,0xff,0xe1,0xff,0x51,0x7d,0x57,"ff e1 ff 51 7d 57 00 00"
2025-10-25 13:22:18,321.25,0xff,0xe1,0xff,0x51,0x7d,0x7d,"ff e1 ff 51 7d 7d 00 00"
2025-10-25 13:22:18,321.25,0xff,0xe1,0xff,0x51,0x7d,0x7d,"ff e1 ff 51 7d 7d 00 00"
2025-10-25 13:22:18,321.5,0xff,0xe1,0xff,0x51,0x7d,0x96,"ff e1 ff 51 7d 96 00 00"
2025-10-25 13:22:18,321.5,0xff,0xe1,0xff,0x51,0x7d,0x96,"ff e1 ff 51 7d 96 00 00"
2025-10-25 13:22:18,322.06,0xff,0xe1,0xff,0x51,0x7d,0xce,"ff e1 ff 51 7d ce 00 00"
2025-10-25 13:22:18,322.06,0xff,0xe1,0xff,0x51,0x7d,0xce,"ff e1 ff 51 7d ce 00 00"
2025-10-25 13:22:18,322.06,0xff,0xe1,0xff,0x51,0x7d,0xce,"ff e1 ff 51 7d ce 00 00"
2025-10-25 13:22:18,322.43,0xff,0xe1,0xff,0x51,0x7d,0xf3,"ff e1 ff 51 7d f3 00 00"
2025-10-25 13:22:18,322.43,0xff,0xe1,0xff,0x51,0x7d,0xf3,"ff e1 ff 51 7d f3 00 00"
2025-10-25 13:22:18,322.43,0xff,0xe1,0xff,0x51,0x7d,0xf3,"ff e1 ff 51 7d f3 00 00"
2025-10-25 13:22:18,322.43,0xff,0xe1,0xff,0x51,0x7d,0xf3,"ff e1 ff 51 7d f3 00 00"
2025-10-25 13:22:18,322.43,0xff,0xe1,0xff,0x51,0x7d,0xf3,"ff e1 ff 51 7d f3 00 00"
2025-10-25 13:22:18,322.43,0xff,0xe1,0xff,0x51,0x7d,0xf3,"ff e1 ff 51 7d f3 00 00"
2025-10-25 13:22:18,322.43,0xff,0xe1,0xff,0x51,0x7d,0xf3,"ff e1 ff 51 7d f3 00 00"
2025-10-25 13:22:18,322.43,0xff,0xe1,0xff,0x51,0x7d,0xf3,"ff e1 ff 51 7d f3 00 00"
2025-10-25 13:22:18,322.43,0xff,0xe1,0xff,0x51,0x7d,0xf3,"ff e1 ff 51 7d f3 00 00"
2025-10-25 13:22:18,322.43,0xff,0xe1,0xff,0x51,0x7d,0xf3,"ff e1 ff 51 7d f3 00 00"
2025-10-25 13:22:18,322.43,0xff,0xe1,0xff,0x51,0x7d,0xf3,"ff e1 ff 51 7d f3 00 00"
2025-10-25 13:22:18,323.93,0xff,0xb5,0xff,0x7d,0x7e,0x89,"ff b5 ff 7d 7e 89 00 00"
2025-10-25 13:22:18,323.93,0xff,0xb5,0xff,0x7d,0x7e,0x89,"ff b5 ff 7d 7e 89 00 00"
2025-10-25 13:22:18,323.93,0xff,0xb5,0xff,0x7d,0x7e,0x89,"ff b5 ff 7d 7e 89 00 00"
2025-10-25 13:22:18,324.75,0xff,0xd5,0xff,0x90,0x7e,0xdb,"ff d5 ff 90 7e db 00 00"
2025-10-25 13:22:18,324.75,0xff,0xd5,0xff,0x90,0x7e,0xdb,"ff d5 ff 90 7e db 00 00"
2025-10-25 13:22:18,324.68,0xff,0xe1,0xff,0x8a,0x7e,0xd4,"ff e1 ff 8a 7e d4 00 00"
2025-10-25 13:22:18,324.68,0xff,0xe1,0xff,0x8a,0x7e,0xd4,"ff e1 ff 8a 7e d4 00 00"
2025-10-25 13:22:18,325.22,0xff,0xe1,0xff,0x8a,0x7f,0x0a,"ff e1 ff 8a 7f 0a 00 00"
2025-10-25 13:22:18,325.22,0xff,0xe1,0xff,0x8a,0x7f,0x0a,"ff e1 ff 8a 7f 0a 00 00"
2025-10-25 13:22:18,325.22,0xff,0xe1,0xff,0x8a,0x7f,0x0a,"ff e1 ff 8a 7f 0a 00 00"
2025-10-25 13:22:18,325.43,0xff,0xe1,0xff,0x51,0x7f,0x1f,"ff e1 ff 51 7f 1f 00 00"
2025-10-25 13:22:18,325.43,0xff,0xe1,0xff,0x51,0x7f,0x1f,"ff e1 ff 51 7f 1f 00 00"
2025-10-25 13:22:18,325.43,0xff,0xe1,0xff,0x51,0x7f,0x1f,"ff e1 ff 51 7f 1f 00 00"
2025-10-25 13:22:18,325.37,0xff,0xe1,0xff,0x19,0x7f,0x19,"ff e1 ff 19 7f 19 00 00"
2025-10-25 13:22:18,325.37,0xff,0xe1,0xff,0x19,0x7f,0x19,"ff e1 ff 19 7f 19 00 00"
2025-10-25 13:22:18,325.75,0xff,0xfa,0xff,0x06,0x7f,0x3f,"ff fa ff 06 7f 3f 00 00"
2025-10-25 13:22:18,325.75,0xff,0xfa,0xff,0x06,0x7f,0x3f,"ff fa ff 06 7f 3f 00 00"
2025-10-25 13:22:18,325.75,0xff,0xfa,0xff,0x06,0x7f,0x3f,"ff fa ff 06 7f 3f 00 00"
2025-10-25 13:22:18,325.87,0xff,0xe7,0xff,0x3f,0x7f,0x4b,"ff e7 ff 3f 7f 4b 00 00"
2025-10-25 13:22:18,325.87,0xff,0xe7,0xff,0x3f,0x7f,0x4b,"ff e7 ff 3f 7f 4b 00 00"
2025-10-25 13:22:18,325.87,0xff,0xe7,0xff,0x3f,0x7f,0x4b,"ff e7 ff 3f 7f 4b 00 00"
2025-10-25 13:22:18,326.31,0xff,0xce,0xff,0x77,0x7f,0x77,"ff ce ff 77 7f 77 00 00"
2025-10-25 13:22:18,326.31,0xff,0xce,0xff,0x77,0x7f,0x77,"ff ce ff 77 7f 77 00 00"
2025-10-25 13:22:18,326.06,0xff,0xe7,0xff,0x71,0x7f,0x5e,"ff e7 ff 71 7f 5e 00 00"
2025-10-25 13:22:18,326.06,0xff,0xe7,0xff,0x71,0x7f,0x5e,"ff e7 ff 71 7f 5e 00 00"
2025-10-25 13:22:18,326.06,0xff,0xe7,0xff,0x71,0x7f,0x5e,"ff e7 ff 71 7f 5e 00 00"
2025-10-25 13:22:19,325.81,0x00,0x06,0xff,0x6a,0x7f,0x45,"00 06 ff 6a 7f 45 00 00"
2025-10-25 13:22:19,325.81,0x00,0x06,0xff,0x6a,0x7f,0x45,"00 06 ff 6a 7f 45 00 00"
2025-10-25 13:22:19,325.81,0x00,0x00,0xff,0x51,0x7f,0x45,"00 00 ff 51 7f 45 00 00"
2025-10-25 13:22:19,325.81,0x00,0x00,0xff,0x51,0x7f,0x45,"00 00 ff 51 7f 45 00 00"
2025-10-25 13:22:19,325.81,0x00,0x00,0xff,0x51,0x7f,0x45,"00 00 ff 51 7f 45 00 00"
2025-10-25 13:22:19,327.25,0xff,0xee,0xff,0x51,0x7f,0xd5,"ff ee ff 51 7f d5 00 00"
2025-10-25 13:22:19,327.25,0xff,0xee,0xff,0x51,0x7f,0xd5,"ff ee ff 51 7f d5 00 00"
2025-10-25 13:22:19,328.37,0xff,0xdb,0xff,0x71,0x80,0x45,"ff db ff 71 80 45 00 00"
2025-10-25 13:22:19,328.37,0xff,0xdb,0xff,0x71,0x80,0x45,"ff db ff 71 80 45 00 00"
2025-10-25 13:22:19,328.37,0xff,0xdb,0xff,0x71,0x80,0x45,"ff db ff 71 80 45 00 00"
2025-10-25 13:22:19,329.31,0xff,0xd5,0xff,0x71,0x80,0xa3,"ff d5 ff 71 80 a3 00 00"
2025-10-25 13:22:19,329.31,0xff,0xd5,0xff,0x71,0x80,0xa3,"ff d5 ff 71 80 a3 00 00"
2025-10-25 13:22:19,329.31,0xff,0xd5,0xff,0x71,0x80,0xa3,"ff d5 ff 71 80 a3 00 00"
2025-10-25 13:22:19,329.56,0xff,0xe1,0xff,0x3f,0x80,0xbc,"ff e1 ff 3f 80 bc 00 00"
2025-10-25 13:22:19,329.56,0xff,0xe1,0xff,0x3f,0x80,0xbc,"ff e1 ff 3f 80 bc 00 00"
2025-10-25 13:22:19,329.75,0xff,0xe7,0xff,0x19,0x80,0xcf,"ff e7 ff 19 80 cf 00 00"
2025-10-25 13:22:19,329.75,0xff,0xe7,0xff,0x19,0x80,0xcf,"ff e7 ff 19 80 cf 00 00"
2025-10-25 13:22:19,329.75,0xff,0xe7,0xff,0x19,0x80,0xcf,"ff e7 ff 19 80 cf 00 00"
2025-10-25 13:22:19,330.25,0xff,0xf4,0xff,0x19,0x81,0x01,"ff f4 ff 19 81 01 00 00"
2025-10-25 13:22:19,330.25,0xff,0xf4,0xff,0x19,0x81,0x01,"ff f4 ff 19 81 01 00 00"
2025-10-25 13:22:19,330.25,0xff,0xf4,0xff,0x19,0x81,0x01,"ff f4 ff 19 81 01 00 00"
2025-10-25 13:22:19,330.75,0xff,0xee,0xff,0x2c,0x81,0x33,"ff ee ff 2c 81 33 00 00"
2025-10-25 13:22:19,330.75,0xff,0xee,0xff,0x2c,0x81,0x33,"ff ee ff 2c 81 33 00 00"
2025-10-25 13:22:19,330.87,0xff,0xee,0xff,0x51,0x81,0x3f,"ff ee ff 51 81 3f 00 00"
2025-10-25 13:22:19,330.87,0xff,0xee,0xff,0x51,0x81,0x3f,"ff ee ff 51 81 3f 00 00"
2025-10-25 13:22:19,330.87,0xff,0xee,0xff,0x51,0x81,0x3f,"ff ee ff 51 81 3f 00 00"
2025-10-25 13:22:19,330.87,0xff,0xe7,0xff,0x6a,0x81,0x3f,"ff e7 ff 6a 81 3f 00 00"
2025-10-25 13:22:19,330.87,0xff,0xe7,0xff,0x6a,0x81,0x3f,"ff e7 ff 6a 81 3f 00 00"
2025-10-25 13:22:19,330.87,0xff,0xee,0xff,0x6a,0x81,0x3f,"ff ee ff 6a 81 3f 00 00"
2025-10-25 13:22:19,330.87,0xff,0xee,0xff,0x6a,0x81,0x3f,"ff ee ff 6a 81 3f 00 00"
2025-10-25 13:22:19,330.87,0xff,0xee,0xff,0x6a,0x81,0x3f,"ff ee ff 6a 81 3f 00 00"
2025-10-25 13:22:19,332.18,0xff,0xf4,0xff,0x6a,0x81,0xc2,"ff f4 ff 6a 81 c2 00 00"
2025-10-25 13:22:19,332.18,0xff,0xf4,0xff,0x6a,0x81,0xc2,"ff f4 ff 6a 81 c2 00 00"
2025-10-25 13:22:19,332.18,0xff,0xf4,0xff,0x6a,0x81,0xc2,"ff f4 ff 6a 81 c2 00 00"
2025-10-25 13:22:19,333.06,0xff,0xe1,0xff,0x51,0x82,0x1a,"ff e1 ff 51 82 1a 00 00"
2025-10-25 13:22:19,333.06,0xff,0xe1,0xff,0x51,0x82,0x1a,"ff e1 ff 51 82 1a 00 00"
2025-10-25 13:22:19,333.75,0xff,0xdb,0xff,0x71,0x82,0x5f,"ff db ff 71 82 5f 00 00"
2025-10-25 13:22:19,333.75,0xff,0xdb,0xff,0x71,0x82,0x5f,"ff db ff 71 82 5f 00 00"
2025-10-25 13:22:19,333.75,0xff,0xdb,0xff,0x71,0x82,0x5f,"ff db ff 71 82 5f 00 00"
2025-10-25 13:22:19,334.25,0xff,0xe1,0xff,0x8a,0x82,0x91,"ff e1 ff 8a 82 91 00 00"
2025-10-25 13:22:19,334.25,0xff,0xe1,0xff,0x8a,0x82,0x91,"ff e1 ff 8a 82 91 00 00"
2025-10-25 13:22:19,334.25,0xff,0xe1,0xff,0x8a,0x82,0x91,"ff e1 ff 8a 82 91 00 00"
2025-10-25 13:22:19,334.56,0xff,0xe1,0xff,0x8a,0x82,0xb0,"ff e1 ff 8a 82 b0 00 00"
2025-10-25 13:22:19,334.56,0xff,0xe1,0xff,0x8a,0x82,0xb0,"ff e1 ff 8a 82 b0 00 00"
2025-10-25 13:22:19,334.93,0xff,0xe1,0xff,0x8a,0x82,0xd5,"ff e1 ff 8a 82 d5 00 00"
2025-10-25 13:22:19,334.93,0xff,0xe1,0xff,0x8a,0x82,0xd5,"ff e1 ff 8a 82 d5 00 00"
2025-10-25 13:22:19,335.75,0xff,0xe1,0xff,0x8a,0x83,0x27,"ff e1 ff 8a 83 27 00 00"
2025-10-25 13:22:19,335.75,0xff,0xe1,0xff,0x8a,0x83,0x27,"ff e1 ff 8a 83 27 00 00"
2025-10-25 13:22:19,335.75,0xff,0xe1,0xff,0x8a,0x83,0x27,"ff e1 ff 8a 83 27 00 00"
2025-10-25 13:22:19,335.75,0xff,0xe1,0xff,0x8a,0x83,0x27,"ff e1 ff 8a 83 27 00 00"
2025-10-25 13:22:19,335.75,0xff,0xe1,0xff,0x8a,0x83,0x27,"ff e1 ff 8a 83 27 00 00"
2025-10-25 13:22:19,335.75,0xff,0xe1,0xff,0x8a,0x83,0x27,"ff e1 ff 8a 83 27 00 00"
2025-10-25 13:22:20,335.75,0xff,0xe1,0xff,0x8a,0x83,0x27,"ff e1 ff 8a 83 27 00 00"
2025-10-25 13:22:20,335.75,0xff,0xe1,0xff,0x8a,0x83,0x27,"ff e1 ff 8a 83 27 00 00"
2025-10-25 13:22:20,335.75,0xff,0xe1,0xff,0x8a,0x83,0x27,"ff e1 ff 8a 83 27 00 00"
2025-10-25 13:22:20,335.75,0xff,0xe1,0xff,0x8a,0x83,0x27,"ff e1 ff 8a 83 27 00 00"
2025-10-25 13:22:20,335.75,0xff,0xe1,0xff,0x8a,0x83,0x27,"ff e1 ff 8a 83 27 00 00"
2025-10-25 13:22:20,335.75,0xff,0xe1,0xff,0x8a,0x83,0x27,"ff e1 ff 8a 83 27 00 00"
2025-10-25 13:22:20,335.75,0xff,0xe1,0xff,0x8a,0x83,0x27,"ff e1 ff 8a 83 27 00 00"
2025-10-25 13:22:20,335.75,0xff,0xe1,0xff,0x8a,0x83,0x27,"ff e1 ff 8a 83 27 00 00"
2025-10-25 13:22:20,336.93,0xff,0xe1,0xff,0x8a,0x83,0x9d,"ff e1 ff 8a 83 9d 00 00"
2025-10-25 13:22:20,336.93,0xff,0xe1,0xff,0x8a,0x83,0x9d,"ff e1 ff 8a 83 9d 00 00"
2025-10-25 13:22:20,337.75,0xff,0xe1,0xff,0x8a,0x83,0xef,"ff e1 ff 8a 83 ef 00 00"
2025-10-25 13:22:20,337.75,0xff,0xe1,0xff,0x8a,0x83,0xef,"ff e1 ff 8a 83 ef 00 00"
2025-10-25 13:22:20,337.75,0xff,0xe1,0xff,0x8a,0x83,0xef,"ff e1 ff 8a 83 ef 00 00"
2025-10-25 13:22:20,338.62,0xff,0xe1,0xff,0x8a,0x84,0x46,"ff e1 ff 8a 84 46 00 00"
2025-10-25 13:22:20,338.62,0xff,0xe1,0xff,0x8a,0x84,0x46,"ff e1 ff 8a 84 46 00 00"
2025-10-25 13:22:20,338.93,0xff,0xe1,0xff,0x8a,0x84,0x65,"ff e1 ff 8a 84 65 00 00"
2025-10-25 13:22:20,338.93,0xff,0xe1,0xff,0x8a,0x84,0x65,"ff e1 ff 8a 84 65 00 00"
2025-10-25 13:22:20,338.93,0xff,0xe1,0xff,0x8a,0x84,0x65,"ff e1 ff 8a 84 65 00 00"
2025-10-25 13:22:20,339.43,0xff,0xe1,0xff,0x8a,0x84,0x97,"ff e1 ff 8a 84 97 00 00"
2025-10-25 13:22:20,339.43,0xff,0xe1,0xff,0x8a,0x84,0x97,"ff e1 ff 8a 84 97 00 00"
2025-10-25 13:22:20,339.43,0xff,0xe1,0xff,0x8a,0x84,0x97,"ff e1 ff 8a 84 97 00 00"
2025-10-25 13:22:20,339.93,0xff,0xf4,0xff,0x6a,0x84,0xc9,"ff f4 ff 6a 84 c9 00 00"
2025-10-25 13:22:20,339.93,0xff,0xf4,0xff,0x6a,0x84,0xc9,"ff f4 ff 6a 84 c9 00 00"
2025-10-25 13:22:20,340.43,0xff,0xe7,0xff,0x51,0x84,0xfb,"ff e7 ff 51 84 fb 00 00"
2025-10-25 13:22:20,340.43,0xff,0xe7,0xff,0x51,0x84,0xfb,"ff e7 ff 51 84 fb 00 00"
2025-10-25 13:22:20,340.43,0xff,0xe7,0xff,0x51,0x84,0xfb,"ff e7 ff 51 84 fb 00 00"
2025-10-25 13:22:20,340.31,0xff,0xdb,0xff,0x3f,0x84,0xef,"ff db ff 3f 84 ef 00 00"
2025-10-25 13:22:20,340.31,0xff,0xdb,0xff,0x3f,0x84,0xef,"ff db ff 3f 84 ef 00 00"
2025-10-25 13:22:20,340.31,0xff,0xdb,0xff,0x3f,0x84,0xef,"ff db ff 3f 84 ef 00 00"
2025-10-25 13:22:20,340.68,0xff,0xd5,0xff,0x58,0x85,0x14,"ff d5 ff 58 85 14 00 00"
2025-10-25 13:22:20,340.68,0xff,0xd5,0xff,0x58,0x85,0x14,"ff d5 ff 58 85 14 00 00"
2025-10-25 13:22:20,340.43,0xff,0xe1,0xff,0x71,0x84,0xfb,"ff e1 ff 71 84 fb 00 00"
2025-10-25 13:22:20,340.43,0xff,0xe1,0xff,0x71,0x84,0xfb,"ff e1 ff 71 84 fb 00 00"
2025-10-25 13:22:20,340.43,0xff,0xe1,0xff,0x71,0x84,0xfb,"ff e1 ff 71 84 fb 00 00"
2025-10-25 13:22:20,340.43,0xff,0xee,0xff,0x51,0x84,0xfb,"ff ee ff 51 84 fb 00 00"
2025-10-25 13:22:20,340.43,0xff,0xee,0xff,0x51,0x84,0xfb,"ff ee ff 51 84 fb 00 00"
2025-10-25 13:22:20,340.43,0xff,0xee,0xff,0x51,0x84,0xfb,"ff ee ff 51 84 fb 00 00"
2025-10-25 13:22:20,340.43,0xff,0xe1,0xff,0x58,0x84,0xfb,"ff e1 ff 58 84 fb 00 00"
2025-10-25 13:22:20,340.43,0xff,0xe1,0xff,0x58,0x84,0xfb,"ff e1 ff 58 84 fb 00 00"
2025-10-25 13:22:20,340.43,0xff,0xe1,0xff,0x58,0x84,0xfb,"ff e1 ff 58 84 fb 00 00"
2025-10-25 13:22:20,340.43,0xff,0xe1,0xff,0x58,0x84,0xfb,"ff e1 ff 58 84 fb 00 00"
2025-10-25 13:22:20,342.25,0xff,0xc2,0xff,0x96,0x85,0xb1,"ff c2 ff 96 85 b1 00 00"
2025-10-25 13:22:20,342.25,0xff,0xc2,0xff,0x96,0x85,0xb1,"ff c2 ff 96 85 b1 00 00"
2025-10-25 13:22:20,342.25,0xff,0xc2,0xff,0x96,0x85,0xb1,"ff c2 ff 96 85 b1 00 00"
2025-10-25 13:22:20,343.37,0xff,0xc2,0xff,0xc2,0x86,0x21,"ff c2 ff c2 86 21 00 00"
2025-10-25 13:22:20,343.37,0xff,0xc2,0xff,0xc2,0x86,0x21,"ff c2 ff c2 86 21 00 00"
2025-10-25 13:22:20,343.37,0xff,0xc2,0xff,0xc2,0x86,0x21,"ff c2 ff c2 86 21 00 00"
2025-10-25 13:22:20,343.81,0xff,0xee,0xff,0xaf,0x86,0x4d,"ff ee ff af 86 4d 00 00"
2025-10-25 13:22:20,343.81,0xff,0xee,0xff,0xaf,0x86,0x4d,"ff ee ff af 86 4d 00 00"
2025-10-25 13:22:20,343.75,0x00,0x06,0xff,0x8a,0x86,0x47,"00 06 ff 8a 86 47 00 00"
2025-10-25 13:22:20,343.75,0x00,0x06,0xff,0x8a,0x86,0x47,"00 06 ff 8a 86 47 00 00"
2025-10-25 13:22:20,343.75,0x00,0x06,0xff,0x8a,0x86,0x47,"00 06 ff 8a 86 47 00 00"
2025-10-25 13:22:21,344.25,0x00,0x1f,0xff,0x8a,0x86,0x79,"00 1f ff 8a 86 79 00 00"
2025-10-25 13:22:21,344.25,0x00,0x1f,0xff,0x8a,0x86,0x79,"00 1f ff 8a 86 79 00 00"
2025-10-25 13:22:21,344.25,0x00,0x1f,0xff,0x8a,0x86,0x79,"00 1f ff 8a 86 79 00 00"
2025-10-25 13:22:21,344.62,0x00,0x06,0xff,0xaf,0x86,0x9e,"00 06 ff af 86 9e 00 00"
2025-10-25 13:22:21,344.62,0x00,0x06,0xff,0xaf,0x86,0x9e,"00 06 ff af 86 9e 00 00"
2025-10-25 13:22:21,345.31,0xff,0xe1,0x00,0x51,0x86,0xe3,"ff e1 00 51 86 e3 00 00"
2025-10-25 13:22:21,345.31,0xff,0xe1,0x00,0x51,0x86,0xe3,"ff e1 00 51 86 e3 00 00"
2025-10-25 13:22:21,345.31,0xff,0xe1,0x00,0x51,0x86,0xe3,"ff e1 00 51 86 e3 00 00"
2025-10-25 13:22:21,345.31,0xff,0xe1,0x00,0x51,0x86,0xe3,"ff e1 00 51 86 e3 00 00"
2025-10-25 13:22:21,345.31,0xff,0xe1,0x00,0x51,0x86,0xe3,"ff e1 00 51 86 e3 00 00"
2025-10-25 13:22:21,345.5,0xff,0xb5,0x00,0x2b,0x86,0xf6,"ff b5 00 2b 86 f6 00 00"
2025-10-25 13:22:21,345.5,0xff,0xb5,0x00,0x2b,0x86,0xf6,"ff b5 00 2b 86 f6 00 00"
2025-10-25 13:22:21,345.5,0xff,0xb5,0x00,0x2b,0x86,0xf6,"ff b5 00 2b 86 f6 00 00"
2025-10-25 13:22:21,345.37,0xff,0xb5,0xff,0xd5,0x86,0xe9,"ff b5 ff d5 86 e9 00 00"
2025-10-25 13:22:21,345.37,0xff,0xb5,0xff,0xd5,0x86,0xe9,"ff b5 ff d5 86 e9 00 00"
2025-10-25 13:22:21,345.37,0xff,0xb5,0xff,0xd5,0x86,0xe9,"ff b5 ff d5 86 e9 00 00"
2025-10-25 13:22:21,345.25,0xff,0xbc,0xff,0x9c,0x86,0xdd,"ff bc ff 9c 86 dd 00 00"
2025-10-25 13:22:21,345.25,0xff,0xbc,0xff,0x9c,0x86,0xdd,"ff bc ff 9c 86 dd 00 00"
2025-10-25 13:22:21,345.06,0xff,0xdb,0xff,0x8a,0x86,0xca,"ff db ff 8a 86 ca 00 00"
2025-10-25 13:22:21,345.06,0xff,0xdb,0xff,0x8a,0x86,0xca,"ff db ff 8a 86 ca 00 00"
2025-10-25 13:22:21,345.06,0xff,0xdb,0xff,0x8a,0x86,0xca,"ff db ff 8a 86 ca 00 00"
2025-10-25 13:22:21,344.75,0x00,0x25,0xff,0x8a,0x86,0xab,"00 25 ff 8a 86 ab 00 00"
2025-10-25 13:22:21,344.75,0x00,0x25,0xff,0x8a,0x86,0xab,"00 25 ff 8a 86 ab 00 00"
2025-10-25 13:22:21,344.43,0x00,0x32,0xff,0x77,0x86,0x8b,"00 32 ff 77 86 8b 00 00"
2025-10-25 13:22:21,344.43,0x00,0x32,0xff,0x77,0x86,0x8b,"00 32 ff 77 86 8b 00 00"
2025-10-25 13:22:21,344.43,0x00,0x32,0xff,0x77,0x86,0x8b,"00 32 ff 77 86 8b 00 00"
2025-10-25 13:22:21,344.37,0x00,0x2b,0xff,0x45,0x86,0x85,"00 2b ff 45 86 85 00 00"
2025-10-25 13:22:21,344.37,0x00,0x2b,0xff,0x45,0x86,0x85,"00 2b ff 45 86 85 00 00"
2025-10-25 13:22:21,344.37,0x00,0x2b,0xff,0x45,0x86,0x85,"00 2b ff 45 86 85 00 00"
2025-10-25 13:22:21,344.62,0x00,0x12,0xff,0x2c,0x86,0x9e,"00 12 ff 2c 86 9e 00 00"
2025-10-25 13:22:21,344.62,0x00,0x12,0xff,0x2c,0x86,0x9e,"00 12 ff 2c 86 9e 00 00"
2025-10-25 13:22:21,344.87,0xff,0xfa,0xff,0x3f,0x86,0xb7,"ff fa ff 3f 86 b7 00 00"
2025-10-25 13:22:21,344.87,0xff,0xfa,0xff,0x3f,0x86,0xb7,"ff fa ff 3f 86 b7 00 00"
2025-10-25 13:22:21,344.87,0xff,0xfa,0xff,0x3f,0x86,0xb7,"ff fa ff 3f 86 b7 00 00"
2025-10-25 13:22:21,345.25,0xff,0xbc,0xff,0x7d,0x86,0xdd,"ff bc ff 7d 86 dd 00 00"
2025-10-25 13:22:21,345.25,0xff,0xbc,0xff,0x7d,0x86,0xdd,"ff bc ff 7d 86 dd 00 00"
2025-10-25 13:22:21,345.62,0xff,0xa3,0xff,0xb5,0x87,0x02,"ff a3 ff b5 87 02 00 00"
2025-10-25 13:22:21,345.62,0xff,0xa3,0xff,0xb5,0x87,0x02,"ff a3 ff b5 87 02 00 00"
2025-10-25 13:22:21,345.62,0xff,0xa3,0xff,0xb5,0x87,0x02,"ff a3 ff b5 87 02 00 00"
2025-10-25 13:22:21,345.62,0xff,0xa9,0xff,0xaf,0x87,0x02,"ff a9 ff af 87 02 00 00"
2025-10-25 13:22:21,345.62,0xff,0xa9,0xff,0xaf,0x87,0x02,"ff a9 ff af 87 02 00 00"
2025-10-25 13:22:21,345.62,0xff,0xa9,0xff,0xaf,0x87,0x02,"ff a9 ff af 87 02 00 00"
2025-10-25 13:22:21,345.06,0xff,0xdb,0xff,0x90,0x86,0xca,"ff db ff 90 86 ca 00 00"
2025-10-25 13:22:21,345.06,0xff,0xdb,0xff,0x90,0x86,0xca,"ff db ff 90 86 ca 00 00"
2025-10-25 13:22:21,344.68,0x00,0x06,0xff,0x6a,0x86,0xa4,"00 06 ff 6a 86 a4 00 00"
2025-10-25 13:22:21,344.68,0x00,0x06,0xff,0x6a,0x86,0xa4,"00 06 ff 6a 86 a4 00 00"
2025-10-25 13:22:21,344.68,0x00,0x06,0xff,0x6a,0x86,0xa4,"00 06 ff 6a 86 a4 00 00"
2025-10-25 13:22:21,344.68,0x00,0x0c,0xff,0x6a,0x86,0xa4,"00 0c ff 6a 86 a4 00 00"
2025-10-25 13:22:21,344.68,0x00,0x0c,0xff,0x6a,0x86,0xa4,"00 0c ff 6a 86 a4 00 00"
2025-10-25 13:22:21,344.68,0x00,0x0c,0xff,0x6a,0x86,0xa4,"00 0c ff 6a 86 a4 00 00"
2025-10-25 13:22:21,345.06,0xff,0xfa,0xff,0x83,0x86,0xca,"ff fa ff 83 86 ca 00 00"
2025-10-25 13:22:21,345.06,0xff,0xfa,0xff,0x83,0x86,0xca,"ff fa ff 83 86 ca 00 00"
2025-10-25 13:22:22,345.25,0xff,0xc8,0xff,0x96,0x86,0xdd,"ff c8 ff 96 86 dd 00 00"
2025-10-25 13:22:22,345.25,0xff,0xc8,0xff,0x96,0x86,0xdd,"ff c8 ff 96 86 dd 00 00"
2025-10-25 13:22:22,345.25,0xff,0xc8,0xff,0x96,0x86,0xdd,"ff c8 ff 96 86 dd 00 00"
2025-10-25 13:22:22,345.25,0xff,0xb5,0xff,0x9c,0x86,0xdd,"ff b5 ff 9c 86 dd 00 00"
2025-10-25 13:22:22,345.25,0xff,0xb5,0xff,0x9c,0x86,0xdd,"ff b5 ff 9c 86 dd 00 00"
2025-10-25 13:22:22,345.25,0xff,0xb5,0xff,0x9c,0x86,0xdd,"ff b5 ff 9c 86 dd 00 00"
2025-10-25 13:22:22,345.25,0xff,0xce,0xff,0x90,0x86,0xdd,"ff ce ff 90 86 dd 00 00"
2025-10-25 13:22:22,345.25,0xff,0xce,0xff,0x90,0x86,0xdd,"ff ce ff 90 86 dd 00 00"
2025-10-25 13:22:22,345.06,0xff,0xfa,0xff,0x83,0x86,0xca,"ff fa ff 83 86 ca 00 00"
2025-10-25 13:22:22,345.06,0xff,0xfa,0xff,0x83,0x86,0xca,"ff fa ff 83 86 ca 00 00"
2025-10-25 13:22:22,345.06,0xff,0xfa,0xff,0x83,0x86,0xca,"ff fa ff 83 86 ca 00 00"
2025-10-25 13:22:22,344.68,0x00,0x00,0xff,0x6a,0x86,0xa4,"00 00 ff 6a 86 a4 00 00"
2025-10-25 13:22:22,344.68,0x00,0x00,0xff,0x6a,0x86,0xa4,"00 00 ff 6a 86 a4 00 00"
2025-10-25 13:22:22,345.06,0xff,0xfa,0xff,0x83,0x86,0xca,"ff fa ff 83 86 ca 00 00"
2025-10-25 13:22:22,345.06,0xff,0xfa,0xff,0x83,0x86,0xca,"ff fa ff 83 86 ca 00 00"
2025-10-25 13:22:22,345.06,0xff,0xfa,0xff,0x83,0x86,0xca,"ff fa ff 83 86 ca 00 00"
2025-10-25 13:22:22,345.25,0xff,0xce,0xff,0x90,0x86,0xdd,"ff ce ff 90 86 dd 00 00"
2025-10-25 13:22:22,345.25,0xff,0xce,0xff,0x90,0x86,0xdd,"ff ce ff 90 86 dd 00 00"
2025-10-25 13:22:22,345.25,0xff,0xce,0xff,0x90,0x86,0xdd,"ff ce ff 90 86 dd 00 00"
2025-10-25 13:22:22,345.25,0xff,0xbc,0xff,0x9c,0x86,0xdd,"ff bc ff 9c 86 dd 00 00"
2025-10-25 13:22:22,345.25,0xff,0xbc,0xff,0x9c,0x86,0xdd,"ff bc ff 9c 86 dd 00 00"
2025-10-25 13:22:22,345.25,0xff,0xc2,0xff,0x96,0x86,0xdd,"ff c2 ff 96 86 dd 00 00"
2025-10-25 13:22:22,345.25,0xff,0xc2,0xff,0x96,0x86,0xdd,"ff c2 ff 96 86 dd 00 00"
2025-10-25 13:22:22,345.25,0xff,0xc2,0xff,0x96,0x86,0xdd,"ff c2 ff 96 86 dd 00 00"
2025-10-25 13:22:22,344.93,0xff,0xe1,0xff,0x6a,0x86,0xbd,"ff e1 ff 6a 86 bd 00 00"
2025-10-25 13:22:22,344.93,0xff,0xe1,0xff,0x6a,0x86,0xbd,"ff e1 ff 6a 86 bd 00 00"
2025-10-25 13:22:22,344.93,0xff,0xe1,0xff,0x6a,0x86,0xbd,"ff e1 ff 6a 86 bd 00 00"
2025-10-25 13:22:22,344.93,0xff,0xe1,0xff,0x6a,0x86,0xbd,"ff e1 ff 6a 86 bd 00 00"
2025-10-25 13:22:22,344.93,0xff,0xe1,0xff,0x6a,0x86,0xbd,"ff e1 ff 6a 86 bd 00 00"
2025-10-25 13:22:22,344.93,0xff,0xe1,0xff,0x6a,0x86,0xbd,"ff e1 ff 6a 86 bd 00 00"
2025-10-25 13:22:22,344.93,0xff,0xe1,0xff,0x6a,0x86,0xbd,"ff e1 ff 6a 86 bd 00 00"
2025-10-25 13:22:22,344.93,0xff,0xe1,0xff,0x6a,0x86,0xbd,"ff e1 ff 6a 86 bd 00 00"
2025-10-25 13:22:22,344.93,0xff,0xe1,0xff,0x6a,0x86,0xbd,"ff e1 ff 6a 86 bd 00 00"
2025-10-25 13:22:22,344.93,0xff,0xe1,0xff,0x6a,0x86,0xbd,"ff e1 ff 6a 86 bd 00 00"
2025-10-25 13:22:22,344.93,0xff,0xe1,0xff,0x6a,0x86,0xbd,"ff e1 ff 6a 86 bd 00 00"
2025-10-25 13:22:22,344.93,0xff,0xe1,0xff,0x6a,0x86,0xbd,"ff e1 ff 6a 86 bd 00 00"
2025-10-25 13:22:22,344.93,0xff,0xe1,0xff,0x6a,0x86,0xbd,"ff e1 ff 6a 86 bd 00 00"
2025-10-25 13:22:22,344.93,0xff,0xe1,0xff,0x6a,0x86,0xbd,"ff e1 ff 6a 86 bd 00 00"
2025-10-25 13:22:22,344.93,0xff,0xe1,0xff,0x6a,0x86,0xbd,"ff e1 ff 6a 86 bd 00 00"
2025-10-25 13:22:22,344.93,0xff,0xe1,0xff,0x6a,0x86,0xbd,"ff e1 ff 6a 86 bd 00 00"
2025-10-25 13:22:22,344.93,0xff,0xe1,0xff,0x6a,0x86,0xbd,"ff e1 ff 6a 86 bd 00 00"
2025-10-25 13:22:22,344.93,0xff,0xe1,0xff,0x6a,0x86,0xbd,"ff e1 ff 6a 86 bd 00 00"
2025-10-25 13:22:22,344.93,0xff,0xe1,0xff,0x6a,0x86,0xbd,"ff e1 ff 6a 86 bd 00 00"
2025-10-25 13:22:22,344.93,0xff,0xe1,0xff,0x6a,0x86,0xbd,"ff e1 ff 6a 86 bd 00 00"
2025-10-25 13:22:22,344.93,0xff,0xe1,0xff,0x6a,0x86,0xbd,"ff e1 ff 6a 86 bd 00 00"
2025-10-25 13:22:22,344.93,0xff,0xe1,0xff,0x6a,0x86,0xbd,"ff e1 ff 6a 86 bd 00 00"
2025-10-25 13:22:22,344.93,0xff,0xe1,0xff,0x6a,0x86,0xbd,"ff e1 ff 6a 86 bd 00 00"
2025-10-25 13:22:22,344.93,0xff,0xe1,0xff,0x6a,0x86,0xbd,"ff e1 ff 6a 86 bd 00 00"
2025-10-25 13:22:22,344.93,0xff,0xe1,0xff,0x6a,0x86,0xbd,"ff e1 ff 6a 86 bd 00 00"
2025-10-25 13:22:22,344.93,0xff,0xe1,0xff,0x6a,0x86,0xbd,"ff e1 ff 6a 86 bd 00 00"
2025-10-25 13:22:22,344.93,0xff,0xe1,0xff,0x6a,0x86,0xbd,"ff e1 ff 6a 86 bd 00 00"
2025-10-25 13:22:23,344.93,0xff,0xe1,0xff,0x6a,0x86,0xbd,"ff e1 ff 6a 86 bd 00 00"
2025-10-25 13:22:23,344.93,0xff,0xe1,0xff,0x6a,0x86,0xbd,"ff e1 ff 6a 86 bd 00 00"
2025-10-25 13:22:23,344.93,0xff,0xe1,0xff,0x6a,0x86,0xbd,"ff e1 ff 6a 86 bd 00 00"
2025-10-25 13:22:23,344.93,0xff,0xe1,0xff,0x6a,0x86,0xbd,"ff e1 ff 6a 86 bd 00 00"
2025-10-25 13:22:23,344.93,0xff,0xe1,0xff,0x6a,0x86,0xbd,"ff e1 ff 6a 86 bd 00 00"
2025-10-25 13:22:23,344.93,0xff,0xe1,0xff,0x6a,0x86,0xbd,"ff e1 ff 6a 86 bd 00 00"
2025-10-25 13:22:23,344.93,0xff,0xe1,0xff,0x6a,0x86,0xbd,"ff e1 ff 6a 86 bd 00 00"
2025-10-25 13:22:23,344.93,0xff,0xe1,0xff,0x6a,0x86,0xbd,"ff e1 ff 6a 86 bd 00 00"
2025-10-25 13:22:23,344.93,0xff,0xe1,0xff,0x6a,0x86,0xbd,"ff e1 ff 6a 86 bd 00 00"
2025-10-25 13:22:23,344.93,0xff,0xe1,0xff,0x6a,0x86,0xbd,"ff e1 ff 6a 86 bd 00 00"
2025-10-25 13:22:23,344.93,0xff,0xe1,0xff,0x6a,0x86,0xbd,"ff e1 ff 6a 86 bd 00 00"
2025-10-25 13:22:23,344.93,0xff,0xe1,0xff,0x6a,0x86,0xbd,"ff e1 ff 6a 86 bd 00 00"
2025-10-25 13:22:23,344.93,0xff,0xe1,0xff,0x6a,0x86,0xbd,"ff e1 ff 6a 86 bd 00 00"
2025-10-25 13:22:23,344.93,0xff,0xe1,0xff,0x6a,0x86,0xbd,"ff e1 ff 6a 86 bd 00 00"
2025-10-25 13:22:23,344.93,0xff,0xe1,0xff,0x6a,0x86,0xbd,"ff e1 ff 6a 86 bd 00 00"
2025-10-25 13:22:23,344.93,0xff,0xe1,0xff,0x6a,0x86,0xbd,"ff e1 ff 6a 86 bd 00 00"
2025-10-25 13:22:23,344.93,0xff,0xe1,0xff,0x6a,0x86,0xbd,"ff e1 ff 6a 86 bd 00 00"
2025-10-25 13:22:23,344.93,0xff,0xe1,0xff,0x6a,0x86,0xbd,"ff e1 ff 6a 86 bd 00 00"
2025-10-25 13:22:23,344.93,0xff,0xe1,0xff,0x6a,0x86,0xbd,"ff e1 ff 6a 86 bd 00 00"
2025-10-25 13:22:23,344.93,0xff,0xe1,0xff,0x6a,0x86,0xbd,"ff e1 ff 6a 86 bd 00 00"
2025-10-25 13:22:23,344.93,0xff,0xe1,0xff,0x6a,0x86,0xbd,"ff e1 ff 6a 86 bd 00 00"
2025-10-25 13:22:23,344.93,0xff,0xe1,0xff,0x6a,0x86,0xbd,"ff e1 ff 6a 86 bd 00 00"
2025-10-25 13:22:23,344.93,0xff,0xe1,0xff,0x6a,0x86,0xbd,"ff e1 ff 6a 86 bd 00 00"
2025-10-25 13:22:23,344.93,0xff,0xe1,0xff,0x6a,0x86,0xbd,"ff e1 ff 6a 86 bd 00 00"
2025-10-25 13:22:23,344.93,0xff,0xe1,0xff,0x6a,0x86,0xbd,"ff e1 ff 6a 86 bd 00 00"
2025-10-25 13:22:23,344.93,0xff,0xe1,0xff,0x6a,0x86,0xbd,"ff e1 ff 6a 86 bd 00 00"
2025-10-25 13:22:23,344.93,0xff,0xe1,0xff,0x6a,0x86,0xbd,"ff e1 ff 6a 86 bd 00 00"
2025-10-25 13:22:23,344.93,0xff,0xe1,0xff,0x6a,0x86,0xbd,"ff e1 ff 6a 86 bd 00 00"
2025-10-25 13:22:23,344.93,0xff,0xe1,0xff,0x6a,0x86,0xbd,"ff e1 ff 6a 86 bd 00 00"
2025-10-25 13:22:23,344.93,0xff,0xe1,0xff,0x6a,0x86,0xbd,"ff e1 ff 6a 86 bd 00 00"
2025-10-25 13:22:23,344.93,0xff,0xe1,0xff,0x6a,0x86,0xbd,"ff e1 ff 6a 86 bd 00 00"
2025-10-25 13:22:23,344.93,0xff,0xe1,0xff,0x6a,0x86,0xbd,"ff e1 ff 6a 86 bd 00 00"
2025-10-25 13:22:23,344.93,0xff,0xe1,0xff,0x6a,0x86,0xbd,"ff e1 ff 6a 86 bd 00 00"
2025-10-25 13:22:23,344.93,0xff,0xe1,0xff,0x6a,0x86,0xbd,"ff e1 ff 6a 86 bd 00 00"
2025-10-25 13:22:23,344.93,0xff,0xe1,0xff,0x6a,0x86,0xbd,"ff e1 ff 6a 86 bd 00 00"
2025-10-25 13:22:23,344.93,0xff,0xe1,0xff,0x6a,0x86,0xbd,"ff e1 ff 6a 86 bd 00 00"
2025-10-25 13:22:23,344.93,0xff,0xe1,0xff,0x6a,0x86,0xbd,"ff e1 ff 6a 86 bd 00 00"
