Timestamp,Yaw_Angle(degrees),Hex_Byte0,Hex_Byte1,Hex_Byte2,Hex_Byte3,Hex_Byte4,Hex_Byte5,Hex_All
2025-10-25 13:19:30,347.25,0xff,0xd5,0xff,0x90,0x87,0xa5,ff d5 ff 90 87 a5 00 00
2025-10-25 13:19:30,347.25,0xff,0xd5,0xff,0x90,0x87,0xa5,ff d5 ff 90 87 a5 00 00
2025-10-25 13:19:30,347.25,0xff,0xd5,0xff,0x90,0x87,0xa5,ff d5 ff 90 87 a5 00 00
2025-10-25 13:19:30,347.25,0xff,0xd5,0xff,0x90,0x87,0xa5,ff d5 ff 90 87 a5 00 00
2025-10-25 13:19:30,347.25,0xff,0xd5,0xff,0x90,0x87,0xa5,ff d5 ff 90 87 a5 00 00
2025-10-25 13:19:30,347.25,0xff,0xd5,0xff,0x90,0x87,0xa5,ff d5 ff 90 87 a5 00 00
2025-10-25 13:19:30,347.25,0xff,0xd5,0xff,0x90,0x87,0xa5,ff d5 ff 90 87 a5 00 00
2025-10-25 13:19:30,347.25,0xff,0xd5,0xff,0x90,0x87,0xa5,ff d5 ff 90 87 a5 00 00
2025-10-25 13:19:30,347.25,0xff,0xd5,0xff,0x90,0x87,0xa5,ff d5 ff 90 87 a5 00 00
2025-10-25 13:19:30,347.25,0xff,0xd5,0xff,0x90,0x87,0xa5,ff d5 ff 90 87 a5 00 00
2025-10-25 13:19:30,347.25,0xff,0xd5,0xff,0x90,0x87,0xa5,ff d5 ff 90 87 a5 00 00
2025-10-25 13:19:30,347.25,0xff,0xd5,0xff,0x90,0x87,0xa5,ff d5 ff 90 87 a5 00 00
2025-10-25 13:19:30,347.25,0xff,0xd5,0xff,0x90,0x87,0xa5,ff d5 ff 90 87 a5 00 00
2025-10-25 13:19:30,347.25,0xff,0xd5,0xff,0x90,0x87,0xa5,ff d5 ff 90 87 a5 00 00
2025-10-25 13:19:30,347.25,0xff,0xd5,0xff,0x90,0x87,0xa5,ff d5 ff 90 87 a5 00 00
2025-10-25 13:19:30,347.25,0xff,0xd5,0xff,0x90,0x87,0xa5,ff d5 ff 90 87 a5 00 00
2025-10-25 13:19:30,347.25,0xff,0xd5,0xff,0x90,0x87,0xa5,ff d5 ff 90 87 a5 00 00
2025-10-25 13:19:30,347.25,0xff,0xd5,0xff,0x90,0x87,0xa5,ff d5 ff 90 87 a5 00 00
2025-10-25 13:19:30,347.25,0xff,0xd5,0xff,0x90,0x87,0xa5,ff d5 ff 90 87 a5 00 00
2025-10-25 13:19:30,347.25,0xff,0xd5,0xff,0x90,0x87,0xa5,ff d5 ff 90 87 a5 00 00
2025-10-25 13:19:30,347.25,0xff,0xd5,0xff,0x90,0x87,0xa5,ff d5 ff 90 87 a5 00 00
2025-10-25 13:19:30,347.25,0xff,0xd5,0xff,0x90,0x87,0xa5,ff d5 ff 90 87 a5 00 00
2025-10-25 13:19:30,347.25,0xff,0xd5,0xff,0x90,0x87,0xa5,ff d5 ff 90 87 a5 00 00
2025-10-25 13:19:30,347.25,0xff,0xd5,0xff,0x90,0x87,0xa5,ff d5 ff 90 87 a5 00 00
2025-10-25 13:19:30,347.25,0xff,0xd5,0xff,0x90,0x87,0xa5,ff d5 ff 90 87 a5 00 00
2025-10-25 13:19:30,347.25,0xff,0xd5,0xff,0x90,0x87,0xa5,ff d5 ff 90 87 a5 00 00
2025-10-25 13:19:30,347.25,0xff,0xd5,0xff,0x90,0x87,0xa5,ff d5 ff 90 87 a5 00 00
2025-10-25 13:19:31,347.25,0xff,0xd5,0xff,0x90,0x87,0xa5,ff d5 ff 90 87 a5 00 00
2025-10-25 13:19:31,347.25,0xff,0xd5,0xff,0x90,0x87,0xa5,ff d5 ff 90 87 a5 00 00
2025-10-25 13:19:31,347.25,0xff,0xd5,0xff,0x90,0x87,0xa5,ff d5 ff 90 87 a5 00 00
2025-10-25 13:19:31,347.25,0xff,0xd5,0xff,0x90,0x87,0xa5,ff d5 ff 90 87 a5 00 00
2025-10-25 13:19:31,347.25,0xff,0xd5,0xff,0x90,0x87,0xa5,ff d5 ff 90 87 a5 00 00
2025-10-25 13:19:31,347.25,0xff,0xd5,0xff,0x90,0x87,0xa5,ff d5 ff 90 87 a5 00 00
2025-10-25 13:19:31,347.25,0xff,0xd5,0xff,0x90,0x87,0xa5,ff d5 ff 90 87 a5 00 00
2025-10-25 13:19:31,347.25,0xff,0xd5,0xff,0x90,0x87,0xa5,ff d5 ff 90 87 a5 00 00
2025-10-25 13:19:31,347.25,0xff,0xd5,0xff,0x90,0x87,0xa5,ff d5 ff 90 87 a5 00 00
2025-10-25 13:19:31,347.25,0xff,0xd5,0xff,0x90,0x87,0xa5,ff d5 ff 90 87 a5 00 00
2025-10-25 13:19:31,347.25,0xff,0xd5,0xff,0x90,0x87,0xa5,ff d5 ff 90 87 a5 00 00
2025-10-25 13:19:31,347.25,0xff,0xd5,0xff,0x90,0x87,0xa5,ff d5 ff 90 87 a5 00 00
2025-10-25 13:19:31,347.25,0xff,0xd5,0xff,0x90,0x87,0xa5,ff d5 ff 90 87 a5 00 00
2025-10-25 13:19:31,347.25,0xff,0xd5,0xff,0x90,0x87,0xa5,ff d5 ff 90 87 a5 00 00
2025-10-25 13:19:31,347.25,0xff,0xd5,0xff,0x90,0x87,0xa5,ff d5 ff 90 87 a5 00 00
2025-10-25 13:19:31,347.25,0xff,0xd5,0xff,0x90,0x87,0xa5,ff d5 ff 90 87 a5 00 00
2025-10-25 13:19:31,347.25,0xff,0xd5,0xff,0x90,0x87,0xa5,ff d5 ff 90 87 a5 00 00
2025-10-25 13:19:31,347.25,0xff,0xd5,0xff,0x90,0x87,0xa5,ff d5 ff 90 87 a5 00 00
2025-10-25 13:19:31,347.25,0xff,0xd5,0xff,0x90,0x87,0xa5,ff d5 ff 90 87 a5 00 00
2025-10-25 13:19:31,347.25,0xff,0xd5,0xff,0x90,0x87,0xa5,ff d5 ff 90 87 a5 00 00
2025-10-25 13:19:31,347.25,0xff,0xd5,0xff,0x90,0x87,0xa5,ff d5 ff 90 87 a5 00 00
2025-10-25 13:19:31,347.25,0xff,0xd5,0xff,0x90,0x87,0xa5,ff d5 ff 90 87 a5 00 00
2025-10-25 13:19:31,347.25,0xff,0xd5,0xff,0x90,0x87,0xa5,ff d5 ff 90 87 a5 00 00
2025-10-25 13:19:31,347.25,0xff,0xd5,0xff,0x90,0x87,0xa5,ff d5 ff 90 87 a5 00 00
2025-10-25 13:19:31,347.25,0xff,0xd5,0xff,0x90,0x87,0xa5,ff d5 ff 90 87 a5 00 00
2025-10-25 13:19:31,347.25,0xff,0xd5,0xff,0x90,0x87,0xa5,ff d5 ff 90 87 a5 00 00
2025-10-25 13:19:31,347.25,0xff,0xd5,0xff,0x90,0x87,0xa5,ff d5 ff 90 87 a5 00 00
2025-10-25 13:19:31,347.25,0xff,0xd5,0xff,0x90,0x87,0xa5,ff d5 ff 90 87 a5 00 00
2025-10-25 13:19:31,347.25,0xff,0xd5,0xff,0x90,0x87,0xa5,ff d5 ff 90 87 a5 00 00
2025-10-25 13:19:31,347.25,0xff,0xd5,0xff,0x90,0x87,0xa5,ff d5 ff 90 87 a5 00 00
2025-10-25 13:19:31,347.25,0xff,0xd5,0xff,0x90,0x87,0xa5,ff d5 ff 90 87 a5 00 00
2025-10-25 13:19:31,347.25,0xff,0xd5,0xff,0x90,0x87,0xa5,ff d5 ff 90 87 a5 00 00
2025-10-25 13:19:31,347.25,0xff,0xd5,0xff,0x90,0x87,0xa5,ff d5 ff 90 87 a5 00 00
2025-10-25 13:19:31,347.25,0xff,0xd5,0xff,0x90,0x87,0xa5,ff d5 ff 90 87 a5 00 00
2025-10-25 13:19:31,347.25,0xff,0xd5,0xff,0x90,0x87,0xa5,ff d5 ff 90 87 a5 00 00
2025-10-25 13:19:31,347.25,0xff,0xd5,0xff,0x90,0x87,0xa5,ff d5 ff 90 87 a5 00 00
2025-10-25 13:19:31,347.25,0xff,0xd5,0xff,0x90,0x87,0xa5,ff d5 ff 90 87 a5 00 00
2025-10-25 13:19:31,347.25,0xff,0xd5,0xff,0x90,0x87,0xa5,ff d5 ff 90 87 a5 00 00
2025-10-25 13:19:31,347.25,0xff,0xd5,0xff,0x90,0x87,0xa5,ff d5 ff 90 87 a5 00 00
2025-10-25 13:19:31,347.25,0xff,0xd5,0xff,0x90,0x87,0xa5,ff d5 ff 90 87 a5 00 00
2025-10-25 13:19:31,347.25,0xff,0xd5,0xff,0x90,0x87,0xa5,ff d5 ff 90 87 a5 00 00
2025-10-25 13:19:31,347.25,0xff,0xd5,0xff,0x90,0x87,0xa5,ff d5 ff 90 87 a5 00 00
2025-10-25 13:19:31,347.25,0xff,0xd5,0xff,0x90,0x87,0xa5,ff d5 ff 90 87 a5 00 00
2025-10-25 13:19:31,347.25,0xff,0xd5,0xff,0x90,0x87,0xa5,ff d5 ff 90 87 a5 00 00
2025-10-25 13:19:31,347.25,0xff,0xd5,0xff,0x90,0x87,0xa5,ff d5 ff 90 87 a5 00 00
2025-10-25 13:19:31,347.25,0xff,0xd5,0xff,0x90,0x87,0xa5,ff d5 ff 90 87 a5 00 00
2025-10-25 13:19:31,347.25,0xff,0xd5,0xff,0x90,0x87,0xa5,ff d5 ff 90 87 a5 00 00
2025-10-25 13:19:31,347.25,0xff,0xd5,0xff,0x90,0x87,0xa5,ff d5 ff 90 87 a5 00 00
2025-10-25 13:19:31,347.25,0xff,0xd5,0xff,0x90,0x87,0xa5,ff d5 ff 90 87 a5 00 00
2025-10-25 13:19:31,347.25,0xff,0xd5,0xff,0x90,0x87,0xa5,ff d5 ff 90 87 a5 00 00
2025-10-25 13:19:31,347.25,0xff,0xd5,0xff,0x90,0x87,0xa5,ff d5 ff 90 87 a5 00 00
2025-10-25 13:19:31,347.25,0xff,0xd5,0xff,0x90,0x87,0xa5,ff d5 ff 90 87 a5 00 00
2025-10-25 13:19:32,347.25,0xff,0xd5,0xff,0x90,0x87,0xa5,ff d5 ff 90 87 a5 00 00
2025-10-25 13:19:32,347.25,0xff,0xd5,0xff,0x90,0x87,0xa5,ff d5 ff 90 87 a5 00 00
2025-10-25 13:19:32,347.25,0xff,0xd5,0xff,0x90,0x87,0xa5,ff d5 ff 90 87 a5 00 00
2025-10-25 13:19:32,347.25,0xff,0xd5,0xff,0x90,0x87,0xa5,ff d5 ff 90 87 a5 00 00
2025-10-25 13:19:32,347.25,0xff,0xd5,0xff,0x90,0x87,0xa5,ff d5 ff 90 87 a5 00 00
2025-10-25 13:19:32,347.25,0xff,0xd5,0xff,0x90,0x87,0xa5,ff d5 ff 90 87 a5 00 00
2025-10-25 13:19:32,347.25,0xff,0xd5,0xff,0x90,0x87,0xa5,ff d5 ff 90 87 a5 00 00
2025-10-25 13:19:32,347.25,0xff,0xd5,0xff,0x90,0x87,0xa5,ff d5 ff 90 87 a5 00 00
2025-10-25 13:19:32,347.25,0xff,0xd5,0xff,0x90,0x87,0xa5,ff d5 ff 90 87 a5 00 00
2025-10-25 13:19:32,347.25,0xff,0xd5,0xff,0x90,0x87,0xa5,ff d5 ff 90 87 a5 00 00
2025-10-25 13:19:32,347.25,0xff,0xd5,0xff,0x90,0x87,0xa5,ff d5 ff 90 87 a5 00 00
2025-10-25 13:19:32,347.25,0xff,0xd5,0xff,0x90,0x87,0xa5,ff d5 ff 90 87 a5 00 00
2025-10-25 13:19:32,347.25,0xff,0xd5,0xff,0x90,0x87,0xa5,ff d5 ff 90 87 a5 00 00
2025-10-25 13:19:32,347.25,0xff,0xd5,0xff,0x90,0x87,0xa5,ff d5 ff 90 87 a5 00 00
2025-10-25 13:19:32,347.25,0xff,0xd5,0xff,0x90,0x87,0xa5,ff d5 ff 90 87 a5 00 00
2025-10-25 13:19:32,347.25,0xff,0xd5,0xff,0x90,0x87,0xa5,ff d5 ff 90 87 a5 00 00
2025-10-25 13:19:32,347.25,0xff,0xd5,0xff,0x90,0x87,0xa5,ff d5 ff 90 87 a5 00 00
2025-10-25 13:19:32,347.25,0xff,0xd5,0xff,0x90,0x87,0xa5,ff d5 ff 90 87 a5 00 00
2025-10-25 13:19:32,347.25,0xff,0xd5,0xff,0x90,0x87,0xa5,ff d5 ff 90 87 a5 00 00
2025-10-25 13:19:32,347.25,0xff,0xd5,0xff,0x90,0x87,0xa5,ff d5 ff 90 87 a5 00 00
2025-10-25 13:19:32,347.25,0xff,0xd5,0xff,0x90,0x87,0xa5,ff d5 ff 90 87 a5 00 00
2025-10-25 13:19:32,347.25,0xff,0xd5,0xff,0x90,0x87,0xa5,ff d5 ff 90 87 a5 00 00
2025-10-25 13:19:32,347.25,0xff,0xd5,0xff,0x90,0x87,0xa5,ff d5 ff 90 87 a5 00 00
2025-10-25 13:19:32,347.25,0xff,0xd5,0xff,0x90,0x87,0xa5,ff d5 ff 90 87 a5 00 00
2025-10-25 13:19:32,347.25,0xff,0xd5,0xff,0x90,0x87,0xa5,ff d5 ff 90 87 a5 00 00
2025-10-25 13:19:32,347.25,0xff,0xd5,0xff,0x90,0x87,0xa5,ff d5 ff 90 87 a5 00 00
2025-10-25 13:19:32,347.25,0xff,0xd5,0xff,0x90,0x87,0xa5,ff d5 ff 90 87 a5 00 00
2025-10-25 13:19:32,347.25,0xff,0xd5,0xff,0x90,0x87,0xa5,ff d5 ff 90 87 a5 00 00
2025-10-25 13:19:32,347.25,0xff,0xd5,0xff,0x90,0x87,0xa5,ff d5 ff 90 87 a5 00 00
2025-10-25 13:19:32,347.25,0xff,0xd5,0xff,0x90,0x87,0xa5,ff d5 ff 90 87 a5 00 00
2025-10-25 13:19:32,347.25,0xff,0xd5,0xff,0x90,0x87,0xa5,ff d5 ff 90 87 a5 00 00
2025-10-25 13:19:32,347.25,0xff,0xd5,0xff,0x90,0x87,0xa5,ff d5 ff 90 87 a5 00 00
2025-10-25 13:19:32,347.25,0xff,0xd5,0xff,0x90,0x87,0xa5,ff d5 ff 90 87 a5 00 00
2025-10-25 13:19:32,347.25,0xff,0xd5,0xff,0x90,0x87,0xa5,ff d5 ff 90 87 a5 00 00
2025-10-25 13:19:32,347.25,0xff,0xd5,0xff,0x90,0x87,0xa5,ff d5 ff 90 87 a5 00 00
2025-10-25 13:19:32,347.25,0xff,0xd5,0xff,0x90,0x87,0xa5,ff d5 ff 90 87 a5 00 00
2025-10-25 13:19:32,347.25,0xff,0xd5,0xff,0x90,0x87,0xa5,ff d5 ff 90 87 a5 00 00
2025-10-25 13:19:32,347.25,0xff,0xd5,0xff,0x90,0x87,0xa5,ff d5 ff 90 87 a5 00 00
2025-10-25 13:19:32,347.25,0xff,0xd5,0xff,0x90,0x87,0xa5,ff d5 ff 90 87 a5 00 00
2025-10-25 13:19:32,347.25,0xff,0xd5,0xff,0x90,0x87,0xa5,ff d5 ff 90 87 a5 00 00
2025-10-25 13:19:32,347.25,0xff,0xd5,0xff,0x90,0x87,0xa5,ff d5 ff 90 87 a5 00 00
2025-10-25 13:19:32,347.25,0xff,0xd5,0xff,0x90,0x87,0xa5,ff d5 ff 90 87 a5 00 00
2025-10-25 13:19:32,347.25,0xff,0xd5,0xff,0x90,0x87,0xa5,ff d5 ff 90 87 a5 00 00
2025-10-25 13:19:32,347.25,0xff,0xd5,0xff,0x90,0x87,0xa5,ff d5 ff 90 87 a5 00 00
2025-10-25 13:19:32,347.25,0xff,0xd5,0xff,0x90,0x87,0xa5,ff d5 ff 90 87 a5 00 00
2025-10-25 13:19:32,347.25,0xff,0xd5,0xff,0x90,0x87,0xa5,ff d5 ff 90 87 a5 00 00
2025-10-25 13:19:32,347.25,0xff,0xd5,0xff,0x90,0x87,0xa5,ff d5 ff 90 87 a5 00 00
2025-10-25 13:19:32,347.25,0xff,0xd5,0xff,0x90,0x87,0xa5,ff d5 ff 90 87 a5 00 00
2025-10-25 13:19:32,347.25,0xff,0xd5,0xff,0x90,0x87,0xa5,ff d5 ff 90 87 a5 00 00
2025-10-25 13:19:32,347.25,0xff,0xd5,0xff,0x90,0x87,0xa5,ff d5 ff 90 87 a5 00 00
2025-10-25 13:19:32,347.25,0xff,0xd5,0xff,0x90,0x87,0xa5,ff d5 ff 90 87 a5 00 00
2025-10-25 13:19:32,347.25,0xff,0xd5,0xff,0x90,0x87,0xa5,ff d5 ff 90 87 a5 00 00
2025-10-25 13:19:33,347.25,0xff,0xd5,0xff,0x90,0x87,0xa5,ff d5 ff 90 87 a5 00 00
2025-10-25 13:19:33,347.25,0xff,0xd5,0xff,0x90,0x87,0xa5,ff d5 ff 90 87 a5 00 00
2025-10-25 13:19:33,347.25,0xff,0xd5,0xff,0x90,0x87,0xa5,ff d5 ff 90 87 a5 00 00
2025-10-25 13:19:33,347.25,0xff,0xd5,0xff,0x90,0x87,0xa5,ff d5 ff 90 87 a5 00 00
2025-10-25 13:19:33,347.25,0xff,0xd5,0xff,0x90,0x87,0xa5,ff d5 ff 90 87 a5 00 00
2025-10-25 13:19:33,347.25,0xff,0xd5,0xff,0x90,0x87,0xa5,ff d5 ff 90 87 a5 00 00
2025-10-25 13:19:33,347.25,0xff,0xd5,0xff,0x90,0x87,0xa5,ff d5 ff 90 87 a5 00 00
2025-10-25 13:19:33,347.25,0xff,0xd5,0xff,0x90,0x87,0xa5,ff d5 ff 90 87 a5 00 00
2025-10-25 13:19:33,347.25,0xff,0xd5,0xff,0x90,0x87,0xa5,ff d5 ff 90 87 a5 00 00
2025-10-25 13:19:33,347.25,0xff,0xd5,0xff,0x90,0x87,0xa5,ff d5 ff 90 87 a5 00 00
2025-10-25 13:19:33,347.25,0xff,0xd5,0xff,0x90,0x87,0xa5,ff d5 ff 90 87 a5 00 00
2025-10-25 13:19:33,347.25,0xff,0xd5,0xff,0x90,0x87,0xa5,ff d5 ff 90 87 a5 00 00
2025-10-25 13:19:33,347.25,0xff,0xd5,0xff,0x90,0x87,0xa5,ff d5 ff 90 87 a5 00 00
2025-10-25 13:19:33,347.25,0xff,0xd5,0xff,0x90,0x87,0xa5,ff d5 ff 90 87 a5 00 00
2025-10-25 13:19:33,347.25,0xff,0xd5,0xff,0x90,0x87,0xa5,ff d5 ff 90 87 a5 00 00
2025-10-25 13:19:33,347.25,0xff,0xd5,0xff,0x90,0x87,0xa5,ff d5 ff 90 87 a5 00 00
2025-10-25 13:19:33,347.25,0xff,0xd5,0xff,0x90,0x87,0xa5,ff d5 ff 90 87 a5 00 00
2025-10-25 13:19:33,347.25,0xff,0xd5,0xff,0x90,0x87,0xa5,ff d5 ff 90 87 a5 00 00
2025-10-25 13:19:33,347.25,0xff,0xd5,0xff,0x90,0x87,0xa5,ff d5 ff 90 87 a5 00 00
2025-10-25 13:19:33,347.25,0xff,0xd5,0xff,0x90,0x87,0xa5,ff d5 ff 90 87 a5 00 00
2025-10-25 13:19:33,347.25,0xff,0xd5,0xff,0x90,0x87,0xa5,ff d5 ff 90 87 a5 00 00
2025-10-25 13:19:33,347.25,0xff,0xd5,0xff,0x90,0x87,0xa5,ff d5 ff 90 87 a5 00 00
2025-10-25 13:19:33,347.25,0xff,0xd5,0xff,0x90,0x87,0xa5,ff d5 ff 90 87 a5 00 00
2025-10-25 13:19:33,347.25,0xff,0xd5,0xff,0x90,0x87,0xa5,ff d5 ff 90 87 a5 00 00
2025-10-25 13:19:33,347.25,0xff,0xd5,0xff,0x90,0x87,0xa5,ff d5 ff 90 87 a5 00 00
2025-10-25 13:19:33,347.25,0xff,0xd5,0xff,0x90,0x87,0xa5,ff d5 ff 90 87 a5 00 00
2025-10-25 13:19:33,347.25,0xff,0xd5,0xff,0x90,0x87,0xa5,ff d5 ff 90 87 a5 00 00
2025-10-25 13:19:33,347.25,0xff,0xd5,0xff,0x90,0x87,0xa5,ff d5 ff 90 87 a5 00 00
2025-10-25 13:19:33,347.25,0xff,0xd5,0xff,0x90,0x87,0xa5,ff d5 ff 90 87 a5 00 00
2025-10-25 13:19:33,347.25,0xff,0xd5,0xff,0x90,0x87,0xa5,ff d5 ff 90 87 a5 00 00
2025-10-25 13:19:33,347.25,0xff,0xd5,0xff,0x90,0x87,0xa5,ff d5 ff 90 87 a5 00 00
2025-10-25 13:19:33,347.25,0xff,0xd5,0xff,0x90,0x87,0xa5,ff d5 ff 90 87 a5 00 00
2025-10-25 13:19:33,347.25,0xff,0xd5,0xff,0x90,0x87,0xa5,ff d5 ff 90 87 a5 00 00
2025-10-25 13:19:33,347.25,0xff,0xd5,0xff,0x90,0x87,0xa5,ff d5 ff 90 87 a5 00 00
2025-10-25 13:19:33,347.25,0xff,0xd5,0xff,0x90,0x87,0xa5,ff d5 ff 90 87 a5 00 00
2025-10-25 13:19:33,347.25,0xff,0xd5,0xff,0x90,0x87,0xa5,ff d5 ff 90 87 a5 00 00
2025-10-25 13:19:33,347.25,0xff,0xd5,0xff,0x90,0x87,0xa5,ff d5 ff 90 87 a5 00 00
2025-10-25 13:19:33,347.25,0xff,0xd5,0xff,0x90,0x87,0xa5,ff d5 ff 90 87 a5 00 00
2025-10-25 13:19:33,347.25,0xff,0xd5,0xff,0x90,0x87,0xa5,ff d5 ff 90 87 a5 00 00
2025-10-25 13:19:33,347.25,0xff,0xd5,0xff,0x90,0x87,0xa5,ff d5 ff 90 87 a5 00 00
2025-10-25 13:19:33,347.25,0xff,0xd5,0xff,0x90,0x87,0xa5,ff d5 ff 90 87 a5 00 00
2025-10-25 13:19:33,347.25,0xff,0xd5,0xff,0x90,0x87,0xa5,ff d5 ff 90 87 a5 00 00
2025-10-25 13:19:33,347.25,0xff,0xd5,0xff,0x90,0x87,0xa5,ff d5 ff 90 87 a5 00 00
2025-10-25 13:19:33,347.25,0xff,0xd5,0xff,0x90,0x87,0xa5,ff d5 ff 90 87 a5 00 00
2025-10-25 13:19:33,347.25,0xff,0xd5,0xff,0x90,0x87,0xa5,ff d5 ff 90 87 a5 00 00
2025-10-25 13:19:33,347.25,0xff,0xd5,0xff,0x90,0x87,0xa5,ff d5 ff 90 87 a5 00 00
2025-10-25 13:19:33,347.25,0xff,0xd5,0xff,0x90,0x87,0xa5,ff d5 ff 90 87 a5 00 00
2025-10-25 13:19:33,347.25,0xff,0xd5,0xff,0x90,0x87,0xa5,ff d5 ff 90 87 a5 00 00
2025-10-25 13:19:33,347.25,0xff,0xd5,0xff,0x90,0x87,0xa5,ff d5 ff 90 87 a5 00 00
2025-10-25 13:19:33,347.25,0xff,0xd5,0xff,0x90,0x87,0xa5,ff d5 ff 90 87 a5 00 00
2025-10-25 13:19:33,347.25,0xff,0xd5,0xff,0x90,0x87,0xa5,ff d5 ff 90 87 a5 00 00
2025-10-25 13:19:33,347.25,0xff,0xd5,0xff,0x90,0x87,0xa5,ff d5 ff 90 87 a5 00 00
2025-10-25 13:19:34,347.25,0xff,0xd5,0xff,0x90,0x87,0xa5,ff d5 ff 90 87 a5 00 00
2025-10-25 13:19:34,347.25,0xff,0xd5,0xff,0x90,0x87,0xa5,ff d5 ff 90 87 a5 00 00
2025-10-25 13:19:34,347.25,0xff,0xd5,0xff,0x90,0x87,0xa5,ff d5 ff 90 87 a5 00 00
2025-10-25 13:19:34,347.25,0xff,0xd5,0xff,0x90,0x87,0xa5,ff d5 ff 90 87 a5 00 00
2025-10-25 13:19:34,347.25,0xff,0xd5,0xff,0x90,0x87,0xa5,ff d5 ff 90 87 a5 00 00
2025-10-25 13:19:34,347.25,0xff,0xd5,0xff,0x90,0x87,0xa5,ff d5 ff 90 87 a5 00 00
2025-10-25 13:19:34,347.25,0xff,0xd5,0xff,0x90,0x87,0xa5,ff d5 ff 90 87 a5 00 00
2025-10-25 13:19:34,347.25,0xff,0xd5,0xff,0x90,0x87,0xa5,ff d5 ff 90 87 a5 00 00
2025-10-25 13:19:34,347.25,0xff,0xd5,0xff,0x90,0x87,0xa5,ff d5 ff 90 87 a5 00 00
2025-10-25 13:19:34,347.25,0xff,0xd5,0xff,0x90,0x87,0xa5,ff d5 ff 90 87 a5 00 00
2025-10-25 13:19:34,347.25,0xff,0xd5,0xff,0x90,0x87,0xa5,ff d5 ff 90 87 a5 00 00
2025-10-25 13:19:34,347.25,0xff,0xd5,0xff,0x90,0x87,0xa5,ff d5 ff 90 87 a5 00 00
2025-10-25 13:19:34,347.25,0xff,0xd5,0xff,0x90,0x87,0xa5,ff d5 ff 90 87 a5 00 00
2025-10-25 13:19:34,347.25,0xff,0xd5,0xff,0x90,0x87,0xa5,ff d5 ff 90 87 a5 00 00
2025-10-25 13:19:34,347.25,0xff,0xd5,0xff,0x90,0x87,0xa5,ff d5 ff 90 87 a5 00 00
2025-10-25 13:19:34,347.25,0xff,0xd5,0xff,0x90,0x87,0xa5,ff d5 ff 90 87 a5 00 00
2025-10-25 13:19:34,347.25,0xff,0xd5,0xff,0x90,0x87,0xa5,ff d5 ff 90 87 a5 00 00
2025-10-25 13:19:34,347.25,0xff,0xd5,0xff,0x90,0x87,0xa5,ff d5 ff 90 87 a5 00 00
2025-10-25 13:19:34,347.25,0xff,0xd5,0xff,0x90,0x87,0xa5,ff d5 ff 90 87 a5 00 00
2025-10-25 13:19:34,347.25,0xff,0xd5,0xff,0x90,0x87,0xa5,ff d5 ff 90 87 a5 00 00
2025-10-25 13:19:34,347,0xff,0xf4,0xff,0x83,0x87,0x8c,ff f4 ff 83 87 8c 00 00
2025-10-25 13:19:34,347,0xff,0xf4,0xff,0x83,0x87,0x8c,ff f4 ff 83 87 8c 00 00
2025-10-25 13:19:34,347,0xff,0xf4,0xff,0x83,0x87,0x8c,ff f4 ff 83 87 8c 00 00
2025-10-25 13:19:34,346.75,0x00,0x00,0xff,0x8a,0x87,0x73,00 00 ff 8a 87 73 00 00
2025-10-25 13:19:34,346.75,0x00,0x00,0xff,0x8a,0x87,0x73,00 00 ff 8a 87 73 00 00
2025-10-25 13:19:34,346.75,0x00,0x00,0xff,0x8a,0x87,0x73,00 00 ff 8a 87 73 00 00
2025-10-25 13:19:34,347,0x00,0x00,0xff,0x8a,0x87,0x8c,00 00 ff 8a 87 8c 00 00
2025-10-25 13:19:34,347,0x00,0x00,0xff,0x8a,0x87,0x8c,00 00 ff 8a 87 8c 00 00
2025-10-25 13:19:34,347.18,0xff,0xce,0xff,0x71,0x87,0x9e,ff ce ff 71 87 9e 00 00
2025-10-25 13:19:34,347.18,0xff,0xce,0xff,0x71,0x87,0x9e,ff ce ff 71 87 9e 00 00
2025-10-25 13:19:34,347.18,0xff,0xbc,0xff,0x7d,0x87,0x9e,ff bc ff 7d 87 9e 00 00
2025-10-25 13:19:34,347.18,0xff,0xbc,0xff,0x7d,0x87,0x9e,ff bc ff 7d 87 9e 00 00
2025-10-25 13:19:34,347.18,0xff,0xbc,0xff,0x7d,0x87,0x9e,ff bc ff 7d 87 9e 00 00
2025-10-25 13:19:34,347.25,0xff,0xc2,0xff,0x96,0x87,0xa5,ff c2 ff 96 87 a5 00 00
2025-10-25 13:19:34,347.25,0xff,0xc2,0xff,0x96,0x87,0xa5,ff c2 ff 96 87 a5 00 00
2025-10-25 13:19:34,347.25,0xff,0xc2,0xff,0x96,0x87,0xa5,ff c2 ff 96 87 a5 00 00
2025-10-25 13:19:34,347.25,0xff,0xce,0xff,0x90,0x87,0xa5,ff ce ff 90 87 a5 00 00
2025-10-25 13:19:34,347.25,0xff,0xce,0xff,0x90,0x87,0xa5,ff ce ff 90 87 a5 00 00
2025-10-25 13:19:34,347,0xff,0xf4,0xff,0x83,0x87,0x8c,ff f4 ff 83 87 8c 00 00
2025-10-25 13:19:34,347,0xff,0xf4,0xff,0x83,0x87,0x8c,ff f4 ff 83 87 8c 00 00
2025-10-25 13:19:34,347,0xff,0xf4,0xff,0x83,0x87,0x8c,ff f4 ff 83 87 8c 00 00
2025-10-25 13:19:34,346.68,0x00,0x00,0xff,0x6a,0x87,0x6c,00 00 ff 6a 87 6c 00 00
2025-10-25 13:19:34,346.68,0x00,0x00,0xff,0x6a,0x87,0x6c,00 00 ff 6a 87 6c 00 00
2025-10-25 13:19:34,346.68,0x00,0x00,0xff,0x6a,0x87,0x6c,00 00 ff 6a 87 6c 00 00
2025-10-25 13:19:34,346.93,0xff,0xf4,0xff,0x6a,0x87,0x85,ff f4 ff 6a 87 85 00 00
2025-10-25 13:19:34,346.93,0xff,0xf4,0xff,0x6a,0x87,0x85,ff f4 ff 6a 87 85 00 00
2025-10-25 13:19:34,346.93,0xff,0xf4,0xff,0x6a,0x87,0x85,ff f4 ff 6a 87 85 00 00
2025-10-25 13:19:34,346.93,0xff,0xf4,0xff,0x6a,0x87,0x85,ff f4 ff 6a 87 85 00 00
2025-10-25 13:19:34,347.18,0xff,0xc8,0xff,0x77,0x87,0x9e,ff c8 ff 77 87 9e 00 00
2025-10-25 13:19:34,347.18,0xff,0xc8,0xff,0x77,0x87,0x9e,ff c8 ff 77 87 9e 00 00
2025-10-25 13:19:34,347.18,0xff,0xc2,0xff,0x77,0x87,0x9e,ff c2 ff 77 87 9e 00 00
2025-10-25 13:19:35,347.18,0xff,0xc2,0xff,0x77,0x87,0x9e,ff c2 ff 77 87 9e 00 00
2025-10-25 13:19:35,347.18,0xff,0xc2,0xff,0x77,0x87,0x9e,ff c2 ff 77 87 9e 00 00
2025-10-25 13:19:35,346.93,0xff,0xdb,0xff,0x71,0x87,0x85,ff db ff 71 87 85 00 00
2025-10-25 13:19:35,346.93,0xff,0xdb,0xff,0x71,0x87,0x85,ff db ff 71 87 85 00 00
2025-10-25 13:19:35,346.93,0xff,0xdb,0xff,0x71,0x87,0x85,ff db ff 71 87 85 00 00
2025-10-25 13:19:35,347,0xff,0xfa,0xff,0x83,0x87,0x8c,ff fa ff 83 87 8c 00 00
2025-10-25 13:19:35,347,0xff,0xfa,0xff,0x83,0x87,0x8c,ff fa ff 83 87 8c 00 00
2025-10-25 13:19:35,346.75,0x00,0x12,0xff,0x8a,0x87,0x73,00 12 ff 8a 87 73 00 00
2025-10-25 13:19:35,346.75,0x00,0x12,0xff,0x8a,0x87,0x73,00 12 ff 8a 87 73 00 00
2025-10-25 13:19:35,346.75,0x00,0x12,0xff,0x8a,0x87,0x73,00 12 ff 8a 87 73 00 00
2025-10-25 13:19:35,346.75,0x00,0x00,0xff,0x83,0x87,0x73,00 00 ff 83 87 73 00 00
2025-10-25 13:19:35,346.75,0x00,0x00,0xff,0x83,0x87,0x73,00 00 ff 83 87 73 00 00
2025-10-25 13:19:35,346.75,0x00,0x00,0xff,0x83,0x87,0x73,00 00 ff 83 87 73 00 00
2025-10-25 13:19:35,346.93,0xff,0xdb,0xff,0x71,0x87,0x85,ff db ff 71 87 85 00 00
2025-10-25 13:19:35,346.93,0xff,0xdb,0xff,0x71,0x87,0x85,ff db ff 71 87 85 00 00
2025-10-25 13:19:35,347.18,0xff,0xce,0xff,0x58,0x87,0x9e,ff ce ff 58 87 9e 00 00
2025-10-25 13:19:35,347.18,0xff,0xce,0xff,0x58,0x87,0x9e,ff ce ff 58 87 9e 00 00
2025-10-25 13:19:35,347.18,0xff,0xce,0xff,0x58,0x87,0x9e,ff ce ff 58 87 9e 00 00
2025-10-25 13:19:35,347.18,0xff,0xd5,0xff,0x58,0x87,0x9e,ff d5 ff 58 87 9e 00 00
2025-10-25 13:19:35,347.18,0xff,0xd5,0xff,0x58,0x87,0x9e,ff d5 ff 58 87 9e 00 00
2025-10-25 13:19:35,346.93,0xff,0xdb,0xff,0x71,0x87,0x85,ff db ff 71 87 85 00 00
2025-10-25 13:19:35,346.93,0xff,0xdb,0xff,0x71,0x87,0x85,ff db ff 71 87 85 00 00
2025-10-25 13:19:35,346.93,0xff,0xdb,0xff,0x71,0x87,0x85,ff db ff 71 87 85 00 00
2025-10-25 13:19:35,347.25,0xff,0xd5,0xff,0x90,0x87,0xa5,ff d5 ff 90 87 a5 00 00
2025-10-25 13:19:35,347.25,0xff,0xd5,0xff,0x90,0x87,0xa5,ff d5 ff 90 87 a5 00 00
2025-10-25 13:19:35,347.25,0xff,0xc2,0xff,0x96,0x87,0xa5,ff c2 ff 96 87 a5 00 00
2025-10-25 13:19:35,347.25,0xff,0xc2,0xff,0x96,0x87,0xa5,ff c2 ff 96 87 a5 00 00
2025-10-25 13:19:35,347.25,0xff,0xc2,0xff,0x96,0x87,0xa5,ff c2 ff 96 87 a5 00 00
2025-10-25 13:19:35,347.18,0xff,0xb5,0xff,0x7d,0x87,0x9e,ff b5 ff 7d 87 9e 00 00
2025-10-25 13:19:35,347.18,0xff,0xb5,0xff,0x7d,0x87,0x9e,ff b5 ff 7d 87 9e 00 00
2025-10-25 13:19:35,347,0xff,0xe1,0xff,0x8a,0x87,0x8c,ff e1 ff 8a 87 8c 00 00
2025-10-25 13:19:35,347,0xff,0xe1,0xff,0x8a,0x87,0x8c,ff e1 ff 8a 87 8c 00 00
2025-10-25 13:19:35,347,0xff,0xe1,0xff,0x8a,0x87,0x8c,ff e1 ff 8a 87 8c 00 00
2025-10-25 13:19:35,347,0xff,0xee,0xff,0x8a,0x87,0x8c,ff ee ff 8a 87 8c 00 00
2025-10-25 13:19:35,347,0xff,0xee,0xff,0x8a,0x87,0x8c,ff ee ff 8a 87 8c 00 00
2025-10-25 13:19:35,347,0xff,0xee,0xff,0x8a,0x87,0x8c,ff ee ff 8a 87 8c 00 00
2025-10-25 13:19:35,347,0x00,0x00,0xff,0x8a,0x87,0x8c,00 00 ff 8a 87 8c 00 00
2025-10-25 13:19:35,347,0x00,0x00,0xff,0x8a,0x87,0x8c,00 00 ff 8a 87 8c 00 00
2025-10-25 13:19:35,347,0x00,0x00,0xff,0x8a,0x87,0x8c,00 00 ff 8a 87 8c 00 00
2025-10-25 13:19:35,347,0x00,0x00,0xff,0x8a,0x87,0x8c,00 00 ff 8a 87 8c 00 00
2025-10-25 13:19:35,347,0x00,0x00,0xff,0x8a,0x87,0x8c,00 00 ff 8a 87 8c 00 00
2025-10-25 13:19:35,347,0x00,0x00,0xff,0x8a,0x87,0x8c,00 00 ff 8a 87 8c 00 00
2025-10-25 13:19:35,347,0x00,0x00,0xff,0x8a,0x87,0x8c,00 00 ff 8a 87 8c 00 00
2025-10-25 13:19:35,347.18,0xff,0xce,0xff,0x71,0x87,0x9e,ff ce ff 71 87 9e 00 00
2025-10-25 13:19:35,347.18,0xff,0xce,0xff,0x71,0x87,0x9e,ff ce ff 71 87 9e 00 00
2025-10-25 13:19:35,347.18,0xff,0xce,0xff,0x71,0x87,0x9e,ff ce ff 71 87 9e 00 00
2025-10-25 13:19:35,347.18,0xff,0xc8,0xff,0x77,0x87,0x9e,ff c8 ff 77 87 9e 00 00
2025-10-25 13:19:35,347.18,0xff,0xc8,0xff,0x77,0x87,0x9e,ff c8 ff 77 87 9e 00 00
2025-10-25 13:19:35,347.18,0xff,0xc8,0xff,0x77,0x87,0x9e,ff c8 ff 77 87 9e 00 00
2025-10-25 13:19:35,347.25,0xff,0xd5,0xff,0x90,0x87,0xa5,ff d5 ff 90 87 a5 00 00
2025-10-25 13:19:35,347.25,0xff,0xd5,0xff,0x90,0x87,0xa5,ff d5 ff 90 87 a5 00 00
2025-10-25 13:19:35,347,0xff,0xdb,0xff,0x8a,0x87,0x8c,ff db ff 8a 87 8c 00 00
2025-10-25 13:19:36,347,0xff,0xdb,0xff,0x8a,0x87,0x8c,ff db ff 8a 87 8c 00 00
2025-10-25 13:19:36,347,0xff,0xdb,0xff,0x8a,0x87,0x8c,ff db ff 8a 87 8c 00 00
2025-10-25 13:19:36,346.93,0xff,0xee,0xff,0x6a,0x87,0x85,ff ee ff 6a 87 85 00 00
2025-10-25 13:19:36,346.93,0xff,0xee,0xff,0x6a,0x87,0x85,ff ee ff 6a 87 85 00 00
2025-10-25 13:19:36,346.93,0xff,0xee,0xff,0x6a,0x87,0x85,ff ee ff 6a 87 85 00 00
2025-10-25 13:19:36,346.93,0xff,0xf4,0xff,0x6a,0x87,0x85,ff f4 ff 6a 87 85 00 00
2025-10-25 13:19:36,346.93,0xff,0xf4,0xff,0x6a,0x87,0x85,ff f4 ff 6a 87 85 00 00
2025-10-25 13:19:36,346.93,0xff,0xe1,0xff,0x71,0x87,0x85,ff e1 ff 71 87 85 00 00
2025-10-25 13:19:36,346.93,0xff,0xe1,0xff,0x71,0x87,0x85,ff e1 ff 71 87 85 00 00
2025-10-25 13:19:36,346.93,0xff,0xe1,0xff,0x71,0x87,0x85,ff e1 ff 71 87 85 00 00
2025-10-25 13:19:36,346.93,0xff,0xe1,0xff,0x71,0x87,0x85,ff e1 ff 71 87 85 00 00
2025-10-25 13:19:36,346.93,0xff,0xe1,0xff,0x71,0x87,0x85,ff e1 ff 71 87 85 00 00
2025-10-25 13:19:36,346.93,0xff,0xe1,0xff,0x71,0x87,0x85,ff e1 ff 71 87 85 00 00
2025-10-25 13:19:36,346.93,0xff,0xe1,0xff,0x71,0x87,0x85,ff e1 ff 71 87 85 00 00
2025-10-25 13:19:36,346.93,0xff,0xe1,0xff,0x71,0x87,0x85,ff e1 ff 71 87 85 00 00
2025-10-25 13:19:36,346.93,0xff,0xe1,0xff,0x71,0x87,0x85,ff e1 ff 71 87 85 00 00
2025-10-25 13:19:36,346.93,0xff,0xe1,0xff,0x71,0x87,0x85,ff e1 ff 71 87 85 00 00
2025-10-25 13:19:36,346.93,0xff,0xe1,0xff,0x71,0x87,0x85,ff e1 ff 71 87 85 00 00
2025-10-25 13:19:36,346.93,0xff,0xe1,0xff,0x71,0x87,0x85,ff e1 ff 71 87 85 00 00
2025-10-25 13:19:36,346.93,0xff,0xe1,0xff,0x71,0x87,0x85,ff e1 ff 71 87 85 00 00
2025-10-25 13:19:36,346.93,0xff,0xe1,0xff,0x71,0x87,0x85,ff e1 ff 71 87 85 00 00
2025-10-25 13:19:36,346.93,0xff,0xe1,0xff,0x71,0x87,0x85,ff e1 ff 71 87 85 00 00
2025-10-25 13:19:36,346.93,0xff,0xe1,0xff,0x71,0x87,0x85,ff e1 ff 71 87 85 00 00
2025-10-25 13:19:36,346.93,0xff,0xe1,0xff,0x71,0x87,0x85,ff e1 ff 71 87 85 00 00
2025-10-25 13:19:36,346.93,0xff,0xe1,0xff,0x71,0x87,0x85,ff e1 ff 71 87 85 00 00
2025-10-25 13:19:36,346.93,0xff,0xe1,0xff,0x71,0x87,0x85,ff e1 ff 71 87 85 00 00
2025-10-25 13:19:36,346.93,0xff,0xe1,0xff,0x71,0x87,0x85,ff e1 ff 71 87 85 00 00
2025-10-25 13:19:36,346.93,0xff,0xe1,0xff,0x71,0x87,0x85,ff e1 ff 71 87 85 00 00
2025-10-25 13:19:36,346.93,0xff,0xe1,0xff,0x71,0x87,0x85,ff e1 ff 71 87 85 00 00
2025-10-25 13:19:36,346.93,0xff,0xe1,0xff,0x71,0x87,0x85,ff e1 ff 71 87 85 00 00
2025-10-25 13:19:36,346.93,0xff,0xe1,0xff,0x71,0x87,0x85,ff e1 ff 71 87 85 00 00
2025-10-25 13:19:36,346.93,0xff,0xe1,0xff,0x71,0x87,0x85,ff e1 ff 71 87 85 00 00
2025-10-25 13:19:36,346.93,0xff,0xe1,0xff,0x71,0x87,0x85,ff e1 ff 71 87 85 00 00
2025-10-25 13:19:36,346.93,0xff,0xe1,0xff,0x71,0x87,0x85,ff e1 ff 71 87 85 00 00
2025-10-25 13:19:36,346.93,0xff,0xe1,0xff,0x71,0x87,0x85,ff e1 ff 71 87 85 00 00
2025-10-25 13:19:36,346.93,0xff,0xe1,0xff,0x71,0x87,0x85,ff e1 ff 71 87 85 00 00
2025-10-25 13:19:36,346.93,0xff,0xe1,0xff,0x71,0x87,0x85,ff e1 ff 71 87 85 00 00
2025-10-25 13:19:36,346.93,0xff,0xe1,0xff,0x71,0x87,0x85,ff e1 ff 71 87 85 00 00
2025-10-25 13:19:36,346.93,0xff,0xe1,0xff,0x71,0x87,0x85,ff e1 ff 71 87 85 00 00
2025-10-25 13:19:36,346.93,0xff,0xe1,0xff,0x71,0x87,0x85,ff e1 ff 71 87 85 00 00
2025-10-25 13:19:36,346.93,0xff,0xe1,0xff,0x71,0x87,0x85,ff e1 ff 71 87 85 00 00
2025-10-25 13:19:36,346.93,0xff,0xe1,0xff,0x71,0x87,0x85,ff e1 ff 71 87 85 00 00
2025-10-25 13:19:36,346.93,0xff,0xe1,0xff,0x71,0x87,0x85,ff e1 ff 71 87 85 00 00
2025-10-25 13:19:36,346.93,0xff,0xe1,0xff,0x71,0x87,0x85,ff e1 ff 71 87 85 00 00
2025-10-25 13:19:36,346.93,0xff,0xe1,0xff,0x71,0x87,0x85,ff e1 ff 71 87 85 00 00
2025-10-25 13:19:36,346.93,0xff,0xe1,0xff,0x71,0x87,0x85,ff e1 ff 71 87 85 00 00
2025-10-25 13:19:36,346.93,0xff,0xe1,0xff,0x71,0x87,0x85,ff e1 ff 71 87 85 00 00
2025-10-25 13:19:36,346.93,0xff,0xe1,0xff,0x71,0x87,0x85,ff e1 ff 71 87 85 00 00
2025-10-25 13:19:36,346.93,0xff,0xe1,0xff,0x71,0x87,0x85,ff e1 ff 71 87 85 00 00
2025-10-25 13:19:36,346.93,0xff,0xe1,0xff,0x71,0x87,0x85,ff e1 ff 71 87 85 00 00
2025-10-25 13:19:36,346.93,0xff,0xe1,0xff,0x71,0x87,0x85,ff e1 ff 71 87 85 00 00
2025-10-25 13:19:36,346.93,0xff,0xe1,0xff,0x71,0x87,0x85,ff e1 ff 71 87 85 00 00
2025-10-25 13:19:36,346.93,0xff,0xe1,0xff,0x71,0x87,0x85,ff e1 ff 71 87 85 00 00
2025-10-25 13:19:37,346.93,0xff,0xe1,0xff,0x71,0x87,0x85,ff e1 ff 71 87 85 00 00
2025-10-25 13:19:37,346.93,0xff,0xe1,0xff,0x71,0x87,0x85,ff e1 ff 71 87 85 00 00
2025-10-25 13:19:37,346.93,0xff,0xe1,0xff,0x71,0x87,0x85,ff e1 ff 71 87 85 00 00
2025-10-25 13:19:37,346.93,0xff,0xe1,0xff,0x71,0x87,0x85,ff e1 ff 71 87 85 00 00
2025-10-25 13:19:37,346.93,0xff,0xe1,0xff,0x71,0x87,0x85,ff e1 ff 71 87 85 00 00
2025-10-25 13:19:37,346.93,0xff,0xe1,0xff,0x71,0x87,0x85,ff e1 ff 71 87 85 00 00
2025-10-25 13:19:37,346.93,0xff,0xe1,0xff,0x71,0x87,0x85,ff e1 ff 71 87 85 00 00
2025-10-25 13:19:37,346.93,0xff,0xe1,0xff,0x71,0x87,0x85,ff e1 ff 71 87 85 00 00
2025-10-25 13:19:37,346.93,0xff,0xe1,0xff,0x71,0x87,0x85,ff e1 ff 71 87 85 00 00
2025-10-25 13:19:37,346.93,0xff,0xe1,0xff,0x71,0x87,0x85,ff e1 ff 71 87 85 00 00
2025-10-25 13:19:37,346.93,0xff,0xe1,0xff,0x71,0x87,0x85,ff e1 ff 71 87 85 00 00
2025-10-25 13:19:37,346.93,0xff,0xe1,0xff,0x71,0x87,0x85,ff e1 ff 71 87 85 00 00
2025-10-25 13:19:37,346.93,0xff,0xe1,0xff,0x71,0x87,0x85,ff e1 ff 71 87 85 00 00
2025-10-25 13:19:37,346.93,0xff,0xe1,0xff,0x71,0x87,0x85,ff e1 ff 71 87 85 00 00
2025-10-25 13:19:37,346.93,0xff,0xe1,0xff,0x71,0x87,0x85,ff e1 ff 71 87 85 00 00
2025-10-25 13:19:37,346.93,0xff,0xe1,0xff,0x71,0x87,0x85,ff e1 ff 71 87 85 00 00
2025-10-25 13:19:37,346.93,0xff,0xe1,0xff,0x71,0x87,0x85,ff e1 ff 71 87 85 00 00
2025-10-25 13:19:37,346.93,0xff,0xe1,0xff,0x71,0x87,0x85,ff e1 ff 71 87 85 00 00
2025-10-25 13:19:37,346.93,0xff,0xe1,0xff,0x71,0x87,0x85,ff e1 ff 71 87 85 00 00
2025-10-25 13:19:37,346.93,0xff,0xe1,0xff,0x71,0x87,0x85,ff e1 ff 71 87 85 00 00
2025-10-25 13:19:37,346.93,0xff,0xe1,0xff,0x71,0x87,0x85,ff e1 ff 71 87 85 00 00
2025-10-25 13:19:37,346.93,0xff,0xe1,0xff,0x71,0x87,0x85,ff e1 ff 71 87 85 00 00
2025-10-25 13:19:37,346.93,0xff,0xe1,0xff,0x71,0x87,0x85,ff e1 ff 71 87 85 00 00
2025-10-25 13:19:37,346.93,0xff,0xe1,0xff,0x71,0x87,0x85,ff e1 ff 71 87 85 00 00
2025-10-25 13:19:37,346.93,0xff,0xe1,0xff,0x71,0x87,0x85,ff e1 ff 71 87 85 00 00
2025-10-25 13:19:37,346.93,0xff,0xe1,0xff,0x71,0x87,0x85,ff e1 ff 71 87 85 00 00
2025-10-25 13:19:37,346.93,0xff,0xe1,0xff,0x71,0x87,0x85,ff e1 ff 71 87 85 00 00
2025-10-25 13:19:37,346.93,0xff,0xe1,0xff,0x71,0x87,0x85,ff e1 ff 71 87 85 00 00
2025-10-25 13:19:37,346.93,0xff,0xe1,0xff,0x71,0x87,0x85,ff e1 ff 71 87 85 00 00
2025-10-25 13:19:37,346.93,0xff,0xe1,0xff,0x71,0x87,0x85,ff e1 ff 71 87 85 00 00
2025-10-25 13:19:37,346.93,0xff,0xe1,0xff,0x71,0x87,0x85,ff e1 ff 71 87 85 00 00
2025-10-25 13:19:37,346.93,0xff,0xe1,0xff,0x71,0x87,0x85,ff e1 ff 71 87 85 00 00
2025-10-25 13:19:37,346.93,0xff,0xe1,0xff,0x71,0x87,0x85,ff e1 ff 71 87 85 00 00
2025-10-25 13:19:37,346.93,0xff,0xe1,0xff,0x71,0x87,0x85,ff e1 ff 71 87 85 00 00
2025-10-25 13:19:37,346.93,0xff,0xe1,0xff,0x71,0x87,0x85,ff e1 ff 71 87 85 00 00
2025-10-25 13:19:37,346.93,0xff,0xe1,0xff,0x71,0x87,0x85,ff e1 ff 71 87 85 00 00
2025-10-25 13:19:37,346.93,0xff,0xe1,0xff,0x71,0x87,0x85,ff e1 ff 71 87 85 00 00
2025-10-25 13:19:37,346.93,0xff,0xe1,0xff,0x71,0x87,0x85,ff e1 ff 71 87 85 00 00
2025-10-25 13:19:37,346.93,0xff,0xe1,0xff,0x71,0x87,0x85,ff e1 ff 71 87 85 00 00
2025-10-25 13:19:37,346.93,0xff,0xe1,0xff,0x71,0x87,0x85,ff e1 ff 71 87 85 00 00
2025-10-25 13:19:37,346.93,0xff,0xe1,0xff,0x71,0x87,0x85,ff e1 ff 71 87 85 00 00
2025-10-25 13:19:37,346.93,0xff,0xe1,0xff,0x71,0x87,0x85,ff e1 ff 71 87 85 00 00
2025-10-25 13:19:37,346.93,0xff,0xe1,0xff,0x71,0x87,0x85,ff e1 ff 71 87 85 00 00
2025-10-25 13:19:37,346.93,0xff,0xe1,0xff,0x71,0x87,0x85,ff e1 ff 71 87 85 00 00
2025-10-25 13:19:37,346.93,0xff,0xe1,0xff,0x71,0x87,0x85,ff e1 ff 71 87 85 00 00
2025-10-25 13:19:37,346.93,0xff,0xe1,0xff,0x71,0x87,0x85,ff e1 ff 71 87 85 00 00
2025-10-25 13:19:37,346.93,0xff,0xe1,0xff,0x71,0x87,0x85,ff e1 ff 71 87 85 00 00
2025-10-25 13:19:37,346.93,0xff,0xe1,0xff,0x71,0x87,0x85,ff e1 ff 71 87 85 00 00
2025-10-25 13:19:37,346.93,0xff,0xe1,0xff,0x71,0x87,0x85,ff e1 ff 71 87 85 00 00
2025-10-25 13:19:37,346.68,0x00,0x12,0xff,0x51,0x87,0x6c,00 12 ff 51 87 6c 00 00
2025-10-25 13:19:38,346.68,0x00,0x12,0xff,0x51,0x87,0x6c,00 12 ff 51 87 6c 00 00
2025-10-25 13:19:38,346.68,0x00,0x12,0xff,0x51,0x87,0x6c,00 12 ff 51 87 6c 00 00
2025-10-25 13:19:38,346.68,0x00,0x00,0xff,0x51,0x87,0x6c,00 00 ff 51 87 6c 00 00
2025-10-25 13:19:38,346.68,0x00,0x00,0xff,0x51,0x87,0x6c,00 00 ff 51 87 6c 00 00
2025-10-25 13:19:38,346.68,0x00,0x00,0xff,0x51,0x87,0x6c,00 00 ff 51 87 6c 00 00
2025-10-25 13:19:38,347,0xff,0xf4,0xff,0x83,0x87,0x8c,ff f4 ff 83 87 8c 00 00
2025-10-25 13:19:38,347,0xff,0xf4,0xff,0x83,0x87,0x8c,ff f4 ff 83 87 8c 00 00
2025-10-25 13:19:38,347.25,0xff,0xbc,0xff,0x9c,0x87,0xa5,ff bc ff 9c 87 a5 00 00
2025-10-25 13:19:38,347.25,0xff,0xbc,0xff,0x9c,0x87,0xa5,ff bc ff 9c 87 a5 00 00
2025-10-25 13:19:38,347.25,0xff,0xbc,0xff,0x9c,0x87,0xa5,ff bc ff 9c 87 a5 00 00
2025-10-25 13:19:38,347.5,0xff,0x96,0xff,0x96,0x87,0xbe,ff 96 ff 96 87 be 00 00
2025-10-25 13:19:38,347.5,0xff,0x96,0xff,0x96,0x87,0xbe,ff 96 ff 96 87 be 00 00
2025-10-25 13:19:38,347.5,0xff,0x96,0xff,0x96,0x87,0xbe,ff 96 ff 96 87 be 00 00
2025-10-25 13:19:38,347.43,0xff,0xa3,0xff,0x71,0x87,0xb7,ff a3 ff 71 87 b7 00 00
2025-10-25 13:19:38,347.43,0xff,0xa3,0xff,0x71,0x87,0xb7,ff a3 ff 71 87 b7 00 00
2025-10-25 13:19:38,347.18,0xff,0xc8,0xff,0x5e,0x87,0x9e,ff c8 ff 5e 87 9e 00 00
2025-10-25 13:19:38,347.18,0xff,0xc8,0xff,0x5e,0x87,0x9e,ff c8 ff 5e 87 9e 00 00
2025-10-25 13:19:38,347.18,0xff,0xc8,0xff,0x5e,0x87,0x9e,ff c8 ff 5e 87 9e 00 00
2025-10-25 13:19:38,346.93,0xff,0xe7,0xff,0x51,0x87,0x85,ff e7 ff 51 87 85 00 00
2025-10-25 13:19:38,346.93,0xff,0xe7,0xff,0x51,0x87,0x85,ff e7 ff 51 87 85 00 00
2025-10-25 13:19:38,347,0xff,0xf4,0xff,0x83,0x87,0x8c,ff f4 ff 83 87 8c 00 00
2025-10-25 13:19:38,347,0xff,0xf4,0xff,0x83,0x87,0x8c,ff f4 ff 83 87 8c 00 00
2025-10-25 13:19:38,347,0xff,0xf4,0xff,0x83,0x87,0x8c,ff f4 ff 83 87 8c 00 00
2025-10-25 13:19:38,347.06,0xff,0xf4,0xff,0xaf,0x87,0x92,ff f4 ff af 87 92 00 00
2025-10-25 13:19:38,347.06,0xff,0xf4,0xff,0xaf,0x87,0x92,ff f4 ff af 87 92 00 00
2025-10-25 13:19:38,347.06,0xff,0xe1,0xff,0xaf,0x87,0x92,ff e1 ff af 87 92 00 00
2025-10-25 13:19:38,347.06,0xff,0xe1,0xff,0xaf,0x87,0x92,ff e1 ff af 87 92 00 00
2025-10-25 13:19:38,347.06,0xff,0xe1,0xff,0xaf,0x87,0x92,ff e1 ff af 87 92 00 00
2025-10-25 13:19:38,347.18,0xff,0xbc,0xff,0x7d,0x87,0x9e,ff bc ff 7d 87 9e 00 00
2025-10-25 13:19:38,347.18,0xff,0xbc,0xff,0x7d,0x87,0x9e,ff bc ff 7d 87 9e 00 00
2025-10-25 13:19:38,347.18,0xff,0xbc,0xff,0x7d,0x87,0x9e,ff bc ff 7d 87 9e 00 00
2025-10-25 13:19:38,347.18,0xff,0xce,0xff,0x58,0x87,0x9e,ff ce ff 58 87 9e 00 00
2025-10-25 13:19:38,347.18,0xff,0xce,0xff,0x58,0x87,0x9e,ff ce ff 58 87 9e 00 00
2025-10-25 13:19:38,346.93,0xff,0xfa,0xff,0x51,0x87,0x85,ff fa ff 51 87 85 00 00
2025-10-25 13:19:38,346.93,0xff,0xfa,0xff,0x51,0x87,0x85,ff fa ff 51 87 85 00 00
2025-10-25 13:19:38,346.93,0xff,0xfa,0xff,0x51,0x87,0x85,ff fa ff 51 87 85 00 00
2025-10-25 13:19:38,346.68,0x00,0x06,0xff,0x6a,0x87,0x6c,00 06 ff 6a 87 6c 00 00
2025-10-25 13:19:38,346.68,0x00,0x06,0xff,0x6a,0x87,0x6c,00 06 ff 6a 87 6c 00 00
2025-10-25 13:19:38,346.75,0x00,0x00,0xff,0x83,0x87,0x73,00 00 ff 83 87 73 00 00
2025-10-25 13:19:38,346.75,0x00,0x00,0xff,0x83,0x87,0x73,00 00 ff 83 87 73 00 00
2025-10-25 13:19:38,346.75,0x00,0x00,0xff,0x83,0x87,0x73,00 00 ff 83 87 73 00 00
2025-10-25 13:19:38,347.25,0xff,0xd5,0xff,0x90,0x87,0xa5,ff d5 ff 90 87 a5 00 00
2025-10-25 13:19:38,347.25,0xff,0xd5,0xff,0x90,0x87,0xa5,ff d5 ff 90 87 a5 00 00
2025-10-25 13:19:38,347.25,0xff,0xd5,0xff,0x90,0x87,0xa5,ff d5 ff 90 87 a5 00 00
2025-10-25 13:19:38,347.18,0xff,0xc2,0xff,0x77,0x87,0x9e,ff c2 ff 77 87 9e 00 00
2025-10-25 13:19:38,347.18,0xff,0xc2,0xff,0x77,0x87,0x9e,ff c2 ff 77 87 9e 00 00
2025-10-25 13:19:38,346.93,0xff,0xdb,0xff,0x71,0x87,0x85,ff db ff 71 87 85 00 00
2025-10-25 13:19:38,346.93,0xff,0xdb,0xff,0x71,0x87,0x85,ff db ff 71 87 85 00 00
2025-10-25 13:19:38,346.93,0xff,0xdb,0xff,0x71,0x87,0x85,ff db ff 71 87 85 00 00
2025-10-25 13:19:38,346.93,0xff,0xe1,0xff,0x71,0x87,0x85,ff e1 ff 71 87 85 00 00
2025-10-25 13:19:38,346.93,0xff,0xe1,0xff,0x71,0x87,0x85,ff e1 ff 71 87 85 00 00
2025-10-25 13:19:38,346.93,0xff,0xe1,0xff,0x71,0x87,0x85,ff e1 ff 71 87 85 00 00
2025-10-25 13:19:38,346.93,0xff,0xdb,0xff,0x71,0x87,0x85,ff db ff 71 87 85 00 00
2025-10-25 13:19:39,346.93,0xff,0xdb,0xff,0x71,0x87,0x85,ff db ff 71 87 85 00 00
2025-10-25 13:19:39,346.93,0xff,0xdb,0xff,0x71,0x87,0x85,ff db ff 71 87 85 00 00
2025-10-25 13:19:39,346.93,0xff,0xee,0xff,0x6a,0x87,0x85,ff ee ff 6a 87 85 00 00
2025-10-25 13:19:39,346.93,0xff,0xee,0xff,0x6a,0x87,0x85,ff ee ff 6a 87 85 00 00
2025-10-25 13:19:39,346.93,0xff,0xe7,0xff,0x6a,0x87,0x85,ff e7 ff 6a 87 85 00 00
2025-10-25 13:19:39,346.93,0xff,0xe7,0xff,0x6a,0x87,0x85,ff e7 ff 6a 87 85 00 00
2025-10-25 13:19:39,346.93,0xff,0xe7,0xff,0x6a,0x87,0x85,ff e7 ff 6a 87 85 00 00
2025-10-25 13:19:39,346.93,0xff,0xe7,0xff,0x6a,0x87,0x85,ff e7 ff 6a 87 85 00 00
2025-10-25 13:19:39,346.93,0xff,0xe7,0xff,0x6a,0x87,0x85,ff e7 ff 6a 87 85 00 00
2025-10-25 13:19:39,346.93,0xff,0xe7,0xff,0x6a,0x87,0x85,ff e7 ff 6a 87 85 00 00
2025-10-25 13:19:39,346.93,0xff,0xe7,0xff,0x6a,0x87,0x85,ff e7 ff 6a 87 85 00 00
2025-10-25 13:19:39,346.93,0xff,0xe7,0xff,0x6a,0x87,0x85,ff e7 ff 6a 87 85 00 00
2025-10-25 13:19:39,346.93,0xff,0xe7,0xff,0x6a,0x87,0x85,ff e7 ff 6a 87 85 00 00
2025-10-25 13:19:39,346.93,0xff,0xe7,0xff,0x6a,0x87,0x85,ff e7 ff 6a 87 85 00 00
2025-10-25 13:19:39,346.93,0xff,0xe7,0xff,0x6a,0x87,0x85,ff e7 ff 6a 87 85 00 00
2025-10-25 13:19:39,346.93,0xff,0xe7,0xff,0x6a,0x87,0x85,ff e7 ff 6a 87 85 00 00
2025-10-25 13:19:39,346.93,0xff,0xe7,0xff,0x6a,0x87,0x85,ff e7 ff 6a 87 85 00 00
2025-10-25 13:19:39,346.93,0xff,0xe7,0xff,0x6a,0x87,0x85,ff e7 ff 6a 87 85 00 00
2025-10-25 13:19:39,346.93,0xff,0xe7,0xff,0x6a,0x87,0x85,ff e7 ff 6a 87 85 00 00
2025-10-25 13:19:39,346.93,0xff,0xe7,0xff,0x6a,0x87,0x85,ff e7 ff 6a 87 85 00 00
2025-10-25 13:19:39,346.93,0xff,0xe7,0xff,0x6a,0x87,0x85,ff e7 ff 6a 87 85 00 00
2025-10-25 13:19:39,346.93,0xff,0xe7,0xff,0x6a,0x87,0x85,ff e7 ff 6a 87 85 00 00
2025-10-25 13:19:39,346.93,0xff,0xe7,0xff,0x6a,0x87,0x85,ff e7 ff 6a 87 85 00 00
2025-10-25 13:19:39,346.93,0xff,0xe7,0xff,0x6a,0x87,0x85,ff e7 ff 6a 87 85 00 00
2025-10-25 13:19:39,346.93,0xff,0xe7,0xff,0x6a,0x87,0x85,ff e7 ff 6a 87 85 00 00
2025-10-25 13:19:39,346.93,0xff,0xe7,0xff,0x6a,0x87,0x85,ff e7 ff 6a 87 85 00 00
2025-10-25 13:19:39,346.93,0xff,0xe7,0xff,0x6a,0x87,0x85,ff e7 ff 6a 87 85 00 00
2025-10-25 13:19:39,346.93,0xff,0xe7,0xff,0x6a,0x87,0x85,ff e7 ff 6a 87 85 00 00
2025-10-25 13:19:39,346.93,0xff,0xe7,0xff,0x6a,0x87,0x85,ff e7 ff 6a 87 85 00 00
2025-10-25 13:19:39,346.93,0xff,0xe7,0xff,0x6a,0x87,0x85,ff e7 ff 6a 87 85 00 00
2025-10-25 13:19:39,346.93,0xff,0xe7,0xff,0x6a,0x87,0x85,ff e7 ff 6a 87 85 00 00
2025-10-25 13:19:39,346.93,0xff,0xe7,0xff,0x6a,0x87,0x85,ff e7 ff 6a 87 85 00 00
2025-10-25 13:19:39,346.93,0xff,0xe7,0xff,0x6a,0x87,0x85,ff e7 ff 6a 87 85 00 00
2025-10-25 13:19:39,346.93,0xff,0xe7,0xff,0x6a,0x87,0x85,ff e7 ff 6a 87 85 00 00
2025-10-25 13:19:39,346.93,0xff,0xe7,0xff,0x6a,0x87,0x85,ff e7 ff 6a 87 85 00 00
2025-10-25 13:19:39,346.93,0xff,0xe7,0xff,0x6a,0x87,0x85,ff e7 ff 6a 87 85 00 00
2025-10-25 13:19:39,346.93,0xff,0xe7,0xff,0x6a,0x87,0x85,ff e7 ff 6a 87 85 00 00
2025-10-25 13:19:39,346.93,0xff,0xe7,0xff,0x6a,0x87,0x85,ff e7 ff 6a 87 85 00 00
2025-10-25 13:19:39,346.93,0xff,0xe7,0xff,0x6a,0x87,0x85,ff e7 ff 6a 87 85 00 00
2025-10-25 13:19:39,346.93,0xff,0xe7,0xff,0x6a,0x87,0x85,ff e7 ff 6a 87 85 00 00
2025-10-25 13:19:39,346.93,0xff,0xe7,0xff,0x6a,0x87,0x85,ff e7 ff 6a 87 85 00 00
2025-10-25 13:19:39,346.93,0xff,0xe7,0xff,0x6a,0x87,0x85,ff e7 ff 6a 87 85 00 00
2025-10-25 13:19:39,346.93,0xff,0xe7,0xff,0x6a,0x87,0x85,ff e7 ff 6a 87 85 00 00
2025-10-25 13:19:39,346.93,0xff,0xe7,0xff,0x6a,0x87,0x85,ff e7 ff 6a 87 85 00 00
2025-10-25 13:19:39,346.93,0xff,0xe7,0xff,0x6a,0x87,0x85,ff e7 ff 6a 87 85 00 00
2025-10-25 13:19:39,346.93,0xff,0xe7,0xff,0x6a,0x87,0x85,ff e7 ff 6a 87 85 00 00
2025-10-25 13:19:39,346.93,0xff,0xe7,0xff,0x6a,0x87,0x85,ff e7 ff 6a 87 85 00 00
2025-10-25 13:19:39,346.93,0xff,0xe7,0xff,0x6a,0x87,0x85,ff e7 ff 6a 87 85 00 00
2025-10-25 13:19:39,346.93,0xff,0xe7,0xff,0x6a,0x87,0x85,ff e7 ff 6a 87 85 00 00
2025-10-25 13:19:39,346.93,0xff,0xe7,0xff,0x6a,0x87,0x85,ff e7 ff 6a 87 85 00 00
2025-10-25 13:19:39,346.93,0xff,0xe7,0xff,0x6a,0x87,0x85,ff e7 ff 6a 87 85 00 00
2025-10-25 13:19:39,346.93,0xff,0xe7,0xff,0x6a,0x87,0x85,ff e7 ff 6a 87 85 00 00
2025-10-25 13:19:40,346.93,0xff,0xe7,0xff,0x6a,0x87,0x85,ff e7 ff 6a 87 85 00 00
2025-10-25 13:19:40,346.93,0xff,0xe7,0xff,0x6a,0x87,0x85,ff e7 ff 6a 87 85 00 00
2025-10-25 13:19:40,346.93,0xff,0xe7,0xff,0x6a,0x87,0x85,ff e7 ff 6a 87 85 00 00
2025-10-25 13:19:40,346.93,0xff,0xe7,0xff,0x6a,0x87,0x85,ff e7 ff 6a 87 85 00 00
2025-10-25 13:19:40,346.93,0xff,0xe7,0xff,0x6a,0x87,0x85,ff e7 ff 6a 87 85 00 00
2025-10-25 13:19:40,346.93,0xff,0xe7,0xff,0x6a,0x87,0x85,ff e7 ff 6a 87 85 00 00
2025-10-25 13:19:40,346.93,0xff,0xe7,0xff,0x6a,0x87,0x85,ff e7 ff 6a 87 85 00 00
2025-10-25 13:19:40,346.93,0xff,0xe7,0xff,0x6a,0x87,0x85,ff e7 ff 6a 87 85 00 00
2025-10-25 13:19:40,346.93,0xff,0xe7,0xff,0x6a,0x87,0x85,ff e7 ff 6a 87 85 00 00
2025-10-25 13:19:40,346.93,0xff,0xe7,0xff,0x6a,0x87,0x85,ff e7 ff 6a 87 85 00 00
2025-10-25 13:19:40,346.93,0xff,0xe7,0xff,0x6a,0x87,0x85,ff e7 ff 6a 87 85 00 00
2025-10-25 13:19:40,346.93,0xff,0xe7,0xff,0x6a,0x87,0x85,ff e7 ff 6a 87 85 00 00
2025-10-25 13:19:40,346.93,0xff,0xe7,0xff,0x6a,0x87,0x85,ff e7 ff 6a 87 85 00 00
2025-10-25 13:19:40,346.93,0xff,0xe7,0xff,0x6a,0x87,0x85,ff e7 ff 6a 87 85 00 00
2025-10-25 13:19:40,346.93,0xff,0xe7,0xff,0x6a,0x87,0x85,ff e7 ff 6a 87 85 00 00
2025-10-25 13:19:40,346.93,0xff,0xe7,0xff,0x6a,0x87,0x85,ff e7 ff 6a 87 85 00 00
2025-10-25 13:19:40,346.93,0xff,0xe7,0xff,0x6a,0x87,0x85,ff e7 ff 6a 87 85 00 00
2025-10-25 13:19:40,346.93,0xff,0xe7,0xff,0x6a,0x87,0x85,ff e7 ff 6a 87 85 00 00
2025-10-25 13:19:40,346.93,0xff,0xe7,0xff,0x6a,0x87,0x85,ff e7 ff 6a 87 85 00 00
2025-10-25 13:19:40,346.93,0xff,0xe7,0xff,0x6a,0x87,0x85,ff e7 ff 6a 87 85 00 00
2025-10-25 13:19:40,346.93,0xff,0xe7,0xff,0x6a,0x87,0x85,ff e7 ff 6a 87 85 00 00
2025-10-25 13:19:40,346.93,0xff,0xe7,0xff,0x6a,0x87,0x85,ff e7 ff 6a 87 85 00 00
2025-10-25 13:19:40,346.93,0xff,0xe7,0xff,0x6a,0x87,0x85,ff e7 ff 6a 87 85 00 00
2025-10-25 13:19:40,346.93,0xff,0xe7,0xff,0x6a,0x87,0x85,ff e7 ff 6a 87 85 00 00
2025-10-25 13:19:40,346.93,0xff,0xe7,0xff,0x6a,0x87,0x85,ff e7 ff 6a 87 85 00 00
2025-10-25 13:19:40,346.93,0xff,0xe7,0xff,0x6a,0x87,0x85,ff e7 ff 6a 87 85 00 00
2025-10-25 13:19:40,346.93,0xff,0xe7,0xff,0x6a,0x87,0x85,ff e7 ff 6a 87 85 00 00
2025-10-25 13:19:40,348.25,0xff,0xe7,0xff,0x6a,0x88,0x09,ff e7 ff 6a 88 09 00 00
2025-10-25 13:19:40,348.25,0xff,0xe7,0xff,0x6a,0x88,0x09,ff e7 ff 6a 88 09 00 00
2025-10-25 13:19:40,348.25,0xff,0xe7,0xff,0x6a,0x88,0x09,ff e7 ff 6a 88 09 00 00
2025-10-25 13:19:40,348.81,0xff,0xe7,0xff,0x6a,0x88,0x41,ff e7 ff 6a 88 41 00 00
2025-10-25 13:19:40,348.81,0xff,0xe7,0xff,0x6a,0x88,0x41,ff e7 ff 6a 88 41 00 00
2025-10-25 13:19:40,348.81,0xff,0xe7,0xff,0x6a,0x88,0x41,ff e7 ff 6a 88 41 00 00
2025-10-25 13:19:40,348.81,0xff,0xe7,0xff,0x6a,0x88,0x41,ff e7 ff 6a 88 41 00 00
2025-10-25 13:19:40,348.81,0xff,0xe7,0xff,0x6a,0x88,0x41,ff e7 ff 6a 88 41 00 00
2025-10-25 13:19:40,348.81,0xff,0xe7,0xff,0x6a,0x88,0x41,ff e7 ff 6a 88 41 00 00
2025-10-25 13:19:40,348.81,0xff,0xe7,0xff,0x6a,0x88,0x41,ff e7 ff 6a 88 41 00 00
2025-10-25 13:19:40,348.81,0xff,0xe7,0xff,0x6a,0x88,0x41,ff e7 ff 6a 88 41 00 00
2025-10-25 13:19:40,349.06,0xff,0xe7,0xff,0x6a,0x88,0x5a,ff e7 ff 6a 88 5a 00 00
2025-10-25 13:19:40,349.06,0xff,0xe7,0xff,0x6a,0x88,0x5a,ff e7 ff 6a 88 5a 00 00
2025-10-25 13:19:40,349.06,0xff,0xe7,0xff,0x6a,0x88,0x5a,ff e7 ff 6a 88 5a 00 00
2025-10-25 13:19:40,349.31,0xff,0xe7,0xff,0x6a,0x88,0x73,ff e7 ff 6a 88 73 00 00
2025-10-25 13:19:40,349.31,0xff,0xe7,0xff,0x6a,0x88,0x73,ff e7 ff 6a 88 73 00 00
2025-10-25 13:19:40,349.31,0xff,0xe7,0xff,0x6a,0x88,0x73,ff e7 ff 6a 88 73 00 00
2025-10-25 13:19:40,349.31,0xff,0xe7,0xff,0x6a,0x88,0x73,ff e7 ff 6a 88 73 00 00
2025-10-25 13:19:40,349.31,0xff,0xe7,0xff,0x6a,0x88,0x73,ff e7 ff 6a 88 73 00 00
2025-10-25 13:19:40,349.31,0xff,0xe7,0xff,0x6a,0x88,0x73,ff e7 ff 6a 88 73 00 00
2025-10-25 13:19:40,349.31,0xff,0xe7,0xff,0x6a,0x88,0x73,ff e7 ff 6a 88 73 00 00
2025-10-25 13:19:40,349.31,0xff,0xe7,0xff,0x6a,0x88,0x73,ff e7 ff 6a 88 73 00 00
2025-10-25 13:19:40,349.31,0xff,0xe7,0xff,0x6a,0x88,0x73,ff e7 ff 6a 88 73 00 00
2025-10-25 13:19:40,349.31,0xff,0xe7,0xff,0x6a,0x88,0x73,ff e7 ff 6a 88 73 00 00
2025-10-25 13:19:40,349.31,0xff,0xe7,0xff,0x6a,0x88,0x73,ff e7 ff 6a 88 73 00 00
2025-10-25 13:19:41,349.31,0xff,0xe7,0xff,0x6a,0x88,0x73,ff e7 ff 6a 88 73 00 00
2025-10-25 13:19:41,349.31,0xff,0xe7,0xff,0x6a,0x88,0x73,ff e7 ff 6a 88 73 00 00
2025-10-25 13:19:41,349.31,0xff,0xe7,0xff,0x6a,0x88,0x73,ff e7 ff 6a 88 73 00 00
2025-10-25 13:19:41,349.31,0xff,0xe7,0xff,0x6a,0x88,0x73,ff e7 ff 6a 88 73 00 00
2025-10-25 13:19:41,349.31,0xff,0xe7,0xff,0x6a,0x88,0x73,ff e7 ff 6a 88 73 00 00
2025-10-25 13:19:41,349.31,0xff,0xe7,0xff,0x6a,0x88,0x73,ff e7 ff 6a 88 73 00 00
2025-10-25 13:19:41,349.31,0xff,0xe7,0xff,0x6a,0x88,0x73,ff e7 ff 6a 88 73 00 00
2025-10-25 13:19:41,349.31,0xff,0xe7,0xff,0x6a,0x88,0x73,ff e7 ff 6a 88 73 00 00
2025-10-25 13:19:41,349.31,0xff,0xe7,0xff,0x6a,0x88,0x73,ff e7 ff 6a 88 73 00 00
2025-10-25 13:19:41,350.37,0xff,0xe7,0xff,0x6a,0x88,0xdd,ff e7 ff 6a 88 dd 00 00
2025-10-25 13:19:41,350.37,0xff,0xe7,0xff,0x6a,0x88,0xdd,ff e7 ff 6a 88 dd 00 00
2025-10-25 13:19:41,350.37,0xff,0xe7,0xff,0x6a,0x88,0xdd,ff e7 ff 6a 88 dd 00 00
2025-10-25 13:19:41,350.93,0xff,0xe7,0xff,0x6a,0x89,0x15,ff e7 ff 6a 89 15 00 00
2025-10-25 13:19:41,350.93,0xff,0xe7,0xff,0x6a,0x89,0x15,ff e7 ff 6a 89 15 00 00
2025-10-25 13:19:41,350.93,0xff,0xe7,0xff,0x6a,0x89,0x15,ff e7 ff 6a 89 15 00 00
2025-10-25 13:19:41,351,0xff,0xe7,0xff,0x6a,0x89,0x1c,ff e7 ff 6a 89 1c 00 00
2025-10-25 13:19:41,351,0xff,0xe7,0xff,0x6a,0x89,0x1c,ff e7 ff 6a 89 1c 00 00
2025-10-25 13:19:41,351.31,0xff,0xe7,0xff,0x6a,0x89,0x3b,ff e7 ff 6a 89 3b 00 00
2025-10-25 13:19:41,351.31,0xff,0xe7,0xff,0x6a,0x89,0x3b,ff e7 ff 6a 89 3b 00 00
2025-10-25 13:19:41,351.31,0xff,0xe7,0xff,0x6a,0x89,0x3b,ff e7 ff 6a 89 3b 00 00
2025-10-25 13:19:41,351.75,0xff,0xe7,0xff,0x6a,0x89,0x67,ff e7 ff 6a 89 67 00 00
2025-10-25 13:19:41,351.75,0xff,0xe7,0xff,0x6a,0x89,0x67,ff e7 ff 6a 89 67 00 00
2025-10-25 13:19:41,352,0xff,0xe7,0xff,0x6a,0x89,0x80,ff e7 ff 6a 89 80 00 00
2025-10-25 13:19:41,352,0xff,0xe7,0xff,0x6a,0x89,0x80,ff e7 ff 6a 89 80 00 00
2025-10-25 13:19:41,352,0xff,0xe7,0xff,0x6a,0x89,0x80,ff e7 ff 6a 89 80 00 00
2025-10-25 13:19:41,352.06,0xff,0xe7,0xff,0x6a,0x89,0x86,ff e7 ff 6a 89 86 00 00
2025-10-25 13:19:41,352.06,0xff,0xe7,0xff,0x6a,0x89,0x86,ff e7 ff 6a 89 86 00 00
2025-10-25 13:19:41,352.06,0xff,0xe7,0xff,0x6a,0x89,0x86,ff e7 ff 6a 89 86 00 00
2025-10-25 13:19:41,352.06,0xff,0xe7,0xff,0x6a,0x89,0x86,ff e7 ff 6a 89 86 00 00
2025-10-25 13:19:41,352.06,0xff,0xe7,0xff,0x6a,0x89,0x86,ff e7 ff 6a 89 86 00 00
2025-10-25 13:19:41,352.06,0xff,0xe7,0xff,0x6a,0x89,0x86,ff e7 ff 6a 89 86 00 00
2025-10-25 13:19:41,352.06,0xff,0xe7,0xff,0x6a,0x89,0x86,ff e7 ff 6a 89 86 00 00
2025-10-25 13:19:41,352.06,0xff,0xe7,0xff,0x6a,0x89,0x86,ff e7 ff 6a 89 86 00 00
2025-10-25 13:19:41,352.06,0xff,0xe7,0xff,0x6a,0x89,0x86,ff e7 ff 6a 89 86 00 00
2025-10-25 13:19:41,352.06,0xff,0xe7,0xff,0x6a,0x89,0x86,ff e7 ff 6a 89 86 00 00
2025-10-25 13:19:41,352.06,0xff,0xe7,0xff,0x6a,0x89,0x86,ff e7 ff 6a 89 86 00 00
2025-10-25 13:19:41,352.06,0xff,0xe7,0xff,0x6a,0x89,0x86,ff e7 ff 6a 89 86 00 00
2025-10-25 13:19:41,352.06,0xff,0xe7,0xff,0x6a,0x89,0x86,ff e7 ff 6a 89 86 00 00
2025-10-25 13:19:41,352.06,0xff,0xe7,0xff,0x6a,0x89,0x86,ff e7 ff 6a 89 86 00 00
2025-10-25 13:19:41,352.06,0xff,0xe7,0xff,0x6a,0x89,0x86,ff e7 ff 6a 89 86 00 00
2025-10-25 13:19:41,352.06,0xff,0xe7,0xff,0x6a,0x89,0x86,ff e7 ff 6a 89 86 00 00
2025-10-25 13:19:41,352.06,0xff,0xe7,0xff,0x6a,0x89,0x86,ff e7 ff 6a 89 86 00 00
2025-10-25 13:19:41,352.06,0xff,0xe7,0xff,0x6a,0x89,0x86,ff e7 ff 6a 89 86 00 00
2025-10-25 13:19:41,352.06,0xff,0xe7,0xff,0x6a,0x89,0x86,ff e7 ff 6a 89 86 00 00
2025-10-25 13:19:41,352.06,0xff,0xe7,0xff,0x6a,0x89,0x86,ff e7 ff 6a 89 86 00 00
2025-10-25 13:19:41,352.06,0xff,0xe7,0xff,0x6a,0x89,0x86,ff e7 ff 6a 89 86 00 00
2025-10-25 13:19:41,352.06,0xff,0xe7,0xff,0x6a,0x89,0x86,ff e7 ff 6a 89 86 00 00
2025-10-25 13:19:41,352.06,0xff,0xe7,0xff,0x6a,0x89,0x86,ff e7 ff 6a 89 86 00 00
2025-10-25 13:19:41,352.06,0xff,0xe7,0xff,0x6a,0x89,0x86,ff e7 ff 6a 89 86 00 00
2025-10-25 13:19:41,352.06,0xff,0xe7,0xff,0x6a,0x89,0x86,ff e7 ff 6a 89 86 00 00
2025-10-25 13:19:41,352.06,0xff,0xe7,0xff,0x6a,0x89,0x86,ff e7 ff 6a 89 86 00 00
2025-10-25 13:19:41,352.06,0xff,0xe7,0xff,0x6a,0x89,0x86,ff e7 ff 6a 89 86 00 00
2025-10-25 13:19:42,352.06,0xff,0xe7,0xff,0x6a,0x89,0x86,ff e7 ff 6a 89 86 00 00
2025-10-25 13:19:42,352.06,0xff,0xe7,0xff,0x6a,0x89,0x86,ff e7 ff 6a 89 86 00 00
2025-10-25 13:19:42,353.12,0xff,0xe7,0xff,0x71,0x89,0xf0,ff e7 ff 71 89 f0 00 00
2025-10-25 13:19:42,353.12,0xff,0xe7,0xff,0x71,0x89,0xf0,ff e7 ff 71 89 f0 00 00
2025-10-25 13:19:42,353.12,0xff,0xe7,0xff,0x71,0x89,0xf0,ff e7 ff 71 89 f0 00 00
2025-10-25 13:19:42,353.56,0xff,0xe7,0xff,0x71,0x8a,0x1c,ff e7 ff 71 8a 1c 00 00
2025-10-25 13:19:42,353.56,0xff,0xe7,0xff,0x71,0x8a,0x1c,ff e7 ff 71 8a 1c 00 00
2025-10-25 13:19:42,353.81,0xff,0xe7,0xff,0x71,0x8a,0x35,ff e7 ff 71 8a 35 00 00
2025-10-25 13:19:42,353.81,0xff,0xe7,0xff,0x71,0x8a,0x35,ff e7 ff 71 8a 35 00 00
2025-10-25 13:19:42,353.81,0xff,0xe7,0xff,0x71,0x8a,0x35,ff e7 ff 71 8a 35 00 00
2025-10-25 13:19:42,354.12,0xff,0xe7,0xff,0x71,0x8a,0x54,ff e7 ff 71 8a 54 00 00
2025-10-25 13:19:42,354.12,0xff,0xe7,0xff,0x71,0x8a,0x54,ff e7 ff 71 8a 54 00 00
2025-10-25 13:19:42,354.37,0xff,0xe7,0xff,0x71,0x8a,0x6d,ff e7 ff 71 8a 6d 00 00
2025-10-25 13:19:42,354.37,0xff,0xe7,0xff,0x71,0x8a,0x6d,ff e7 ff 71 8a 6d 00 00
2025-10-25 13:19:42,354.37,0xff,0xe7,0xff,0x71,0x8a,0x6d,ff e7 ff 71 8a 6d 00 00
2025-10-25 13:19:42,354.68,0xff,0xe7,0xff,0x6a,0x8a,0x8c,ff e7 ff 6a 8a 8c 00 00
2025-10-25 13:19:42,354.68,0xff,0xe7,0xff,0x6a,0x8a,0x8c,ff e7 ff 6a 8a 8c 00 00
2025-10-25 13:19:42,354.68,0xff,0xe7,0xff,0x6a,0x8a,0x8c,ff e7 ff 6a 8a 8c 00 00
2025-10-25 13:19:42,354.68,0xff,0xe7,0xff,0x6a,0x8a,0x8c,ff e7 ff 6a 8a 8c 00 00
2025-10-25 13:19:42,354.68,0xff,0xe7,0xff,0x6a,0x8a,0x8c,ff e7 ff 6a 8a 8c 00 00
2025-10-25 13:19:42,354.68,0xff,0xe7,0xff,0x6a,0x8a,0x8c,ff e7 ff 6a 8a 8c 00 00
2025-10-25 13:19:42,354.68,0xff,0xe7,0xff,0x6a,0x8a,0x8c,ff e7 ff 6a 8a 8c 00 00
2025-10-25 13:19:42,354.68,0xff,0xe7,0xff,0x6a,0x8a,0x8c,ff e7 ff 6a 8a 8c 00 00
2025-10-25 13:19:42,354.68,0xff,0xe7,0xff,0x6a,0x8a,0x8c,ff e7 ff 6a 8a 8c 00 00
2025-10-25 13:19:42,354.68,0xff,0xe7,0xff,0x6a,0x8a,0x8c,ff e7 ff 6a 8a 8c 00 00
2025-10-25 13:19:42,354.68,0xff,0xe7,0xff,0x6a,0x8a,0x8c,ff e7 ff 6a 8a 8c 00 00
2025-10-25 13:19:42,354.68,0xff,0xe7,0xff,0x6a,0x8a,0x8c,ff e7 ff 6a 8a 8c 00 00
2025-10-25 13:19:42,354.68,0xff,0xe7,0xff,0x6a,0x8a,0x8c,ff e7 ff 6a 8a 8c 00 00
2025-10-25 13:19:42,354.68,0xff,0xe7,0xff,0x6a,0x8a,0x8c,ff e7 ff 6a 8a 8c 00 00
2025-10-25 13:19:42,354.68,0xff,0xe7,0xff,0x6a,0x8a,0x8c,ff e7 ff 6a 8a 8c 00 00
2025-10-25 13:19:42,354.68,0xff,0xe7,0xff,0x6a,0x8a,0x8c,ff e7 ff 6a 8a 8c 00 00
2025-10-25 13:19:42,354.68,0xff,0xe7,0xff,0x6a,0x8a,0x8c,ff e7 ff 6a 8a 8c 00 00
2025-10-25 13:19:42,354.68,0xff,0xe7,0xff,0x6a,0x8a,0x8c,ff e7 ff 6a 8a 8c 00 00
2025-10-25 13:19:42,354.68,0xff,0xe7,0xff,0x6a,0x8a,0x8c,ff e7 ff 6a 8a 8c 00 00
2025-10-25 13:19:42,354.68,0xff,0xe7,0xff,0x6a,0x8a,0x8c,ff e7 ff 6a 8a 8c 00 00
2025-10-25 13:19:42,354.68,0xff,0xe7,0xff,0x6a,0x8a,0x8c,ff e7 ff 6a 8a 8c 00 00
2025-10-25 13:19:42,354.68,0xff,0xe7,0xff,0x6a,0x8a,0x8c,ff e7 ff 6a 8a 8c 00 00
2025-10-25 13:19:42,354.68,0xff,0xe7,0xff,0x6a,0x8a,0x8c,ff e7 ff 6a 8a 8c 00 00
2025-10-25 13:19:42,354.68,0xff,0xe7,0xff,0x6a,0x8a,0x8c,ff e7 ff 6a 8a 8c 00 00
2025-10-25 13:19:42,354.68,0xff,0xe7,0xff,0x6a,0x8a,0x8c,ff e7 ff 6a 8a 8c 00 00
2025-10-25 13:19:42,354.68,0xff,0xe7,0xff,0x6a,0x8a,0x8c,ff e7 ff 6a 8a 8c 00 00
2025-10-25 13:19:42,354.68,0xff,0xe7,0xff,0x6a,0x8a,0x8c,ff e7 ff 6a 8a 8c 00 00
2025-10-25 13:19:42,354.68,0xff,0xe7,0xff,0x6a,0x8a,0x8c,ff e7 ff 6a 8a 8c 00 00
2025-10-25 13:19:42,354.68,0xff,0xe7,0xff,0x6a,0x8a,0x8c,ff e7 ff 6a 8a 8c 00 00
2025-10-25 13:19:42,355.68,0xff,0xe7,0xff,0x6a,0x8a,0xf0,ff e7 ff 6a 8a f0 00 00
2025-10-25 13:19:42,355.68,0xff,0xe7,0xff,0x6a,0x8a,0xf0,ff e7 ff 6a 8a f0 00 00
2025-10-25 13:19:42,356,0xff,0xe7,0xff,0x6a,0x8b,0x10,ff e7 ff 6a 8b 10 00 00
2025-10-25 13:19:42,356,0xff,0xe7,0xff,0x6a,0x8b,0x10,ff e7 ff 6a 8b 10 00 00
2025-10-25 13:19:42,356,0xff,0xe7,0xff,0x6a,0x8b,0x10,ff e7 ff 6a 8b 10 00 00
2025-10-25 13:19:42,356.5,0xff,0xe7,0xff,0x6a,0x8b,0x42,ff e7 ff 6a 8b 42 00 00
2025-10-25 13:19:42,356.5,0xff,0xe7,0xff,0x6a,0x8b,0x42,ff e7 ff 6a 8b 42 00 00
2025-10-25 13:19:42,356.5,0xff,0xe7,0xff,0x6a,0x8b,0x42,ff e7 ff 6a 8b 42 00 00
2025-10-25 13:19:43,356.5,0xff,0xe7,0xff,0x6a,0x8b,0x42,ff e7 ff 6a 8b 42 00 00
2025-10-25 13:19:43,356.5,0xff,0xe7,0xff,0x6a,0x8b,0x42,ff e7 ff 6a 8b 42 00 00
2025-10-25 13:19:43,356.5,0xff,0xe7,0xff,0x6a,0x8b,0x42,ff e7 ff 6a 8b 42 00 00
2025-10-25 13:19:43,356.5,0xff,0xe7,0xff,0x6a,0x8b,0x42,ff e7 ff 6a 8b 42 00 00
2025-10-25 13:19:43,356.5,0xff,0xe7,0xff,0x6a,0x8b,0x42,ff e7 ff 6a 8b 42 00 00
2025-10-25 13:19:43,356.75,0xff,0xe7,0xff,0x6a,0x8b,0x5b,ff e7 ff 6a 8b 5b 00 00
2025-10-25 13:19:43,356.75,0xff,0xe7,0xff,0x6a,0x8b,0x5b,ff e7 ff 6a 8b 5b 00 00
2025-10-25 13:19:43,357.31,0xff,0xe7,0xff,0x6a,0x8b,0x93,ff e7 ff 6a 8b 93 00 00
2025-10-25 13:19:43,357.31,0xff,0xe7,0xff,0x6a,0x8b,0x93,ff e7 ff 6a 8b 93 00 00
2025-10-25 13:19:43,357.31,0xff,0xe7,0xff,0x6a,0x8b,0x93,ff e7 ff 6a 8b 93 00 00
2025-10-25 13:19:43,357.31,0xff,0xe7,0xff,0x6a,0x8b,0x93,ff e7 ff 6a 8b 93 00 00
2025-10-25 13:19:43,357.31,0xff,0xe7,0xff,0x6a,0x8b,0x93,ff e7 ff 6a 8b 93 00 00
2025-10-25 13:19:43,357.31,0xff,0xe7,0xff,0x6a,0x8b,0x93,ff e7 ff 6a 8b 93 00 00
2025-10-25 13:19:43,357.31,0xff,0xe7,0xff,0x6a,0x8b,0x93,ff e7 ff 6a 8b 93 00 00
2025-10-25 13:19:43,357.31,0xff,0xe7,0xff,0x6a,0x8b,0x93,ff e7 ff 6a 8b 93 00 00
2025-10-25 13:19:43,357.31,0xff,0xe7,0xff,0x6a,0x8b,0x93,ff e7 ff 6a 8b 93 00 00
2025-10-25 13:19:43,357.31,0xff,0xe7,0xff,0x6a,0x8b,0x93,ff e7 ff 6a 8b 93 00 00
2025-10-25 13:19:43,357.31,0xff,0xe7,0xff,0x6a,0x8b,0x93,ff e7 ff 6a 8b 93 00 00
2025-10-25 13:19:43,357.31,0xff,0xe7,0xff,0x6a,0x8b,0x93,ff e7 ff 6a 8b 93 00 00
2025-10-25 13:19:43,357.31,0xff,0xe7,0xff,0x6a,0x8b,0x93,ff e7 ff 6a 8b 93 00 00
2025-10-25 13:19:43,357.31,0xff,0xe7,0xff,0x6a,0x8b,0x93,ff e7 ff 6a 8b 93 00 00
2025-10-25 13:19:43,357.31,0xff,0xe7,0xff,0x6a,0x8b,0x93,ff e7 ff 6a 8b 93 00 00
2025-10-25 13:19:43,357.31,0xff,0xe7,0xff,0x6a,0x8b,0x93,ff e7 ff 6a 8b 93 00 00
2025-10-25 13:19:43,357.31,0xff,0xe7,0xff,0x6a,0x8b,0x93,ff e7 ff 6a 8b 93 00 00
2025-10-25 13:19:43,357.31,0xff,0xe7,0xff,0x6a,0x8b,0x93,ff e7 ff 6a 8b 93 00 00
2025-10-25 13:19:43,357.31,0xff,0xe7,0xff,0x6a,0x8b,0x93,ff e7 ff 6a 8b 93 00 00
2025-10-25 13:19:43,357.31,0xff,0xe7,0xff,0x6a,0x8b,0x93,ff e7 ff 6a 8b 93 00 00
2025-10-25 13:19:43,357.31,0xff,0xe7,0xff,0x6a,0x8b,0x93,ff e7 ff 6a 8b 93 00 00
2025-10-25 13:19:43,357.31,0xff,0xe7,0xff,0x6a,0x8b,0x93,ff e7 ff 6a 8b 93 00 00
2025-10-25 13:19:43,357.31,0xff,0xe7,0xff,0x6a,0x8b,0x93,ff e7 ff 6a 8b 93 00 00
2025-10-25 13:19:43,357.31,0xff,0xe7,0xff,0x6a,0x8b,0x93,ff e7 ff 6a 8b 93 00 00
2025-10-25 13:19:43,357.31,0xff,0xe7,0xff,0x6a,0x8b,0x93,ff e7 ff 6a 8b 93 00 00
2025-10-25 13:19:43,357.31,0xff,0xe7,0xff,0x6a,0x8b,0x93,ff e7 ff 6a 8b 93 00 00
2025-10-25 13:19:43,357.31,0xff,0xe7,0xff,0x6a,0x8b,0x93,ff e7 ff 6a 8b 93 00 00
2025-10-25 13:19:43,357.31,0xff,0xe7,0xff,0x6a,0x8b,0x93,ff e7 ff 6a 8b 93 00 00
2025-10-25 13:19:43,357.31,0xff,0xe7,0xff,0x6a,0x8b,0x93,ff e7 ff 6a 8b 93 00 00
2025-10-25 13:19:43,357.31,0xff,0xe7,0xff,0x6a,0x8b,0x93,ff e7 ff 6a 8b 93 00 00
2025-10-25 13:19:43,357.31,0xff,0xe7,0xff,0x6a,0x8b,0x93,ff e7 ff 6a 8b 93 00 00
2025-10-25 13:19:43,357.31,0xff,0xe7,0xff,0x6a,0x8b,0x93,ff e7 ff 6a 8b 93 00 00
2025-10-25 13:19:43,357.31,0xff,0xe7,0xff,0x6a,0x8b,0x93,ff e7 ff 6a 8b 93 00 00
2025-10-25 13:19:43,357.31,0xff,0xe7,0xff,0x6a,0x8b,0x93,ff e7 ff 6a 8b 93 00 00
2025-10-25 13:19:43,357.31,0xff,0xe7,0xff,0x6a,0x8b,0x93,ff e7 ff 6a 8b 93 00 00
2025-10-25 13:19:43,357.31,0xff,0xe7,0xff,0x6a,0x8b,0x93,ff e7 ff 6a 8b 93 00 00
2025-10-25 13:19:43,357.31,0xff,0xe7,0xff,0x6a,0x8b,0x93,ff e7 ff 6a 8b 93 00 00
2025-10-25 13:19:43,357.31,0xff,0xe7,0xff,0x6a,0x8b,0x93,ff e7 ff 6a 8b 93 00 00
2025-10-25 13:19:43,357.31,0xff,0xe7,0xff,0x6a,0x8b,0x93,ff e7 ff 6a 8b 93 00 00
2025-10-25 13:19:43,358.18,0xff,0xe7,0xff,0x6a,0x8b,0xea,ff e7 ff 6a 8b ea 00 00
2025-10-25 13:19:43,358.18,0xff,0xe7,0xff,0x6a,0x8b,0xea,ff e7 ff 6a 8b ea 00 00
2025-10-25 13:19:43,358.18,0xff,0xe7,0xff,0x6a,0x8b,0xea,ff e7 ff 6a 8b ea 00 00
2025-10-25 13:19:43,358.68,0xff,0xe7,0xff,0x6a,0x8c,0x1c,ff e7 ff 6a 8c 1c 00 00
2025-10-25 13:19:43,358.68,0xff,0xe7,0xff,0x6a,0x8c,0x1c,ff e7 ff 6a 8c 1c 00 00
2025-10-25 13:19:43,358.68,0xff,0xe7,0xff,0x6a,0x8c,0x1c,ff e7 ff 6a 8c 1c 00 00
2025-10-25 13:19:43,359.06,0xff,0xe7,0xff,0x6a,0x8c,0x42,ff e7 ff 6a 8c 42 00 00
2025-10-25 13:19:44,359.06,0xff,0xe7,0xff,0x6a,0x8c,0x42,ff e7 ff 6a 8c 42 00 00
2025-10-25 13:19:44,359.06,0xff,0xe7,0xff,0x6a,0x8c,0x42,ff e7 ff 6a 8c 42 00 00
2025-10-25 13:19:44,359.06,0xff,0xe7,0xff,0x6a,0x8c,0x42,ff e7 ff 6a 8c 42 00 00
2025-10-25 13:19:44,359.06,0xff,0xe7,0xff,0x6a,0x8c,0x42,ff e7 ff 6a 8c 42 00 00
2025-10-25 13:19:44,359.06,0xff,0xe7,0xff,0x6a,0x8c,0x42,ff e7 ff 6a 8c 42 00 00
2025-10-25 13:19:44,359.06,0xff,0xe7,0xff,0x6a,0x8c,0x42,ff e7 ff 6a 8c 42 00 00
2025-10-25 13:19:44,359.06,0xff,0xe7,0xff,0x6a,0x8c,0x42,ff e7 ff 6a 8c 42 00 00
2025-10-25 13:19:44,359.06,0xff,0xe7,0xff,0x6a,0x8c,0x42,ff e7 ff 6a 8c 42 00 00
2025-10-25 13:19:44,359.06,0xff,0xe7,0xff,0x6a,0x8c,0x42,ff e7 ff 6a 8c 42 00 00
2025-10-25 13:19:44,359.06,0xff,0xe7,0xff,0x6a,0x8c,0x42,ff e7 ff 6a 8c 42 00 00
2025-10-25 13:19:44,359.06,0xff,0xe7,0xff,0x6a,0x8c,0x42,ff e7 ff 6a 8c 42 00 00
2025-10-25 13:19:44,359.06,0xff,0xe7,0xff,0x6a,0x8c,0x42,ff e7 ff 6a 8c 42 00 00
2025-10-25 13:19:44,359.06,0xff,0xe7,0xff,0x6a,0x8c,0x42,ff e7 ff 6a 8c 42 00 00
2025-10-25 13:19:44,359.06,0xff,0xe7,0xff,0x6a,0x8c,0x42,ff e7 ff 6a 8c 42 00 00
2025-10-25 13:19:44,359.06,0xff,0xe7,0xff,0x6a,0x8c,0x42,ff e7 ff 6a 8c 42 00 00
2025-10-25 13:19:44,359.06,0xff,0xe7,0xff,0x6a,0x8c,0x42,ff e7 ff 6a 8c 42 00 00
2025-10-25 13:19:44,359.06,0xff,0xe7,0xff,0x6a,0x8c,0x42,ff e7 ff 6a 8c 42 00 00
2025-10-25 13:19:44,359.06,0xff,0xe7,0xff,0x6a,0x8c,0x42,ff e7 ff 6a 8c 42 00 00
2025-10-25 13:19:44,359.06,0xff,0xe7,0xff,0x6a,0x8c,0x42,ff e7 ff 6a 8c 42 00 00
2025-10-25 13:19:44,359.06,0xff,0xe7,0xff,0x6a,0x8c,0x42,ff e7 ff 6a 8c 42 00 00
2025-10-25 13:19:44,359.06,0xff,0xe7,0xff,0x6a,0x8c,0x42,ff e7 ff 6a 8c 42 00 00
2025-10-25 13:19:44,359.06,0xff,0xe7,0xff,0x6a,0x8c,0x42,ff e7 ff 6a 8c 42 00 00
2025-10-25 13:19:44,359.06,0xff,0xe7,0xff,0x6a,0x8c,0x42,ff e7 ff 6a 8c 42 00 00
2025-10-25 13:19:44,359.06,0xff,0xe7,0xff,0x6a,0x8c,0x42,ff e7 ff 6a 8c 42 00 00
2025-10-25 13:19:44,359.06,0xff,0xe7,0xff,0x6a,0x8c,0x42,ff e7 ff 6a 8c 42 00 00
2025-10-25 13:19:44,359.06,0xff,0xe7,0xff,0x6a,0x8c,0x42,ff e7 ff 6a 8c 42 00 00
2025-10-25 13:19:44,359.06,0xff,0xe7,0xff,0x6a,0x8c,0x42,ff e7 ff 6a 8c 42 00 00
2025-10-25 13:19:44,359.06,0xff,0xe7,0xff,0x6a,0x8c,0x42,ff e7 ff 6a 8c 42 00 00
2025-10-25 13:19:44,359.06,0xff,0xe7,0xff,0x6a,0x8c,0x42,ff e7 ff 6a 8c 42 00 00
2025-10-25 13:19:44,359.06,0xff,0xe7,0xff,0x6a,0x8c,0x42,ff e7 ff 6a 8c 42 00 00
2025-10-25 13:19:44,359.06,0xff,0xe7,0xff,0x6a,0x8c,0x42,ff e7 ff 6a 8c 42 00 00
2025-10-25 13:19:44,359.06,0xff,0xe7,0xff,0x6a,0x8c,0x42,ff e7 ff 6a 8c 42 00 00
2025-10-25 13:19:44,359.06,0xff,0xe7,0xff,0x6a,0x8c,0x42,ff e7 ff 6a 8c 42 00 00
2025-10-25 13:19:44,359.06,0xff,0xe7,0xff,0x6a,0x8c,0x42,ff e7 ff 6a 8c 42 00 00
2025-10-25 13:19:44,359.06,0xff,0xe7,0xff,0x6a,0x8c,0x42,ff e7 ff 6a 8c 42 00 00
2025-10-25 13:19:44,359.06,0xff,0xe7,0xff,0x6a,0x8c,0x42,ff e7 ff 6a 8c 42 00 00
2025-10-25 13:19:44,359.06,0xff,0xe7,0xff,0x6a,0x8c,0x42,ff e7 ff 6a 8c 42 00 00
2025-10-25 13:19:44,359.06,0xff,0xe7,0xff,0x6a,0x8c,0x42,ff e7 ff 6a 8c 42 00 00
2025-10-25 13:19:44,359.06,0xff,0xe7,0xff,0x6a,0x8c,0x42,ff e7 ff 6a 8c 42 00 00
2025-10-25 13:19:44,359.06,0xff,0xe7,0xff,0x6a,0x8c,0x42,ff e7 ff 6a 8c 42 00 00
2025-10-25 13:19:44,359.06,0xff,0xe7,0xff,0x6a,0x8c,0x42,ff e7 ff 6a 8c 42 00 00
2025-10-25 13:19:44,359.06,0xff,0xe7,0xff,0x6a,0x8c,0x42,ff e7 ff 6a 8c 42 00 00
2025-10-25 13:19:44,359.06,0xff,0xe7,0xff,0x6a,0x8c,0x42,ff e7 ff 6a 8c 42 00 00
2025-10-25 13:19:44,359.06,0xff,0xe7,0xff,0x6a,0x8c,0x42,ff e7 ff 6a 8c 42 00 00
2025-10-25 13:19:44,359.06,0xff,0xe7,0xff,0x6a,0x8c,0x42,ff e7 ff 6a 8c 42 00 00
2025-10-25 13:19:44,359.06,0xff,0xe7,0xff,0x6a,0x8c,0x42,ff e7 ff 6a 8c 42 00 00
2025-10-25 13:19:44,359.06,0xff,0xe7,0xff,0x6a,0x8c,0x42,ff e7 ff 6a 8c 42 00 00
2025-10-25 13:19:44,359.06,0xff,0xe7,0xff,0x6a,0x8c,0x42,ff e7 ff 6a 8c 42 00 00
2025-10-25 13:19:44,359.06,0xff,0xe7,0xff,0x6a,0x8c,0x42,ff e7 ff 6a 8c 42 00 00
2025-10-25 13:19:44,359.06,0xff,0xe7,0xff,0x6a,0x8c,0x42,ff e7 ff 6a 8c 42 00 00
2025-10-25 13:19:44,359.06,0xff,0xe7,0xff,0x6a,0x8c,0x42,ff e7 ff 6a 8c 42 00 00
2025-10-25 13:19:44,359.06,0xff,0xe7,0xff,0x6a,0x8c,0x42,ff e7 ff 6a 8c 42 00 00
2025-10-25 13:19:45,359.06,0xff,0xe7,0xff,0x6a,0x8c,0x42,ff e7 ff 6a 8c 42 00 00
2025-10-25 13:19:45,359.06,0xff,0xe7,0xff,0x6a,0x8c,0x42,ff e7 ff 6a 8c 42 00 00
2025-10-25 13:19:45,359.06,0xff,0xe7,0xff,0x6a,0x8c,0x42,ff e7 ff 6a 8c 42 00 00
2025-10-25 13:19:45,359.06,0xff,0xe7,0xff,0x6a,0x8c,0x42,ff e7 ff 6a 8c 42 00 00
2025-10-25 13:19:45,359.06,0xff,0xe7,0xff,0x6a,0x8c,0x42,ff e7 ff 6a 8c 42 00 00
2025-10-25 13:19:45,359.06,0xff,0xe7,0xff,0x6a,0x8c,0x42,ff e7 ff 6a 8c 42 00 00
2025-10-25 13:19:45,359.06,0xff,0xe7,0xff,0x6a,0x8c,0x42,ff e7 ff 6a 8c 42 00 00
2025-10-25 13:19:45,359.06,0xff,0xe7,0xff,0x6a,0x8c,0x42,ff e7 ff 6a 8c 42 00 00
2025-10-25 13:19:45,359.06,0xff,0xe7,0xff,0x6a,0x8c,0x42,ff e7 ff 6a 8c 42 00 00
2025-10-25 13:19:45,359.06,0xff,0xe7,0xff,0x6a,0x8c,0x42,ff e7 ff 6a 8c 42 00 00
2025-10-25 13:19:45,359.06,0xff,0xe7,0xff,0x6a,0x8c,0x42,ff e7 ff 6a 8c 42 00 00
2025-10-25 13:19:45,359.06,0xff,0xe7,0xff,0x6a,0x8c,0x42,ff e7 ff 6a 8c 42 00 00
2025-10-25 13:19:45,359.06,0xff,0xe7,0xff,0x6a,0x8c,0x42,ff e7 ff 6a 8c 42 00 00
2025-10-25 13:19:45,359.06,0xff,0xe7,0xff,0x6a,0x8c,0x42,ff e7 ff 6a 8c 42 00 00
2025-10-25 13:19:45,359.06,0xff,0xe7,0xff,0x6a,0x8c,0x42,ff e7 ff 6a 8c 42 00 00
2025-10-25 13:19:45,359.06,0xff,0xe7,0xff,0x6a,0x8c,0x42,ff e7 ff 6a 8c 42 00 00
2025-10-25 13:19:45,359.06,0xff,0xe7,0xff,0x6a,0x8c,0x42,ff e7 ff 6a 8c 42 00 00
2025-10-25 13:19:45,1.18,0xff,0xe7,0xff,0x6a,0x00,0x76,ff e7 ff 6a 00 76 00 00
2025-10-25 13:19:45,1.18,0xff,0xe7,0xff,0x6a,0x00,0x76,ff e7 ff 6a 00 76 00 00
2025-10-25 13:19:45,1.18,0xff,0xe7,0xff,0x6a,0x00,0x76,ff e7 ff 6a 00 76 00 00
2025-10-25 13:19:45,1.93,0xff,0xe7,0xff,0x6a,0x00,0xc1,ff e7 ff 6a 00 c1 00 00
2025-10-25 13:19:45,1.93,0xff,0xe7,0xff,0x6a,0x00,0xc1,ff e7 ff 6a 00 c1 00 00
2025-10-25 13:19:45,2.62,0xff,0xe7,0xff,0x6a,0x01,0x06,ff e7 ff 6a 01 06 00 00
2025-10-25 13:19:45,2.62,0xff,0xe7,0xff,0x6a,0x01,0x06,ff e7 ff 6a 01 06 00 00
2025-10-25 13:19:45,2.93,0xff,0xe7,0xff,0x6a,0x01,0x25,ff e7 ff 6a 01 25 00 00
2025-10-25 13:19:45,2.93,0xff,0xe7,0xff,0x6a,0x01,0x25,ff e7 ff 6a 01 25 00 00
2025-10-25 13:19:45,2.93,0xff,0xe7,0xff,0x6a,0x01,0x25,ff e7 ff 6a 01 25 00 00
2025-10-25 13:19:45,2.93,0xff,0xe7,0xff,0x6a,0x01,0x25,ff e7 ff 6a 01 25 00 00
2025-10-25 13:19:45,2.93,0xff,0xe7,0xff,0x6a,0x01,0x25,ff e7 ff 6a 01 25 00 00
2025-10-25 13:19:45,2.93,0xff,0xe7,0xff,0x6a,0x01,0x25,ff e7 ff 6a 01 25 00 00
2025-10-25 13:19:45,2.93,0xff,0xe7,0xff,0x6a,0x01,0x25,ff e7 ff 6a 01 25 00 00
2025-10-25 13:19:45,2.93,0xff,0xe7,0xff,0x6a,0x01,0x25,ff e7 ff 6a 01 25 00 00
2025-10-25 13:19:45,2.93,0xff,0xe7,0xff,0x6a,0x01,0x25,ff e7 ff 6a 01 25 00 00
2025-10-25 13:19:45,2.93,0xff,0xe7,0xff,0x6a,0x01,0x25,ff e7 ff 6a 01 25 00 00
2025-10-25 13:19:45,2.93,0xff,0xe7,0xff,0x6a,0x01,0x25,ff e7 ff 6a 01 25 00 00
2025-10-25 13:19:45,2.93,0xff,0xe7,0xff,0x6a,0x01,0x25,ff e7 ff 6a 01 25 00 00
2025-10-25 13:19:45,2.93,0xff,0xe7,0xff,0x6a,0x01,0x25,ff e7 ff 6a 01 25 00 00
2025-10-25 13:19:45,2.93,0xff,0xe7,0xff,0x6a,0x01,0x25,ff e7 ff 6a 01 25 00 00
2025-10-25 13:19:45,2.93,0xff,0xe7,0xff,0x6a,0x01,0x25,ff e7 ff 6a 01 25 00 00
2025-10-25 13:19:45,2.93,0xff,0xe7,0xff,0x6a,0x01,0x25,ff e7 ff 6a 01 25 00 00
2025-10-25 13:19:45,2.93,0xff,0xe7,0xff,0x6a,0x01,0x25,ff e7 ff 6a 01 25 00 00
2025-10-25 13:19:45,2.93,0xff,0xe7,0xff,0x6a,0x01,0x25,ff e7 ff 6a 01 25 00 00
2025-10-25 13:19:45,2.93,0xff,0xe7,0xff,0x6a,0x01,0x25,ff e7 ff 6a 01 25 00 00
2025-10-25 13:19:45,2.93,0xff,0xe7,0xff,0x6a,0x01,0x25,ff e7 ff 6a 01 25 00 00
2025-10-25 13:19:45,2.93,0xff,0xe7,0xff,0x6a,0x01,0x25,ff e7 ff 6a 01 25 00 00
2025-10-25 13:19:45,2.93,0xff,0xe7,0xff,0x6a,0x01,0x25,ff e7 ff 6a 01 25 00 00
2025-10-25 13:19:45,2.93,0xff,0xe7,0xff,0x6a,0x01,0x25,ff e7 ff 6a 01 25 00 00
2025-10-25 13:19:45,2.93,0xff,0xe7,0xff,0x6a,0x01,0x25,ff e7 ff 6a 01 25 00 00
2025-10-25 13:19:45,2.93,0xff,0xe7,0xff,0x6a,0x01,0x25,ff e7 ff 6a 01 25 00 00
2025-10-25 13:19:45,2.93,0xff,0xe7,0xff,0x6a,0x01,0x25,ff e7 ff 6a 01 25 00 00
2025-10-25 13:19:45,2.93,0xff,0xe7,0xff,0x6a,0x01,0x25,ff e7 ff 6a 01 25 00 00
2025-10-25 13:19:45,2.93,0xff,0xe7,0xff,0x6a,0x01,0x25,ff e7 ff 6a 01 25 00 00
2025-10-25 13:19:46,2.93,0xff,0xe7,0xff,0x6a,0x01,0x25,ff e7 ff 6a 01 25 00 00
2025-10-25 13:19:46,2.93,0xff,0xe7,0xff,0x6a,0x01,0x25,ff e7 ff 6a 01 25 00 00
2025-10-25 13:19:46,2.93,0xff,0xe7,0xff,0x6a,0x01,0x25,ff e7 ff 6a 01 25 00 00
2025-10-25 13:19:46,2.93,0xff,0xe7,0xff,0x6a,0x01,0x25,ff e7 ff 6a 01 25 00 00
2025-10-25 13:19:46,2.93,0xff,0xe7,0xff,0x6a,0x01,0x25,ff e7 ff 6a 01 25 00 00
2025-10-25 13:19:46,2.93,0xff,0xe7,0xff,0x6a,0x01,0x25,ff e7 ff 6a 01 25 00 00
2025-10-25 13:19:46,2.93,0xff,0xe7,0xff,0x6a,0x01,0x25,ff e7 ff 6a 01 25 00 00
2025-10-25 13:19:46,2.93,0xff,0xe7,0xff,0x6a,0x01,0x25,ff e7 ff 6a 01 25 00 00
2025-10-25 13:19:46,2.93,0xff,0xe7,0xff,0x6a,0x01,0x25,ff e7 ff 6a 01 25 00 00
2025-10-25 13:19:46,2.93,0xff,0xe7,0xff,0x6a,0x01,0x25,ff e7 ff 6a 01 25 00 00
2025-10-25 13:19:46,2.93,0xff,0xe7,0xff,0x6a,0x01,0x25,ff e7 ff 6a 01 25 00 00
2025-10-25 13:19:46,2.93,0xff,0xe7,0xff,0x6a,0x01,0x25,ff e7 ff 6a 01 25 00 00
2025-10-25 13:19:46,2.93,0xff,0xe7,0xff,0x6a,0x01,0x25,ff e7 ff 6a 01 25 00 00
2025-10-25 13:19:46,2.93,0xff,0xe7,0xff,0x6a,0x01,0x25,ff e7 ff 6a 01 25 00 00
2025-10-25 13:19:46,2.93,0xff,0xe7,0xff,0x6a,0x01,0x25,ff e7 ff 6a 01 25 00 00
2025-10-25 13:19:46,2.93,0xff,0xe7,0xff,0x6a,0x01,0x25,ff e7 ff 6a 01 25 00 00
2025-10-25 13:19:46,2.93,0xff,0xe7,0xff,0x6a,0x01,0x25,ff e7 ff 6a 01 25 00 00
2025-10-25 13:19:46,2.93,0xff,0xe7,0xff,0x6a,0x01,0x25,ff e7 ff 6a 01 25 00 00
2025-10-25 13:19:46,2.93,0xff,0xe7,0xff,0x6a,0x01,0x25,ff e7 ff 6a 01 25 00 00
2025-10-25 13:19:46,2.93,0xff,0xe7,0xff,0x6a,0x01,0x25,ff e7 ff 6a 01 25 00 00
2025-10-25 13:19:46,2.93,0xff,0xe7,0xff,0x6a,0x01,0x25,ff e7 ff 6a 01 25 00 00
2025-10-25 13:19:46,2.93,0xff,0xe7,0xff,0x6a,0x01,0x25,ff e7 ff 6a 01 25 00 00
2025-10-25 13:19:46,2.93,0xff,0xe7,0xff,0x6a,0x01,0x25,ff e7 ff 6a 01 25 00 00
2025-10-25 13:19:46,2.93,0xff,0xe7,0xff,0x6a,0x01,0x25,ff e7 ff 6a 01 25 00 00
2025-10-25 13:19:46,2.93,0xff,0xe7,0xff,0x6a,0x01,0x25,ff e7 ff 6a 01 25 00 00
2025-10-25 13:19:46,3.93,0xff,0xe7,0xff,0x6a,0x01,0x89,ff e7 ff 6a 01 89 00 00
2025-10-25 13:19:46,3.93,0xff,0xe7,0xff,0x6a,0x01,0x89,ff e7 ff 6a 01 89 00 00
2025-10-25 13:19:46,3.93,0xff,0xe7,0xff,0x6a,0x01,0x89,ff e7 ff 6a 01 89 00 00
2025-10-25 13:19:46,4.25,0xff,0xe7,0xff,0x6a,0x01,0xa9,ff e7 ff 6a 01 a9 00 00
2025-10-25 13:19:46,4.25,0xff,0xe7,0xff,0x6a,0x01,0xa9,ff e7 ff 6a 01 a9 00 00
2025-10-25 13:19:46,4.25,0xff,0xe7,0xff,0x6a,0x01,0xa9,ff e7 ff 6a 01 a9 00 00
2025-10-25 13:19:46,4.25,0xff,0xe7,0xff,0x6a,0x01,0xa9,ff e7 ff 6a 01 a9 00 00
2025-10-25 13:19:46,4.25,0xff,0xe7,0xff,0x6a,0x01,0xa9,ff e7 ff 6a 01 a9 00 00
2025-10-25 13:19:46,4.5,0xff,0xe7,0xff,0x6a,0x01,0xc2,ff e7 ff 6a 01 c2 00 00
2025-10-25 13:19:46,4.5,0xff,0xe7,0xff,0x6a,0x01,0xc2,ff e7 ff 6a 01 c2 00 00
2025-10-25 13:19:46,4.5,0xff,0xe7,0xff,0x6a,0x01,0xc2,ff e7 ff 6a 01 c2 00 00
2025-10-25 13:19:46,4.75,0xff,0xe7,0xff,0x6a,0x01,0xdb,ff e7 ff 6a 01 db 00 00
2025-10-25 13:19:46,4.75,0xff,0xe7,0xff,0x6a,0x01,0xdb,ff e7 ff 6a 01 db 00 00
2025-10-25 13:19:46,5.06,0xff,0xe7,0xff,0x6a,0x01,0xfa,ff e7 ff 6a 01 fa 00 00
2025-10-25 13:19:46,5.06,0xff,0xe7,0xff,0x6a,0x01,0xfa,ff e7 ff 6a 01 fa 00 00
2025-10-25 13:19:46,5,0xff,0xe7,0xff,0x6a,0x01,0xf4,ff e7 ff 6a 01 f4 00 00
2025-10-25 13:19:46,5,0xff,0xe7,0xff,0x6a,0x01,0xf4,ff e7 ff 6a 01 f4 00 00
2025-10-25 13:19:46,5,0xff,0xe7,0xff,0x6a,0x01,0xf4,ff e7 ff 6a 01 f4 00 00
2025-10-25 13:19:46,5,0xff,0xe7,0xff,0x6a,0x01,0xf4,ff e7 ff 6a 01 f4 00 00
2025-10-25 13:19:46,5,0xff,0xe7,0xff,0x6a,0x01,0xf4,ff e7 ff 6a 01 f4 00 00
2025-10-25 13:19:46,5,0xff,0xe7,0xff,0x6a,0x01,0xf4,ff e7 ff 6a 01 f4 00 00
2025-10-25 13:19:46,5,0xff,0xe7,0xff,0x6a,0x01,0xf4,ff e7 ff 6a 01 f4 00 00
2025-10-25 13:19:46,5,0xff,0xe7,0xff,0x6a,0x01,0xf4,ff e7 ff 6a 01 f4 00 00
2025-10-25 13:19:46,5,0xff,0xe7,0xff,0x6a,0x01,0xf4,ff e7 ff 6a 01 f4 00 00
2025-10-25 13:19:46,5,0xff,0xe7,0xff,0x6a,0x01,0xf4,ff e7 ff 6a 01 f4 00 00
2025-10-25 13:19:46,5,0xff,0xe7,0xff,0x6a,0x01,0xf4,ff e7 ff 6a 01 f4 00 00
2025-10-25 13:19:46,5,0xff,0xe7,0xff,0x6a,0x01,0xf4,ff e7 ff 6a 01 f4 00 00
2025-10-25 13:19:47,5,0xff,0xe7,0xff,0x6a,0x01,0xf4,ff e7 ff 6a 01 f4 00 00
2025-10-25 13:19:47,5,0xff,0xe7,0xff,0x6a,0x01,0xf4,ff e7 ff 6a 01 f4 00 00
2025-10-25 13:19:47,5,0xff,0xe7,0xff,0x6a,0x01,0xf4,ff e7 ff 6a 01 f4 00 00
2025-10-25 13:19:47,5,0xff,0xe7,0xff,0x6a,0x01,0xf4,ff e7 ff 6a 01 f4 00 00
2025-10-25 13:19:47,5,0xff,0xe7,0xff,0x6a,0x01,0xf4,ff e7 ff 6a 01 f4 00 00
2025-10-25 13:19:47,5,0xff,0xe7,0xff,0x6a,0x01,0xf4,ff e7 ff 6a 01 f4 00 00
2025-10-25 13:19:47,5,0xff,0xe7,0xff,0x6a,0x01,0xf4,ff e7 ff 6a 01 f4 00 00
2025-10-25 13:19:47,5,0xff,0xe7,0xff,0x6a,0x01,0xf4,ff e7 ff 6a 01 f4 00 00
2025-10-25 13:19:47,5,0xff,0xe7,0xff,0x6a,0x01,0xf4,ff e7 ff 6a 01 f4 00 00
2025-10-25 13:19:47,5,0xff,0xe7,0xff,0x6a,0x01,0xf4,ff e7 ff 6a 01 f4 00 00
2025-10-25 13:19:47,5,0xff,0xe7,0xff,0x6a,0x01,0xf4,ff e7 ff 6a 01 f4 00 00
2025-10-25 13:19:47,5,0xff,0xe7,0xff,0x6a,0x01,0xf4,ff e7 ff 6a 01 f4 00 00
2025-10-25 13:19:47,5,0xff,0xe7,0xff,0x6a,0x01,0xf4,ff e7 ff 6a 01 f4 00 00
2025-10-25 13:19:47,5,0xff,0xe7,0xff,0x6a,0x01,0xf4,ff e7 ff 6a 01 f4 00 00
2025-10-25 13:19:47,5,0xff,0xe7,0xff,0x6a,0x01,0xf4,ff e7 ff 6a 01 f4 00 00
2025-10-25 13:19:47,5,0xff,0xe7,0xff,0x6a,0x01,0xf4,ff e7 ff 6a 01 f4 00 00
2025-10-25 13:19:47,5,0xff,0xe7,0xff,0x6a,0x01,0xf4,ff e7 ff 6a 01 f4 00 00
2025-10-25 13:19:47,5,0xff,0xe7,0xff,0x6a,0x01,0xf4,ff e7 ff 6a 01 f4 00 00
2025-10-25 13:19:47,5,0xff,0xe7,0xff,0x6a,0x01,0xf4,ff e7 ff 6a 01 f4 00 00
2025-10-25 13:19:47,5,0xff,0xe7,0xff,0x6a,0x01,0xf4,ff e7 ff 6a 01 f4 00 00
2025-10-25 13:19:47,5,0xff,0xe7,0xff,0x6a,0x01,0xf4,ff e7 ff 6a 01 f4 00 00
2025-10-25 13:19:47,5,0xff,0xe7,0xff,0x6a,0x01,0xf4,ff e7 ff 6a 01 f4 00 00
2025-10-25 13:19:47,5,0xff,0xe7,0xff,0x6a,0x01,0xf4,ff e7 ff 6a 01 f4 00 00
2025-10-25 13:19:47,5,0xff,0xe7,0xff,0x6a,0x01,0xf4,ff e7 ff 6a 01 f4 00 00
2025-10-25 13:19:47,5,0xff,0xe7,0xff,0x6a,0x01,0xf4,ff e7 ff 6a 01 f4 00 00
2025-10-25 13:19:47,5,0xff,0xe7,0xff,0x6a,0x01,0xf4,ff e7 ff 6a 01 f4 00 00
2025-10-25 13:19:47,5,0xff,0xe7,0xff,0x6a,0x01,0xf4,ff e7 ff 6a 01 f4 00 00
2025-10-25 13:19:47,5,0xff,0xe7,0xff,0x6a,0x01,0xf4,ff e7 ff 6a 01 f4 00 00
2025-10-25 13:19:47,5,0xff,0xe7,0xff,0x6a,0x01,0xf4,ff e7 ff 6a 01 f4 00 00
2025-10-25 13:19:47,5,0xff,0xe7,0xff,0x6a,0x01,0xf4,ff e7 ff 6a 01 f4 00 00
2025-10-25 13:19:47,5,0xff,0xe7,0xff,0x6a,0x01,0xf4,ff e7 ff 6a 01 f4 00 00
2025-10-25 13:19:47,5,0xff,0xe7,0xff,0x6a,0x01,0xf4,ff e7 ff 6a 01 f4 00 00
2025-10-25 13:19:47,5,0xff,0xe7,0xff,0x6a,0x01,0xf4,ff e7 ff 6a 01 f4 00 00
2025-10-25 13:19:47,5,0xff,0xe7,0xff,0x6a,0x01,0xf4,ff e7 ff 6a 01 f4 00 00
2025-10-25 13:19:47,5,0xff,0xe7,0xff,0x6a,0x01,0xf4,ff e7 ff 6a 01 f4 00 00
2025-10-25 13:19:47,5,0xff,0xe7,0xff,0x6a,0x01,0xf4,ff e7 ff 6a 01 f4 00 00
2025-10-25 13:19:47,5,0xff,0xe7,0xff,0x6a,0x01,0xf4,ff e7 ff 6a 01 f4 00 00
2025-10-25 13:19:47,5,0xff,0xe7,0xff,0x6a,0x01,0xf4,ff e7 ff 6a 01 f4 00 00
2025-10-25 13:19:47,5,0xff,0xe7,0xff,0x6a,0x01,0xf4,ff e7 ff 6a 01 f4 00 00
2025-10-25 13:19:47,5,0xff,0xe7,0xff,0x6a,0x01,0xf4,ff e7 ff 6a 01 f4 00 00
2025-10-25 13:19:47,5,0xff,0xe7,0xff,0x6a,0x01,0xf4,ff e7 ff 6a 01 f4 00 00
2025-10-25 13:19:47,5,0xff,0xe7,0xff,0x6a,0x01,0xf4,ff e7 ff 6a 01 f4 00 00
2025-10-25 13:19:47,5,0xff,0xe7,0xff,0x6a,0x01,0xf4,ff e7 ff 6a 01 f4 00 00
2025-10-25 13:19:47,6.12,0xff,0xe7,0xff,0x71,0x02,0x64,ff e7 ff 71 02 64 00 00
2025-10-25 13:19:47,6.12,0xff,0xe7,0xff,0x71,0x02,0x64,ff e7 ff 71 02 64 00 00
2025-10-25 13:19:47,6.12,0xff,0xe7,0xff,0x71,0x02,0x64,ff e7 ff 71 02 64 00 00
2025-10-25 13:19:47,6.68,0xff,0xe7,0xff,0x6a,0x02,0x9c,ff e7 ff 6a 02 9c 00 00
2025-10-25 13:19:47,6.68,0xff,0xe7,0xff,0x6a,0x02,0x9c,ff e7 ff 6a 02 9c 00 00
2025-10-25 13:19:47,6.68,0xff,0xe7,0xff,0x6a,0x02,0x9c,ff e7 ff 6a 02 9c 00 00
2025-10-25 13:19:47,6.68,0xff,0xe7,0xff,0x6a,0x02,0x9c,ff e7 ff 6a 02 9c 00 00
2025-10-25 13:19:47,6.68,0xff,0xe7,0xff,0x6a,0x02,0x9c,ff e7 ff 6a 02 9c 00 00
2025-10-25 13:19:47,6.68,0xff,0xe7,0xff,0x6a,0x02,0x9c,ff e7 ff 6a 02 9c 00 00
2025-10-25 13:19:48,6.68,0xff,0xe7,0xff,0x6a,0x02,0x9c,ff e7 ff 6a 02 9c 00 00
2025-10-25 13:19:48,6.68,0xff,0xe7,0xff,0x6a,0x02,0x9c,ff e7 ff 6a 02 9c 00 00
2025-10-25 13:19:48,6.68,0xff,0xe7,0xff,0x6a,0x02,0x9c,ff e7 ff 6a 02 9c 00 00
2025-10-25 13:19:48,6.68,0xff,0xe7,0xff,0x6a,0x02,0x9c,ff e7 ff 6a 02 9c 00 00
2025-10-25 13:19:48,6.68,0xff,0xe7,0xff,0x6a,0x02,0x9c,ff e7 ff 6a 02 9c 00 00
2025-10-25 13:19:48,6.68,0xff,0xe7,0xff,0x6a,0x02,0x9c,ff e7 ff 6a 02 9c 00 00
2025-10-25 13:19:48,6.68,0xff,0xe7,0xff,0x6a,0x02,0x9c,ff e7 ff 6a 02 9c 00 00
2025-10-25 13:19:48,6.68,0xff,0xe7,0xff,0x6a,0x02,0x9c,ff e7 ff 6a 02 9c 00 00
2025-10-25 13:19:48,6.68,0xff,0xe7,0xff,0x6a,0x02,0x9c,ff e7 ff 6a 02 9c 00 00
2025-10-25 13:19:48,6.68,0xff,0xe7,0xff,0x6a,0x02,0x9c,ff e7 ff 6a 02 9c 00 00
2025-10-25 13:19:48,6.68,0xff,0xe7,0xff,0x6a,0x02,0x9c,ff e7 ff 6a 02 9c 00 00
2025-10-25 13:19:48,6.68,0xff,0xe7,0xff,0x6a,0x02,0x9c,ff e7 ff 6a 02 9c 00 00
2025-10-25 13:19:48,6.68,0xff,0xe7,0xff,0x6a,0x02,0x9c,ff e7 ff 6a 02 9c 00 00
2025-10-25 13:19:48,6.68,0xff,0xe7,0xff,0x6a,0x02,0x9c,ff e7 ff 6a 02 9c 00 00
2025-10-25 13:19:48,6.68,0xff,0xe7,0xff,0x6a,0x02,0x9c,ff e7 ff 6a 02 9c 00 00
2025-10-25 13:19:48,6.68,0xff,0xe7,0xff,0x6a,0x02,0x9c,ff e7 ff 6a 02 9c 00 00
2025-10-25 13:19:48,6.68,0xff,0xe7,0xff,0x6a,0x02,0x9c,ff e7 ff 6a 02 9c 00 00
2025-10-25 13:19:48,6.68,0xff,0xe7,0xff,0x6a,0x02,0x9c,ff e7 ff 6a 02 9c 00 00
2025-10-25 13:19:48,6.68,0xff,0xe7,0xff,0x6a,0x02,0x9c,ff e7 ff 6a 02 9c 00 00
2025-10-25 13:19:48,6.68,0xff,0xe7,0xff,0x6a,0x02,0x9c,ff e7 ff 6a 02 9c 00 00
2025-10-25 13:19:48,6.68,0xff,0xe7,0xff,0x6a,0x02,0x9c,ff e7 ff 6a 02 9c 00 00
2025-10-25 13:19:48,6.68,0xff,0xe7,0xff,0x6a,0x02,0x9c,ff e7 ff 6a 02 9c 00 00
2025-10-25 13:19:48,6.68,0xff,0xe7,0xff,0x6a,0x02,0x9c,ff e7 ff 6a 02 9c 00 00
2025-10-25 13:19:48,6.68,0xff,0xe7,0xff,0x6a,0x02,0x9c,ff e7 ff 6a 02 9c 00 00
2025-10-25 13:19:48,6.68,0xff,0xe7,0xff,0x6a,0x02,0x9c,ff e7 ff 6a 02 9c 00 00
2025-10-25 13:19:48,6.68,0xff,0xe7,0xff,0x6a,0x02,0x9c,ff e7 ff 6a 02 9c 00 00
2025-10-25 13:19:48,6.68,0xff,0xe7,0xff,0x6a,0x02,0x9c,ff e7 ff 6a 02 9c 00 00
2025-10-25 13:19:48,6.68,0xff,0xe7,0xff,0x6a,0x02,0x9c,ff e7 ff 6a 02 9c 00 00
2025-10-25 13:19:48,6.68,0xff,0xe7,0xff,0x6a,0x02,0x9c,ff e7 ff 6a 02 9c 00 00
2025-10-25 13:19:48,6.68,0xff,0xe7,0xff,0x6a,0x02,0x9c,ff e7 ff 6a 02 9c 00 00
2025-10-25 13:19:48,6.68,0xff,0xe7,0xff,0x6a,0x02,0x9c,ff e7 ff 6a 02 9c 00 00
2025-10-25 13:19:48,6.68,0xff,0xe7,0xff,0x6a,0x02,0x9c,ff e7 ff 6a 02 9c 00 00
2025-10-25 13:19:48,6.68,0xff,0xe7,0xff,0x6a,0x02,0x9c,ff e7 ff 6a 02 9c 00 00
2025-10-25 13:19:48,6.68,0xff,0xe7,0xff,0x6a,0x02,0x9c,ff e7 ff 6a 02 9c 00 00
2025-10-25 13:19:48,6.68,0xff,0xe7,0xff,0x6a,0x02,0x9c,ff e7 ff 6a 02 9c 00 00
2025-10-25 13:19:48,6.68,0xff,0xe7,0xff,0x6a,0x02,0x9c,ff e7 ff 6a 02 9c 00 00
2025-10-25 13:19:48,6.68,0xff,0xe7,0xff,0x6a,0x02,0x9c,ff e7 ff 6a 02 9c 00 00
2025-10-25 13:19:48,6.68,0xff,0xe7,0xff,0x6a,0x02,0x9c,ff e7 ff 6a 02 9c 00 00
2025-10-25 13:19:48,6.68,0xff,0xe7,0xff,0x6a,0x02,0x9c,ff e7 ff 6a 02 9c 00 00
2025-10-25 13:19:48,6.68,0xff,0xe7,0xff,0x6a,0x02,0x9c,ff e7 ff 6a 02 9c 00 00
2025-10-25 13:19:48,6.68,0xff,0xe7,0xff,0x6a,0x02,0x9c,ff e7 ff 6a 02 9c 00 00
2025-10-25 13:19:48,6.68,0xff,0xe7,0xff,0x6a,0x02,0x9c,ff e7 ff 6a 02 9c 00 00
2025-10-25 13:19:48,6.68,0xff,0xe7,0xff,0x6a,0x02,0x9c,ff e7 ff 6a 02 9c 00 00
2025-10-25 13:19:48,6.68,0xff,0xe7,0xff,0x6a,0x02,0x9c,ff e7 ff 6a 02 9c 00 00
2025-10-25 13:19:48,6.68,0xff,0xe7,0xff,0x6a,0x02,0x9c,ff e7 ff 6a 02 9c 00 00
2025-10-25 13:19:48,6.68,0xff,0xe7,0xff,0x6a,0x02,0x9c,ff e7 ff 6a 02 9c 00 00
2025-10-25 13:19:48,6.68,0xff,0xe7,0xff,0x6a,0x02,0x9c,ff e7 ff 6a 02 9c 00 00
2025-10-25 13:19:48,6.68,0xff,0xe7,0xff,0x6a,0x02,0x9c,ff e7 ff 6a 02 9c 00 00
2025-10-25 13:19:48,6.68,0xff,0xe7,0xff,0x6a,0x02,0x9c,ff e7 ff 6a 02 9c 00 00
2025-10-25 13:19:48,7.06,0xff,0xaf,0xff,0x51,0x02,0xc2,ff af ff 51 02 c2 00 00
2025-10-25 13:19:48,7.06,0xff,0xaf,0xff,0x51,0x02,0xc2,ff af ff 51 02 c2 00 00
2025-10-25 13:19:48,7.06,0xff,0xaf,0xff,0x51,0x02,0xc2,ff af ff 51 02 c2 00 00
2025-10-25 13:19:48,7,0xff,0xc8,0xff,0x77,0x02,0xbc,ff c8 ff 77 02 bc 00 00
2025-10-25 13:19:49,7,0xff,0xc8,0xff,0x77,0x02,0xbc,ff c8 ff 77 02 bc 00 00
2025-10-25 13:19:49,6.93,0xff,0xce,0xff,0x90,0x02,0xb5,ff ce ff 90 02 b5 00 00
2025-10-25 13:19:49,6.93,0xff,0xce,0xff,0x90,0x02,0xb5,ff ce ff 90 02 b5 00 00
2025-10-25 13:19:49,6.93,0xff,0xce,0xff,0x90,0x02,0xb5,ff ce ff 90 02 b5 00 00
2025-10-25 13:19:49,6.93,0xff,0xd5,0xff,0x90,0x02,0xb5,ff d5 ff 90 02 b5 00 00
2025-10-25 13:19:49,6.93,0xff,0xd5,0xff,0x90,0x02,0xb5,ff d5 ff 90 02 b5 00 00
2025-10-25 13:19:49,6.93,0xff,0xd5,0xff,0x90,0x02,0xb5,ff d5 ff 90 02 b5 00 00
2025-10-25 13:19:49,6.68,0xff,0xe1,0xff,0x8a,0x02,0x9c,ff e1 ff 8a 02 9c 00 00
2025-10-25 13:19:49,6.68,0xff,0xe1,0xff,0x8a,0x02,0x9c,ff e1 ff 8a 02 9c 00 00
2025-10-25 13:19:49,6.68,0xff,0xe1,0xff,0x8a,0x02,0x9c,ff e1 ff 8a 02 9c 00 00
2025-10-25 13:19:49,6.68,0xff,0xe1,0xff,0x8a,0x02,0x9c,ff e1 ff 8a 02 9c 00 00
2025-10-25 13:19:49,6.68,0xff,0xe1,0xff,0x8a,0x02,0x9c,ff e1 ff 8a 02 9c 00 00
2025-10-25 13:19:49,6.68,0xff,0xd5,0xff,0x90,0x02,0x9c,ff d5 ff 90 02 9c 00 00
2025-10-25 13:19:49,6.68,0xff,0xd5,0xff,0x90,0x02,0x9c,ff d5 ff 90 02 9c 00 00
2025-10-25 13:19:49,7.75,0xff,0xd5,0xff,0x90,0x03,0x07,ff d5 ff 90 03 07 00 00
2025-10-25 13:19:49,7.75,0xff,0xd5,0xff,0x90,0x03,0x07,ff d5 ff 90 03 07 00 00
2025-10-25 13:19:49,7.75,0xff,0xd5,0xff,0x90,0x03,0x07,ff d5 ff 90 03 07 00 00
2025-10-25 13:19:49,8.56,0xff,0xd5,0xff,0x90,0x03,0x58,ff d5 ff 90 03 58 00 00
2025-10-25 13:19:49,8.56,0xff,0xd5,0xff,0x90,0x03,0x58,ff d5 ff 90 03 58 00 00
2025-10-25 13:19:49,8.56,0xff,0xd5,0xff,0x90,0x03,0x58,ff d5 ff 90 03 58 00 00
2025-10-25 13:19:49,8.87,0xff,0xd5,0xff,0x90,0x03,0x77,ff d5 ff 90 03 77 00 00
2025-10-25 13:19:49,8.87,0xff,0xd5,0xff,0x90,0x03,0x77,ff d5 ff 90 03 77 00 00
2025-10-25 13:19:49,8.31,0xff,0xe1,0xff,0x71,0x03,0x3f,ff e1 ff 71 03 3f 00 00
2025-10-25 13:19:49,8.31,0xff,0xe1,0xff,0x71,0x03,0x3f,ff e1 ff 71 03 3f 00 00
2025-10-25 13:19:49,8.31,0xff,0xe1,0xff,0x71,0x03,0x3f,ff e1 ff 71 03 3f 00 00
2025-10-25 13:19:49,8.62,0xff,0xce,0xff,0x58,0x03,0x5e,ff ce ff 58 03 5e 00 00
2025-10-25 13:19:49,8.62,0xff,0xce,0xff,0x58,0x03,0x5e,ff ce ff 58 03 5e 00 00
2025-10-25 13:19:49,8.87,0xff,0xc2,0xff,0x5e,0x03,0x77,ff c2 ff 5e 03 77 00 00
2025-10-25 13:19:49,8.87,0xff,0xc2,0xff,0x5e,0x03,0x77,ff c2 ff 5e 03 77 00 00
2025-10-25 13:19:49,8.87,0xff,0xc2,0xff,0x5e,0x03,0x77,ff c2 ff 5e 03 77 00 00
2025-10-25 13:19:49,9.5,0xff,0xc2,0xff,0x77,0x03,0xb6,ff c2 ff 77 03 b6 00 00
2025-10-25 13:19:49,9.5,0xff,0xc2,0xff,0x77,0x03,0xb6,ff c2 ff 77 03 b6 00 00
2025-10-25 13:19:49,9.5,0xff,0xc2,0xff,0x77,0x03,0xb6,ff c2 ff 77 03 b6 00 00
2025-10-25 13:19:49,9.5,0xff,0xc8,0xff,0x77,0x03,0xb6,ff c8 ff 77 03 b6 00 00
2025-10-25 13:19:49,9.5,0xff,0xc8,0xff,0x77,0x03,0xb6,ff c8 ff 77 03 b6 00 00
2025-10-25 13:19:49,9.5,0xff,0xce,0xff,0x77,0x03,0xb6,ff ce ff 77 03 b6 00 00
2025-10-25 13:19:49,9.5,0xff,0xce,0xff,0x77,0x03,0xb6,ff ce ff 77 03 b6 00 00
2025-10-25 13:19:49,9.5,0xff,0xce,0xff,0x77,0x03,0xb6,ff ce ff 77 03 b6 00 00
2025-10-25 13:19:49,9.5,0xff,0xce,0xff,0x77,0x03,0xb6,ff ce ff 77 03 b6 00 00
2025-10-25 13:19:49,9.5,0xff,0xce,0xff,0x77,0x03,0xb6,ff ce ff 77 03 b6 00 00
2025-10-25 13:19:49,9.5,0xff,0xce,0xff,0x77,0x03,0xb6,ff ce ff 77 03 b6 00 00
2025-10-25 13:19:49,9.5,0xff,0xce,0xff,0x77,0x03,0xb6,ff ce ff 77 03 b6 00 00
2025-10-25 13:19:49,9.5,0xff,0xce,0xff,0x77,0x03,0xb6,ff ce ff 77 03 b6 00 00
2025-10-25 13:19:49,9.18,0xff,0xe1,0xff,0x8a,0x03,0x96,ff e1 ff 8a 03 96 00 00
2025-10-25 13:19:49,9.18,0xff,0xe1,0xff,0x8a,0x03,0x96,ff e1 ff 8a 03 96 00 00
2025-10-25 13:19:49,9.18,0xff,0xe1,0xff,0x8a,0x03,0x96,ff e1 ff 8a 03 96 00 00
2025-10-25 13:19:49,9.12,0xff,0xe7,0xff,0xaf,0x03,0x90,ff e7 ff af 03 90 00 00
2025-10-25 13:19:49,9.12,0xff,0xe7,0xff,0xaf,0x03,0x90,ff e7 ff af 03 90 00 00
2025-10-25 13:19:49,9.12,0xff,0xee,0xff,0xaf,0x03,0x90,ff ee ff af 03 90 00 00
2025-10-25 13:19:49,9.12,0xff,0xee,0xff,0xaf,0x03,0x90,ff ee ff af 03 90 00 00
2025-10-25 13:19:49,9.12,0xff,0xee,0xff,0xaf,0x03,0x90,ff ee ff af 03 90 00 00
2025-10-25 13:19:49,9.43,0xff,0xce,0xff,0x90,0x03,0xaf,ff ce ff 90 03 af 00 00
2025-10-25 13:19:50,9.43,0xff,0xce,0xff,0x90,0x03,0xaf,ff ce ff 90 03 af 00 00
2025-10-25 13:19:50,9.43,0xff,0xce,0xff,0x90,0x03,0xaf,ff ce ff 90 03 af 00 00
2025-10-25 13:19:50,10.5,0xff,0xc8,0xff,0x96,0x04,0x1a,ff c8 ff 96 04 1a 00 00
2025-10-25 13:19:50,10.5,0xff,0xc8,0xff,0x96,0x04,0x1a,ff c8 ff 96 04 1a 00 00
2025-10-25 13:19:50,10.93,0xff,0xc2,0xff,0x96,0x04,0x45,ff c2 ff 96 04 45 00 00
2025-10-25 13:19:50,10.93,0xff,0xc2,0xff,0x96,0x04,0x45,ff c2 ff 96 04 45 00 00
2025-10-25 13:19:50,10.93,0xff,0xc2,0xff,0x96,0x04,0x45,ff c2 ff 96 04 45 00 00
2025-10-25 13:19:50,11.18,0xff,0xbc,0xff,0x9c,0x04,0x5e,ff bc ff 9c 04 5e 00 00
2025-10-25 13:19:50,11.18,0xff,0xbc,0xff,0x9c,0x04,0x5e,ff bc ff 9c 04 5e 00 00
2025-10-25 13:19:50,11.25,0xff,0xbc,0xff,0x9c,0x04,0x65,ff bc ff 9c 04 65 00 00
2025-10-25 13:19:50,11.25,0xff,0xbc,0xff,0x9c,0x04,0x65,ff bc ff 9c 04 65 00 00
2025-10-25 13:19:50,11.25,0xff,0xbc,0xff,0x9c,0x04,0x65,ff bc ff 9c 04 65 00 00
2025-10-25 13:19:50,11,0xff,0xbc,0xff,0x9c,0x04,0x4c,ff bc ff 9c 04 4c 00 00
2025-10-25 13:19:50,11,0xff,0xbc,0xff,0x9c,0x04,0x4c,ff bc ff 9c 04 4c 00 00
2025-10-25 13:19:50,11,0xff,0xbc,0xff,0x9c,0x04,0x4c,ff bc ff 9c 04 4c 00 00
2025-10-25 13:19:50,11,0xff,0xbc,0xff,0x9c,0x04,0x4c,ff bc ff 9c 04 4c 00 00
2025-10-25 13:19:50,11.31,0xff,0xbc,0xff,0x9c,0x04,0x6b,ff bc ff 9c 04 6b 00 00
2025-10-25 13:19:50,11.31,0xff,0xbc,0xff,0x9c,0x04,0x6b,ff bc ff 9c 04 6b 00 00
2025-10-25 13:19:50,11.31,0xff,0xbc,0xff,0x9c,0x04,0x6b,ff bc ff 9c 04 6b 00 00
2025-10-25 13:19:50,11.31,0xff,0xbc,0xff,0x9c,0x04,0x6b,ff bc ff 9c 04 6b 00 00
2025-10-25 13:19:50,11.31,0xff,0xbc,0xff,0x9c,0x04,0x6b,ff bc ff 9c 04 6b 00 00
2025-10-25 13:19:50,11.31,0xff,0xbc,0xff,0x9c,0x04,0x6b,ff bc ff 9c 04 6b 00 00
2025-10-25 13:19:50,11.31,0xff,0xbc,0xff,0x9c,0x04,0x6b,ff bc ff 9c 04 6b 00 00
2025-10-25 13:19:50,11.31,0xff,0xbc,0xff,0x9c,0x04,0x6b,ff bc ff 9c 04 6b 00 00
2025-10-25 13:19:50,11.31,0xff,0xbc,0xff,0x9c,0x04,0x6b,ff bc ff 9c 04 6b 00 00
2025-10-25 13:19:50,11.31,0xff,0xbc,0xff,0x9c,0x04,0x6b,ff bc ff 9c 04 6b 00 00
2025-10-25 13:19:50,11,0xff,0xee,0xff,0x8a,0x04,0x4c,ff ee ff 8a 04 4c 00 00
2025-10-25 13:19:50,11,0xff,0xee,0xff,0x8a,0x04,0x4c,ff ee ff 8a 04 4c 00 00
2025-10-25 13:19:50,11,0xff,0xee,0xff,0x8a,0x04,0x4c,ff ee ff 8a 04 4c 00 00
2025-10-25 13:19:50,11,0xff,0xfa,0xff,0x8a,0x04,0x4c,ff fa ff 8a 04 4c 00 00
2025-10-25 13:19:50,11,0xff,0xfa,0xff,0x8a,0x04,0x4c,ff fa ff 8a 04 4c 00 00
2025-10-25 13:19:50,11,0xff,0xfa,0xff,0x8a,0x04,0x4c,ff fa ff 8a 04 4c 00 00
2025-10-25 13:19:50,11,0xff,0xe7,0xff,0x8a,0x04,0x4c,ff e7 ff 8a 04 4c 00 00
2025-10-25 13:19:50,11,0xff,0xe7,0xff,0x8a,0x04,0x4c,ff e7 ff 8a 04 4c 00 00
2025-10-25 13:19:50,11,0xff,0xdb,0xff,0x8a,0x04,0x4c,ff db ff 8a 04 4c 00 00
2025-10-25 13:19:50,11,0xff,0xdb,0xff,0x8a,0x04,0x4c,ff db ff 8a 04 4c 00 00
2025-10-25 13:19:50,11,0xff,0xdb,0xff,0x8a,0x04,0x4c,ff db ff 8a 04 4c 00 00
2025-10-25 13:19:50,11.31,0xff,0xd5,0xff,0x90,0x04,0x6b,ff d5 ff 90 04 6b 00 00
2025-10-25 13:19:50,11.31,0xff,0xd5,0xff,0x90,0x04,0x6b,ff d5 ff 90 04 6b 00 00
2025-10-25 13:19:50,11.31,0xff,0xd5,0xff,0x90,0x04,0x6b,ff d5 ff 90 04 6b 00 00
2025-10-25 13:19:50,11,0xff,0xd5,0xff,0x90,0x04,0x4c,ff d5 ff 90 04 4c 00 00
2025-10-25 13:19:50,11,0xff,0xd5,0xff,0x90,0x04,0x4c,ff d5 ff 90 04 4c 00 00
2025-10-25 13:19:50,11.06,0xff,0xdb,0xff,0x71,0x04,0x52,ff db ff 71 04 52 00 00
2025-10-25 13:19:50,11.06,0xff,0xdb,0xff,0x71,0x04,0x52,ff db ff 71 04 52 00 00
2025-10-25 13:19:50,11.06,0xff,0xdb,0xff,0x71,0x04,0x52,ff db ff 71 04 52 00 00
2025-10-25 13:19:50,11.06,0xff,0xdb,0xff,0x71,0x04,0x52,ff db ff 71 04 52 00 00
2025-10-25 13:19:50,11.06,0xff,0xdb,0xff,0x71,0x04,0x52,ff db ff 71 04 52 00 00
2025-10-25 13:19:50,11.06,0xff,0xdb,0xff,0x71,0x04,0x52,ff db ff 71 04 52 00 00
2025-10-25 13:19:50,11.06,0xff,0xdb,0xff,0x71,0x04,0x52,ff db ff 71 04 52 00 00
2025-10-25 13:19:50,11.06,0xff,0xdb,0xff,0x71,0x04,0x52,ff db ff 71 04 52 00 00
2025-10-25 13:19:50,11.06,0xff,0xdb,0xff,0x71,0x04,0x52,ff db ff 71 04 52 00 00
2025-10-25 13:19:51,11.06,0xff,0xdb,0xff,0x71,0x04,0x52,ff db ff 71 04 52 00 00
2025-10-25 13:19:51,11.06,0xff,0xdb,0xff,0x71,0x04,0x52,ff db ff 71 04 52 00 00
2025-10-25 13:19:51,11.06,0xff,0xdb,0xff,0x71,0x04,0x52,ff db ff 71 04 52 00 00
2025-10-25 13:19:51,11.06,0xff,0xdb,0xff,0x71,0x04,0x52,ff db ff 71 04 52 00 00
2025-10-25 13:19:51,11.06,0xff,0xdb,0xff,0x71,0x04,0x52,ff db ff 71 04 52 00 00
2025-10-25 13:19:51,11.06,0xff,0xdb,0xff,0x71,0x04,0x52,ff db ff 71 04 52 00 00
2025-10-25 13:19:51,11.06,0xff,0xdb,0xff,0x71,0x04,0x52,ff db ff 71 04 52 00 00
2025-10-25 13:19:51,11.06,0xff,0xdb,0xff,0x71,0x04,0x52,ff db ff 71 04 52 00 00
2025-10-25 13:19:51,11.06,0xff,0xdb,0xff,0x71,0x04,0x52,ff db ff 71 04 52 00 00
2025-10-25 13:19:51,11.06,0xff,0xdb,0xff,0x71,0x04,0x52,ff db ff 71 04 52 00 00
2025-10-25 13:19:51,11.06,0xff,0xdb,0xff,0x71,0x04,0x52,ff db ff 71 04 52 00 00
2025-10-25 13:19:51,11.06,0xff,0xdb,0xff,0x71,0x04,0x52,ff db ff 71 04 52 00 00
2025-10-25 13:19:51,11.06,0xff,0xdb,0xff,0x71,0x04,0x52,ff db ff 71 04 52 00 00
2025-10-25 13:19:51,11.06,0xff,0xdb,0xff,0x71,0x04,0x52,ff db ff 71 04 52 00 00
2025-10-25 13:19:51,11.06,0xff,0xdb,0xff,0x71,0x04,0x52,ff db ff 71 04 52 00 00
2025-10-25 13:19:51,11.06,0xff,0xdb,0xff,0x71,0x04,0x52,ff db ff 71 04 52 00 00
2025-10-25 13:19:51,11.06,0xff,0xdb,0xff,0x71,0x04,0x52,ff db ff 71 04 52 00 00
2025-10-25 13:19:51,11.06,0xff,0xdb,0xff,0x71,0x04,0x52,ff db ff 71 04 52 00 00
2025-10-25 13:19:51,11.06,0xff,0xdb,0xff,0x71,0x04,0x52,ff db ff 71 04 52 00 00
2025-10-25 13:19:51,11.06,0xff,0xdb,0xff,0x71,0x04,0x52,ff db ff 71 04 52 00 00
2025-10-25 13:19:51,11.06,0xff,0xdb,0xff,0x71,0x04,0x52,ff db ff 71 04 52 00 00
2025-10-25 13:19:51,11.06,0xff,0xdb,0xff,0x71,0x04,0x52,ff db ff 71 04 52 00 00
2025-10-25 13:19:51,11.06,0xff,0xdb,0xff,0x71,0x04,0x52,ff db ff 71 04 52 00 00
2025-10-25 13:19:51,11.06,0xff,0xdb,0xff,0x71,0x04,0x52,ff db ff 71 04 52 00 00
2025-10-25 13:19:51,11.06,0xff,0xdb,0xff,0x71,0x04,0x52,ff db ff 71 04 52 00 00
2025-10-25 13:19:51,12.18,0xff,0xdb,0xff,0x71,0x04,0xc2,ff db ff 71 04 c2 00 00
2025-10-25 13:19:51,12.18,0xff,0xdb,0xff,0x71,0x04,0xc2,ff db ff 71 04 c2 00 00
2025-10-25 13:19:51,12.18,0xff,0xdb,0xff,0x71,0x04,0xc2,ff db ff 71 04 c2 00 00
2025-10-25 13:19:51,12.87,0xff,0xdb,0xff,0x71,0x05,0x07,ff db ff 71 05 07 00 00
2025-10-25 13:19:51,12.87,0xff,0xdb,0xff,0x71,0x05,0x07,ff db ff 71 05 07 00 00
2025-10-25 13:19:51,13.25,0xff,0xdb,0xff,0x71,0x05,0x2d,ff db ff 71 05 2d 00 00
2025-10-25 13:19:51,13.25,0xff,0xdb,0xff,0x71,0x05,0x2d,ff db ff 71 05 2d 00 00
2025-10-25 13:19:51,13.25,0xff,0xdb,0xff,0x71,0x05,0x2d,ff db ff 71 05 2d 00 00
2025-10-25 13:19:51,13.56,0xff,0xdb,0xff,0x71,0x05,0x4c,ff db ff 71 05 4c 00 00
2025-10-25 13:19:51,13.56,0xff,0xdb,0xff,0x71,0x05,0x4c,ff db ff 71 05 4c 00 00
2025-10-25 13:19:51,13.56,0xff,0xdb,0xff,0x71,0x05,0x4c,ff db ff 71 05 4c 00 00
2025-10-25 13:19:51,13.56,0xff,0xdb,0xff,0x71,0x05,0x4c,ff db ff 71 05 4c 00 00
2025-10-25 13:19:51,13.56,0xff,0xdb,0xff,0x71,0x05,0x4c,ff db ff 71 05 4c 00 00
2025-10-25 13:19:51,13.56,0xff,0xdb,0xff,0x71,0x05,0x4c,ff db ff 71 05 4c 00 00
2025-10-25 13:19:51,13.56,0xff,0xdb,0xff,0x71,0x05,0x4c,ff db ff 71 05 4c 00 00
2025-10-25 13:19:51,13.81,0xff,0xdb,0xff,0x71,0x05,0x65,ff db ff 71 05 65 00 00
2025-10-25 13:19:51,13.81,0xff,0xdb,0xff,0x71,0x05,0x65,ff db ff 71 05 65 00 00
2025-10-25 13:19:51,13.81,0xff,0xdb,0xff,0x71,0x05,0x65,ff db ff 71 05 65 00 00
2025-10-25 13:19:51,13.81,0xff,0xdb,0xff,0x71,0x05,0x65,ff db ff 71 05 65 00 00
2025-10-25 13:19:51,13.81,0xff,0xdb,0xff,0x71,0x05,0x65,ff db ff 71 05 65 00 00
2025-10-25 13:19:51,13.81,0xff,0xdb,0xff,0x71,0x05,0x65,ff db ff 71 05 65 00 00
2025-10-25 13:19:51,13.81,0xff,0xdb,0xff,0x71,0x05,0x65,ff db ff 71 05 65 00 00
2025-10-25 13:19:51,13.81,0xff,0xdb,0xff,0x71,0x05,0x65,ff db ff 71 05 65 00 00
2025-10-25 13:19:51,13.81,0xff,0xdb,0xff,0x71,0x05,0x65,ff db ff 71 05 65 00 00
2025-10-25 13:19:51,13.81,0xff,0xdb,0xff,0x71,0x05,0x65,ff db ff 71 05 65 00 00
2025-10-25 13:19:51,13.81,0xff,0xdb,0xff,0x71,0x05,0x65,ff db ff 71 05 65 00 00
2025-10-25 13:19:51,13.81,0xff,0xdb,0xff,0x71,0x05,0x65,ff db ff 71 05 65 00 00
2025-10-25 13:19:52,13.81,0xff,0xdb,0xff,0x71,0x05,0x65,ff db ff 71 05 65 00 00
2025-10-25 13:19:52,13.81,0xff,0xdb,0xff,0x71,0x05,0x65,ff db ff 71 05 65 00 00
2025-10-25 13:19:52,13.81,0xff,0xdb,0xff,0x71,0x05,0x65,ff db ff 71 05 65 00 00
2025-10-25 13:19:52,13.81,0xff,0xdb,0xff,0x71,0x05,0x65,ff db ff 71 05 65 00 00
2025-10-25 13:19:52,13.81,0xff,0xdb,0xff,0x71,0x05,0x65,ff db ff 71 05 65 00 00
2025-10-25 13:19:52,13.81,0xff,0xdb,0xff,0x71,0x05,0x65,ff db ff 71 05 65 00 00
2025-10-25 13:19:52,13.81,0xff,0xdb,0xff,0x71,0x05,0x65,ff db ff 71 05 65 00 00
2025-10-25 13:19:52,13.81,0xff,0xdb,0xff,0x71,0x05,0x65,ff db ff 71 05 65 00 00
2025-10-25 13:19:52,13.81,0xff,0xdb,0xff,0x71,0x05,0x65,ff db ff 71 05 65 00 00
2025-10-25 13:19:52,13.81,0xff,0xdb,0xff,0x71,0x05,0x65,ff db ff 71 05 65 00 00
2025-10-25 13:19:52,13.81,0xff,0xdb,0xff,0x71,0x05,0x65,ff db ff 71 05 65 00 00
2025-10-25 13:19:52,13.81,0xff,0xdb,0xff,0x71,0x05,0x65,ff db ff 71 05 65 00 00
2025-10-25 13:19:52,13.81,0xff,0xdb,0xff,0x71,0x05,0x65,ff db ff 71 05 65 00 00
2025-10-25 13:19:52,13.81,0xff,0xdb,0xff,0x71,0x05,0x65,ff db ff 71 05 65 00 00
2025-10-25 13:19:52,13.81,0xff,0xdb,0xff,0x71,0x05,0x65,ff db ff 71 05 65 00 00
2025-10-25 13:19:52,14.93,0xff,0xdb,0xff,0x71,0x05,0xd5,ff db ff 71 05 d5 00 00
2025-10-25 13:19:52,14.93,0xff,0xdb,0xff,0x71,0x05,0xd5,ff db ff 71 05 d5 00 00
2025-10-25 13:19:52,15.5,0xff,0xdb,0xff,0x71,0x06,0x0e,ff db ff 71 06 0e 00 00
2025-10-25 13:19:52,15.5,0xff,0xdb,0xff,0x71,0x06,0x0e,ff db ff 71 06 0e 00 00
2025-10-25 13:19:52,15.5,0xff,0xdb,0xff,0x71,0x06,0x0e,ff db ff 71 06 0e 00 00
2025-10-25 13:19:52,15.81,0xff,0xdb,0xff,0x71,0x06,0x2d,ff db ff 71 06 2d 00 00
2025-10-25 13:19:52,15.81,0xff,0xdb,0xff,0x71,0x06,0x2d,ff db ff 71 06 2d 00 00
2025-10-25 13:19:52,15.81,0xff,0xdb,0xff,0x71,0x06,0x2d,ff db ff 71 06 2d 00 00
2025-10-25 13:19:52,15.81,0xff,0xdb,0xff,0x71,0x06,0x2d,ff db ff 71 06 2d 00 00
2025-10-25 13:19:52,15.81,0xff,0xdb,0xff,0x71,0x06,0x2d,ff db ff 71 06 2d 00 00
2025-10-25 13:19:52,16.18,0xff,0xdb,0xff,0x71,0x06,0x52,ff db ff 71 06 52 00 00
2025-10-25 13:19:52,16.18,0xff,0xdb,0xff,0x71,0x06,0x52,ff db ff 71 06 52 00 00
2025-10-25 13:19:52,16.18,0xff,0xdb,0xff,0x71,0x06,0x52,ff db ff 71 06 52 00 00
2025-10-25 13:19:52,16.5,0xff,0xdb,0xff,0x71,0x06,0x72,ff db ff 71 06 72 00 00
2025-10-25 13:19:52,16.5,0xff,0xdb,0xff,0x71,0x06,0x72,ff db ff 71 06 72 00 00
2025-10-25 13:19:52,16.5,0xff,0xdb,0xff,0x71,0x06,0x72,ff db ff 71 06 72 00 00
2025-10-25 13:19:52,16.18,0xff,0xdb,0xff,0x71,0x06,0x52,ff db ff 71 06 52 00 00
2025-10-25 13:19:52,16.18,0xff,0xdb,0xff,0x71,0x06,0x52,ff db ff 71 06 52 00 00
2025-10-25 13:19:52,16.18,0xff,0xdb,0xff,0x71,0x06,0x52,ff db ff 71 06 52 00 00
2025-10-25 13:19:52,16.18,0xff,0xdb,0xff,0x71,0x06,0x52,ff db ff 71 06 52 00 00
2025-10-25 13:19:52,16.18,0xff,0xdb,0xff,0x71,0x06,0x52,ff db ff 71 06 52 00 00
2025-10-25 13:19:52,16.18,0xff,0xdb,0xff,0x71,0x06,0x52,ff db ff 71 06 52 00 00
2025-10-25 13:19:52,16.18,0xff,0xdb,0xff,0x71,0x06,0x52,ff db ff 71 06 52 00 00
2025-10-25 13:19:52,16.18,0xff,0xdb,0xff,0x71,0x06,0x52,ff db ff 71 06 52 00 00
2025-10-25 13:19:52,16.18,0xff,0xdb,0xff,0x71,0x06,0x52,ff db ff 71 06 52 00 00
2025-10-25 13:19:52,16.18,0xff,0xdb,0xff,0x71,0x06,0x52,ff db ff 71 06 52 00 00
2025-10-25 13:19:52,16.18,0xff,0xdb,0xff,0x71,0x06,0x52,ff db ff 71 06 52 00 00
2025-10-25 13:19:52,16.18,0xff,0xdb,0xff,0x71,0x06,0x52,ff db ff 71 06 52 00 00
2025-10-25 13:19:52,16.18,0xff,0xdb,0xff,0x71,0x06,0x52,ff db ff 71 06 52 00 00
2025-10-25 13:19:52,16.18,0xff,0xdb,0xff,0x71,0x06,0x52,ff db ff 71 06 52 00 00
2025-10-25 13:19:52,16.18,0xff,0xdb,0xff,0x71,0x06,0x52,ff db ff 71 06 52 00 00
2025-10-25 13:19:52,16.18,0xff,0xdb,0xff,0x71,0x06,0x52,ff db ff 71 06 52 00 00
2025-10-25 13:19:52,16.18,0xff,0xdb,0xff,0x71,0x06,0x52,ff db ff 71 06 52 00 00
2025-10-25 13:19:52,16.18,0xff,0xdb,0xff,0x71,0x06,0x52,ff db ff 71 06 52 00 00
2025-10-25 13:19:52,16.18,0xff,0xdb,0xff,0x71,0x06,0x52,ff db ff 71 06 52 00 00
2025-10-25 13:19:52,16.18,0xff,0xdb,0xff,0x71,0x06,0x52,ff db ff 71 06 52 00 00
2025-10-25 13:19:52,16.18,0xff,0xdb,0xff,0x71,0x06,0x52,ff db ff 71 06 52 00 00
2025-10-25 13:19:53,16.18,0xff,0xdb,0xff,0x71,0x06,0x52,ff db ff 71 06 52 00 00
2025-10-25 13:19:53,16.18,0xff,0xdb,0xff,0x71,0x06,0x52,ff db ff 71 06 52 00 00
2025-10-25 13:19:53,16.18,0xff,0xdb,0xff,0x71,0x06,0x52,ff db ff 71 06 52 00 00
2025-10-25 13:19:53,16.18,0xff,0xdb,0xff,0x71,0x06,0x52,ff db ff 71 06 52 00 00
2025-10-25 13:19:53,16.18,0xff,0xdb,0xff,0x71,0x06,0x52,ff db ff 71 06 52 00 00
2025-10-25 13:19:53,16.18,0xff,0xdb,0xff,0x71,0x06,0x52,ff db ff 71 06 52 00 00
2025-10-25 13:19:53,16.18,0xff,0xdb,0xff,0x71,0x06,0x52,ff db ff 71 06 52 00 00
2025-10-25 13:19:53,16.18,0xff,0xdb,0xff,0x71,0x06,0x52,ff db ff 71 06 52 00 00
2025-10-25 13:19:53,16.18,0xff,0xdb,0xff,0x71,0x06,0x52,ff db ff 71 06 52 00 00
2025-10-25 13:19:53,16.18,0xff,0xdb,0xff,0x71,0x06,0x52,ff db ff 71 06 52 00 00
2025-10-25 13:19:53,16.18,0xff,0xdb,0xff,0x71,0x06,0x52,ff db ff 71 06 52 00 00
2025-10-25 13:19:53,16.18,0xff,0xdb,0xff,0x71,0x06,0x52,ff db ff 71 06 52 00 00
2025-10-25 13:19:53,16.18,0xff,0xdb,0xff,0x71,0x06,0x52,ff db ff 71 06 52 00 00
2025-10-25 13:19:53,16.18,0xff,0xdb,0xff,0x71,0x06,0x52,ff db ff 71 06 52 00 00
2025-10-25 13:19:53,16.18,0xff,0xdb,0xff,0x71,0x06,0x52,ff db ff 71 06 52 00 00
2025-10-25 13:19:53,17.31,0xff,0xdb,0xff,0x71,0x06,0xc3,ff db ff 71 06 c3 00 00
2025-10-25 13:19:53,17.31,0xff,0xdb,0xff,0x71,0x06,0xc3,ff db ff 71 06 c3 00 00
2025-10-25 13:19:53,17.31,0xff,0xdb,0xff,0x71,0x06,0xc3,ff db ff 71 06 c3 00 00
2025-10-25 13:19:53,17.68,0xff,0xdb,0xff,0x71,0x06,0xe8,ff db ff 71 06 e8 00 00
2025-10-25 13:19:53,17.68,0xff,0xdb,0xff,0x71,0x06,0xe8,ff db ff 71 06 e8 00 00
2025-10-25 13:19:53,18,0xff,0xdb,0xff,0x71,0x07,0x08,ff db ff 71 07 08 00 00
2025-10-25 13:19:53,18,0xff,0xdb,0xff,0x71,0x07,0x08,ff db ff 71 07 08 00 00
2025-10-25 13:19:53,18,0xff,0xdb,0xff,0x71,0x07,0x08,ff db ff 71 07 08 00 00
2025-10-25 13:19:53,18.25,0xff,0xdb,0xff,0x71,0x07,0x21,ff db ff 71 07 21 00 00
2025-10-25 13:19:53,18.25,0xff,0xdb,0xff,0x71,0x07,0x21,ff db ff 71 07 21 00 00
2025-10-25 13:19:53,18.25,0xff,0xdb,0xff,0x71,0x07,0x21,ff db ff 71 07 21 00 00
2025-10-25 13:19:53,18.25,0xff,0xdb,0xff,0x71,0x07,0x21,ff db ff 71 07 21 00 00
2025-10-25 13:19:53,18.25,0xff,0xdb,0xff,0x71,0x07,0x21,ff db ff 71 07 21 00 00
2025-10-25 13:19:53,18.56,0xff,0xdb,0xff,0x71,0x07,0x40,ff db ff 71 07 40 00 00
2025-10-25 13:19:53,18.56,0xff,0xdb,0xff,0x71,0x07,0x40,ff db ff 71 07 40 00 00
2025-10-25 13:19:53,18.56,0xff,0xdb,0xff,0x71,0x07,0x40,ff db ff 71 07 40 00 00
2025-10-25 13:19:53,18.5,0xff,0xdb,0xff,0x71,0x07,0x3a,ff db ff 71 07 3a 00 00
2025-10-25 13:19:53,18.5,0xff,0xdb,0xff,0x71,0x07,0x3a,ff db ff 71 07 3a 00 00
2025-10-25 13:19:53,18.5,0xff,0xdb,0xff,0x71,0x07,0x3a,ff db ff 71 07 3a 00 00
2025-10-25 13:19:53,18.5,0xff,0xdb,0xff,0x71,0x07,0x3a,ff db ff 71 07 3a 00 00
2025-10-25 13:19:53,18.5,0xff,0xdb,0xff,0x71,0x07,0x3a,ff db ff 71 07 3a 00 00
2025-10-25 13:19:53,18.5,0xff,0xdb,0xff,0x71,0x07,0x3a,ff db ff 71 07 3a 00 00
2025-10-25 13:19:53,18.5,0xff,0xdb,0xff,0x71,0x07,0x3a,ff db ff 71 07 3a 00 00
2025-10-25 13:19:53,18.5,0xff,0xdb,0xff,0x71,0x07,0x3a,ff db ff 71 07 3a 00 00
2025-10-25 13:19:53,18.5,0xff,0xdb,0xff,0x71,0x07,0x3a,ff db ff 71 07 3a 00 00
2025-10-25 13:19:53,18.5,0xff,0xdb,0xff,0x71,0x07,0x3a,ff db ff 71 07 3a 00 00
2025-10-25 13:19:53,18.5,0xff,0xdb,0xff,0x71,0x07,0x3a,ff db ff 71 07 3a 00 00
2025-10-25 13:19:53,18.5,0xff,0xdb,0xff,0x71,0x07,0x3a,ff db ff 71 07 3a 00 00
2025-10-25 13:19:53,18.5,0xff,0xdb,0xff,0x71,0x07,0x3a,ff db ff 71 07 3a 00 00
2025-10-25 13:19:53,18.5,0xff,0xdb,0xff,0x71,0x07,0x3a,ff db ff 71 07 3a 00 00
2025-10-25 13:19:53,18.5,0xff,0xdb,0xff,0x71,0x07,0x3a,ff db ff 71 07 3a 00 00
2025-10-25 13:19:53,18.5,0xff,0xdb,0xff,0x71,0x07,0x3a,ff db ff 71 07 3a 00 00
2025-10-25 13:19:53,18.5,0xff,0xdb,0xff,0x71,0x07,0x3a,ff db ff 71 07 3a 00 00
2025-10-25 13:19:53,18.5,0xff,0xdb,0xff,0x71,0x07,0x3a,ff db ff 71 07 3a 00 00
2025-10-25 13:19:53,18.5,0xff,0xdb,0xff,0x71,0x07,0x3a,ff db ff 71 07 3a 00 00
2025-10-25 13:19:53,18.5,0xff,0xdb,0xff,0x71,0x07,0x3a,ff db ff 71 07 3a 00 00
2025-10-25 13:19:53,18.5,0xff,0xdb,0xff,0x71,0x07,0x3a,ff db ff 71 07 3a 00 00
2025-10-25 13:19:54,18.5,0xff,0xdb,0xff,0x71,0x07,0x3a,ff db ff 71 07 3a 00 00
2025-10-25 13:19:54,18.5,0xff,0xdb,0xff,0x71,0x07,0x3a,ff db ff 71 07 3a 00 00
2025-10-25 13:19:54,18.5,0xff,0xdb,0xff,0x71,0x07,0x3a,ff db ff 71 07 3a 00 00
2025-10-25 13:19:54,18.5,0xff,0xdb,0xff,0x71,0x07,0x3a,ff db ff 71 07 3a 00 00
2025-10-25 13:19:54,18.5,0xff,0xdb,0xff,0x71,0x07,0x3a,ff db ff 71 07 3a 00 00
2025-10-25 13:19:54,18.5,0xff,0xdb,0xff,0x71,0x07,0x3a,ff db ff 71 07 3a 00 00
2025-10-25 13:19:54,18.5,0xff,0xdb,0xff,0x71,0x07,0x3a,ff db ff 71 07 3a 00 00
2025-10-25 13:19:54,18.5,0xff,0xdb,0xff,0x71,0x07,0x3a,ff db ff 71 07 3a 00 00
2025-10-25 13:19:54,18.5,0xff,0xdb,0xff,0x71,0x07,0x3a,ff db ff 71 07 3a 00 00
2025-10-25 13:19:54,18.5,0xff,0xdb,0xff,0x71,0x07,0x3a,ff db ff 71 07 3a 00 00
2025-10-25 13:19:54,18.5,0xff,0xdb,0xff,0x71,0x07,0x3a,ff db ff 71 07 3a 00 00
2025-10-25 13:19:54,18.5,0xff,0xdb,0xff,0x71,0x07,0x3a,ff db ff 71 07 3a 00 00
2025-10-25 13:19:54,18.5,0xff,0xdb,0xff,0x71,0x07,0x3a,ff db ff 71 07 3a 00 00
2025-10-25 13:19:54,18.5,0xff,0xdb,0xff,0x71,0x07,0x3a,ff db ff 71 07 3a 00 00
2025-10-25 13:19:54,18.5,0xff,0xdb,0xff,0x71,0x07,0x3a,ff db ff 71 07 3a 00 00
2025-10-25 13:19:54,19.68,0xff,0xdb,0xff,0x71,0x07,0xb0,ff db ff 71 07 b0 00 00
2025-10-25 13:19:54,19.68,0xff,0xdb,0xff,0x71,0x07,0xb0,ff db ff 71 07 b0 00 00
2025-10-25 13:19:54,19.68,0xff,0xdb,0xff,0x71,0x07,0xb0,ff db ff 71 07 b0 00 00
2025-10-25 13:19:54,20.37,0xff,0xdb,0xff,0x71,0x07,0xf5,ff db ff 71 07 f5 00 00
2025-10-25 13:19:54,20.37,0xff,0xdb,0xff,0x71,0x07,0xf5,ff db ff 71 07 f5 00 00
2025-10-25 13:19:54,21,0xff,0xdb,0xff,0x71,0x08,0x34,ff db ff 71 08 34 00 00
2025-10-25 13:19:54,21,0xff,0xdb,0xff,0x71,0x08,0x34,ff db ff 71 08 34 00 00
2025-10-25 13:19:54,21,0xff,0xdb,0xff,0x71,0x08,0x34,ff db ff 71 08 34 00 00
2025-10-25 13:19:54,21.25,0xff,0xdb,0xff,0x71,0x08,0x4d,ff db ff 71 08 4d 00 00
2025-10-25 13:19:54,21.25,0xff,0xdb,0xff,0x71,0x08,0x4d,ff db ff 71 08 4d 00 00
2025-10-25 13:19:54,21.25,0xff,0xdb,0xff,0x71,0x08,0x4d,ff db ff 71 08 4d 00 00
2025-10-25 13:19:54,21.25,0xff,0xdb,0xff,0x71,0x08,0x4d,ff db ff 71 08 4d 00 00
2025-10-25 13:19:54,21.25,0xff,0xdb,0xff,0x71,0x08,0x4d,ff db ff 71 08 4d 00 00
2025-10-25 13:19:54,21.5,0xff,0xdb,0xff,0x71,0x08,0x66,ff db ff 71 08 66 00 00
2025-10-25 13:19:54,21.5,0xff,0xdb,0xff,0x71,0x08,0x66,ff db ff 71 08 66 00 00
2025-10-25 13:19:54,21.5,0xff,0xdb,0xff,0x71,0x08,0x66,ff db ff 71 08 66 00 00
2025-10-25 13:19:54,21.5,0xff,0xdb,0xff,0x71,0x08,0x66,ff db ff 71 08 66 00 00
2025-10-25 13:19:54,21.5,0xff,0xdb,0xff,0x71,0x08,0x66,ff db ff 71 08 66 00 00
2025-10-25 13:19:54,21.5,0xff,0xdb,0xff,0x71,0x08,0x66,ff db ff 71 08 66 00 00
2025-10-25 13:19:54,21.5,0xff,0xdb,0xff,0x71,0x08,0x66,ff db ff 71 08 66 00 00
2025-10-25 13:19:54,21.5,0xff,0xdb,0xff,0x71,0x08,0x66,ff db ff 71 08 66 00 00
2025-10-25 13:19:54,21.5,0xff,0xdb,0xff,0x71,0x08,0x66,ff db ff 71 08 66 00 00
2025-10-25 13:19:54,21.5,0xff,0xdb,0xff,0x71,0x08,0x66,ff db ff 71 08 66 00 00
2025-10-25 13:19:54,21.5,0xff,0xdb,0xff,0x71,0x08,0x66,ff db ff 71 08 66 00 00
2025-10-25 13:19:54,21.5,0xff,0xdb,0xff,0x71,0x08,0x66,ff db ff 71 08 66 00 00
2025-10-25 13:19:54,21.5,0xff,0xdb,0xff,0x71,0x08,0x66,ff db ff 71 08 66 00 00
2025-10-25 13:19:54,21.5,0xff,0xdb,0xff,0x71,0x08,0x66,ff db ff 71 08 66 00 00
2025-10-25 13:19:54,21.5,0xff,0xdb,0xff,0x71,0x08,0x66,ff db ff 71 08 66 00 00
2025-10-25 13:19:54,21.5,0xff,0xdb,0xff,0x71,0x08,0x66,ff db ff 71 08 66 00 00
2025-10-25 13:19:54,21.5,0xff,0xdb,0xff,0x71,0x08,0x66,ff db ff 71 08 66 00 00
2025-10-25 13:19:54,21.5,0xff,0xdb,0xff,0x71,0x08,0x66,ff db ff 71 08 66 00 00
2025-10-25 13:19:54,21.5,0xff,0xdb,0xff,0x71,0x08,0x66,ff db ff 71 08 66 00 00
2025-10-25 13:19:54,21.5,0xff,0xdb,0xff,0x71,0x08,0x66,ff db ff 71 08 66 00 00
2025-10-25 13:19:54,21.5,0xff,0xdb,0xff,0x71,0x08,0x66,ff db ff 71 08 66 00 00
2025-10-25 13:19:54,21.5,0xff,0xdb,0xff,0x71,0x08,0x66,ff db ff 71 08 66 00 00
2025-10-25 13:19:54,21.5,0xff,0xdb,0xff,0x71,0x08,0x66,ff db ff 71 08 66 00 00
2025-10-25 13:19:54,21.5,0xff,0xdb,0xff,0x71,0x08,0x66,ff db ff 71 08 66 00 00
2025-10-25 13:19:54,21.5,0xff,0xdb,0xff,0x71,0x08,0x66,ff db ff 71 08 66 00 00
2025-10-25 13:19:55,21.5,0xff,0xdb,0xff,0x71,0x08,0x66,ff db ff 71 08 66 00 00
2025-10-25 13:19:55,21.5,0xff,0xdb,0xff,0x71,0x08,0x66,ff db ff 71 08 66 00 00
2025-10-25 13:19:55,21.5,0xff,0xdb,0xff,0x71,0x08,0x66,ff db ff 71 08 66 00 00
2025-10-25 13:19:55,21.5,0xff,0xdb,0xff,0x71,0x08,0x66,ff db ff 71 08 66 00 00
2025-10-25 13:19:55,21.5,0xff,0xdb,0xff,0x71,0x08,0x66,ff db ff 71 08 66 00 00
2025-10-25 13:19:55,21.5,0xff,0xdb,0xff,0x71,0x08,0x66,ff db ff 71 08 66 00 00
2025-10-25 13:19:55,21.5,0xff,0xdb,0xff,0x71,0x08,0x66,ff db ff 71 08 66 00 00
2025-10-25 13:19:55,21.5,0xff,0xdb,0xff,0x71,0x08,0x66,ff db ff 71 08 66 00 00
2025-10-25 13:19:55,21.5,0xff,0xdb,0xff,0x71,0x08,0x66,ff db ff 71 08 66 00 00
2025-10-25 13:19:55,21.5,0xff,0xdb,0xff,0x71,0x08,0x66,ff db ff 71 08 66 00 00
2025-10-25 13:19:55,21.5,0xff,0xdb,0xff,0x71,0x08,0x66,ff db ff 71 08 66 00 00
2025-10-25 13:19:55,21.5,0xff,0xdb,0xff,0x71,0x08,0x66,ff db ff 71 08 66 00 00
2025-10-25 13:19:55,21.5,0xff,0xdb,0xff,0x71,0x08,0x66,ff db ff 71 08 66 00 00
2025-10-25 13:19:55,21.5,0xff,0xdb,0xff,0x71,0x08,0x66,ff db ff 71 08 66 00 00
2025-10-25 13:19:55,21.5,0xff,0xdb,0xff,0x71,0x08,0x66,ff db ff 71 08 66 00 00
2025-10-25 13:19:55,21.5,0xff,0xdb,0xff,0x71,0x08,0x66,ff db ff 71 08 66 00 00
2025-10-25 13:19:55,21.5,0xff,0xdb,0xff,0x71,0x08,0x66,ff db ff 71 08 66 00 00
2025-10-25 13:19:55,21.5,0xff,0xdb,0xff,0x71,0x08,0x66,ff db ff 71 08 66 00 00
2025-10-25 13:19:55,21.5,0xff,0xdb,0xff,0x71,0x08,0x66,ff db ff 71 08 66 00 00
2025-10-25 13:19:55,21.5,0xff,0xdb,0xff,0x71,0x08,0x66,ff db ff 71 08 66 00 00
2025-10-25 13:19:55,21.5,0xff,0xdb,0xff,0x71,0x08,0x66,ff db ff 71 08 66 00 00
2025-10-25 13:19:55,21.5,0xff,0xdb,0xff,0x71,0x08,0x66,ff db ff 71 08 66 00 00
2025-10-25 13:19:55,21.5,0xff,0xdb,0xff,0x71,0x08,0x66,ff db ff 71 08 66 00 00
2025-10-25 13:19:55,21.5,0xff,0xdb,0xff,0x71,0x08,0x66,ff db ff 71 08 66 00 00
2025-10-25 13:19:55,21.5,0xff,0xdb,0xff,0x71,0x08,0x66,ff db ff 71 08 66 00 00
2025-10-25 13:19:55,21.5,0xff,0xdb,0xff,0x71,0x08,0x66,ff db ff 71 08 66 00 00
2025-10-25 13:19:55,21.5,0xff,0xdb,0xff,0x71,0x08,0x66,ff db ff 71 08 66 00 00
2025-10-25 13:19:55,21.5,0xff,0xdb,0xff,0x71,0x08,0x66,ff db ff 71 08 66 00 00
2025-10-25 13:19:55,22.75,0xff,0xdb,0xff,0x71,0x08,0xe3,ff db ff 71 08 e3 00 00
2025-10-25 13:19:55,22.75,0xff,0xdb,0xff,0x71,0x08,0xe3,ff db ff 71 08 e3 00 00
2025-10-25 13:19:55,23.31,0xff,0xdb,0xff,0x71,0x09,0x1b,ff db ff 71 09 1b 00 00
2025-10-25 13:19:55,23.31,0xff,0xdb,0xff,0x71,0x09,0x1b,ff db ff 71 09 1b 00 00
2025-10-25 13:19:55,23.56,0xff,0xdb,0xff,0x71,0x09,0x34,ff db ff 71 09 34 00 00
2025-10-25 13:19:55,23.56,0xff,0xdb,0xff,0x71,0x09,0x34,ff db ff 71 09 34 00 00
2025-10-25 13:19:55,23.56,0xff,0xdb,0xff,0x71,0x09,0x34,ff db ff 71 09 34 00 00
2025-10-25 13:19:55,23.68,0xff,0xdb,0xff,0x71,0x09,0x40,ff db ff 71 09 40 00 00
2025-10-25 13:19:55,23.68,0xff,0xdb,0xff,0x71,0x09,0x40,ff db ff 71 09 40 00 00
2025-10-25 13:19:55,23.68,0xff,0xdb,0xff,0x71,0x09,0x40,ff db ff 71 09 40 00 00
2025-10-25 13:19:55,23.93,0xff,0xdb,0xff,0x71,0x09,0x59,ff db ff 71 09 59 00 00
2025-10-25 13:19:55,23.93,0xff,0xdb,0xff,0x71,0x09,0x59,ff db ff 71 09 59 00 00
2025-10-25 13:19:55,23.93,0xff,0xdb,0xff,0x71,0x09,0x59,ff db ff 71 09 59 00 00
2025-10-25 13:19:55,23.93,0xff,0xdb,0xff,0x71,0x09,0x59,ff db ff 71 09 59 00 00
2025-10-25 13:19:55,23.93,0xff,0xdb,0xff,0x71,0x09,0x59,ff db ff 71 09 59 00 00
2025-10-25 13:19:55,24.06,0xff,0xdb,0xff,0x71,0x09,0x66,ff db ff 71 09 66 00 00
2025-10-25 13:19:55,24.06,0xff,0xdb,0xff,0x71,0x09,0x66,ff db ff 71 09 66 00 00
2025-10-25 13:19:55,24.06,0xff,0xdb,0xff,0x71,0x09,0x66,ff db ff 71 09 66 00 00
2025-10-25 13:19:55,24.06,0xff,0xdb,0xff,0x71,0x09,0x66,ff db ff 71 09 66 00 00
2025-10-25 13:19:55,24.06,0xff,0xdb,0xff,0x71,0x09,0x66,ff db ff 71 09 66 00 00
2025-10-25 13:19:55,24.06,0xff,0xdb,0xff,0x71,0x09,0x66,ff db ff 71 09 66 00 00
2025-10-25 13:19:55,24.06,0xff,0xdb,0xff,0x71,0x09,0x66,ff db ff 71 09 66 00 00
2025-10-25 13:19:55,24.06,0xff,0xdb,0xff,0x71,0x09,0x66,ff db ff 71 09 66 00 00
2025-10-25 13:19:56,24.06,0xff,0xdb,0xff,0x71,0x09,0x66,ff db ff 71 09 66 00 00
2025-10-25 13:19:56,24.06,0xff,0xdb,0xff,0x71,0x09,0x66,ff db ff 71 09 66 00 00
2025-10-25 13:19:56,24.06,0xff,0xdb,0xff,0x71,0x09,0x66,ff db ff 71 09 66 00 00
2025-10-25 13:19:56,24.06,0xff,0xdb,0xff,0x71,0x09,0x66,ff db ff 71 09 66 00 00
2025-10-25 13:19:56,24.06,0xff,0xdb,0xff,0x71,0x09,0x66,ff db ff 71 09 66 00 00
2025-10-25 13:19:56,24.06,0xff,0xdb,0xff,0x71,0x09,0x66,ff db ff 71 09 66 00 00
2025-10-25 13:19:56,24.06,0xff,0xdb,0xff,0x71,0x09,0x66,ff db ff 71 09 66 00 00
2025-10-25 13:19:56,24.06,0xff,0xdb,0xff,0x71,0x09,0x66,ff db ff 71 09 66 00 00
2025-10-25 13:19:56,24.06,0xff,0xdb,0xff,0x71,0x09,0x66,ff db ff 71 09 66 00 00
2025-10-25 13:19:56,24.06,0xff,0xdb,0xff,0x71,0x09,0x66,ff db ff 71 09 66 00 00
2025-10-25 13:19:56,24.06,0xff,0xdb,0xff,0x71,0x09,0x66,ff db ff 71 09 66 00 00
2025-10-25 13:19:56,24.06,0xff,0xdb,0xff,0x71,0x09,0x66,ff db ff 71 09 66 00 00
2025-10-25 13:19:56,24.06,0xff,0xdb,0xff,0x71,0x09,0x66,ff db ff 71 09 66 00 00
2025-10-25 13:19:56,24.06,0xff,0xdb,0xff,0x71,0x09,0x66,ff db ff 71 09 66 00 00
2025-10-25 13:19:56,24.06,0xff,0xdb,0xff,0x71,0x09,0x66,ff db ff 71 09 66 00 00
2025-10-25 13:19:56,24.06,0xff,0xdb,0xff,0x71,0x09,0x66,ff db ff 71 09 66 00 00
2025-10-25 13:19:56,24.06,0xff,0xdb,0xff,0x71,0x09,0x66,ff db ff 71 09 66 00 00
2025-10-25 13:19:56,24.06,0xff,0xdb,0xff,0x71,0x09,0x66,ff db ff 71 09 66 00 00
2025-10-25 13:19:56,24.06,0xff,0xdb,0xff,0x71,0x09,0x66,ff db ff 71 09 66 00 00
2025-10-25 13:19:56,24.06,0xff,0xdb,0xff,0x71,0x09,0x66,ff db ff 71 09 66 00 00
2025-10-25 13:19:56,24.06,0xff,0xdb,0xff,0x71,0x09,0x66,ff db ff 71 09 66 00 00
2025-10-25 13:19:56,24.06,0xff,0xdb,0xff,0x71,0x09,0x66,ff db ff 71 09 66 00 00
2025-10-25 13:19:56,24.06,0xff,0xdb,0xff,0x71,0x09,0x66,ff db ff 71 09 66 00 00
2025-10-25 13:19:56,24.06,0xff,0xdb,0xff,0x71,0x09,0x66,ff db ff 71 09 66 00 00
2025-10-25 13:19:56,24.06,0xff,0xdb,0xff,0x71,0x09,0x66,ff db ff 71 09 66 00 00
2025-10-25 13:19:56,24.06,0xff,0xdb,0xff,0x71,0x09,0x66,ff db ff 71 09 66 00 00
2025-10-25 13:19:56,24.06,0xff,0xdb,0xff,0x71,0x09,0x66,ff db ff 71 09 66 00 00
2025-10-25 13:19:56,24.06,0xff,0xdb,0xff,0x71,0x09,0x66,ff db ff 71 09 66 00 00
2025-10-25 13:19:56,24.06,0xff,0xdb,0xff,0x71,0x09,0x66,ff db ff 71 09 66 00 00
2025-10-25 13:19:56,24.06,0xff,0xdb,0xff,0x71,0x09,0x66,ff db ff 71 09 66 00 00
2025-10-25 13:19:56,24.06,0xff,0xdb,0xff,0x71,0x09,0x66,ff db ff 71 09 66 00 00
2025-10-25 13:19:56,24.06,0xff,0xdb,0xff,0x71,0x09,0x66,ff db ff 71 09 66 00 00
2025-10-25 13:19:56,24.06,0xff,0xdb,0xff,0x71,0x09,0x66,ff db ff 71 09 66 00 00
2025-10-25 13:19:56,24.06,0xff,0xdb,0xff,0x71,0x09,0x66,ff db ff 71 09 66 00 00
2025-10-25 13:19:56,25.18,0xff,0xdb,0xff,0x71,0x09,0xd6,ff db ff 71 09 d6 00 00
2025-10-25 13:19:56,25.43,0xff,0xdb,0xff,0x71,0x09,0xef,ff db ff 71 09 ef 00 00
2025-10-25 13:19:56,25.43,0xff,0xdb,0xff,0x71,0x09,0xef,ff db ff 71 09 ef 00 00
2025-10-25 13:19:56,25.43,0xff,0xdb,0xff,0x71,0x09,0xef,ff db ff 71 09 ef 00 00
2025-10-25 13:19:56,25.75,0xff,0xdb,0xff,0x71,0x0a,0x0f,ff db ff 71 0a 0f 00 00
2025-10-25 13:19:56,25.75,0xff,0xdb,0xff,0x71,0x0a,0x0f,ff db ff 71 0a 0f 00 00
2025-10-25 13:19:56,26.12,0xff,0xdb,0xff,0x71,0x0a,0x34,ff db ff 71 0a 34 00 00
2025-10-25 13:19:56,26.12,0xff,0xdb,0xff,0x71,0x0a,0x34,ff db ff 71 0a 34 00 00
2025-10-25 13:19:56,26.25,0xff,0xdb,0xff,0x71,0x0a,0x41,ff db ff 71 0a 41 00 00
2025-10-25 13:19:56,26.25,0xff,0xdb,0xff,0x71,0x0a,0x41,ff db ff 71 0a 41 00 00
2025-10-25 13:19:56,26.25,0xff,0xdb,0xff,0x71,0x0a,0x41,ff db ff 71 0a 41 00 00
2025-10-25 13:19:56,26.5,0xff,0xdb,0xff,0x71,0x0a,0x5a,ff db ff 71 0a 5a 00 00
2025-10-25 13:19:56,26.5,0xff,0xdb,0xff,0x71,0x0a,0x5a,ff db ff 71 0a 5a 00 00
2025-10-25 13:19:56,26.5,0xff,0xdb,0xff,0x71,0x0a,0x5a,ff db ff 71 0a 5a 00 00
2025-10-25 13:19:56,26.43,0xff,0xd5,0xff,0x90,0x0a,0x53,ff d5 ff 90 0a 53 00 00
2025-10-25 13:19:56,26.43,0xff,0xd5,0xff,0x90,0x0a,0x53,ff d5 ff 90 0a 53 00 00
2025-10-25 13:19:56,26.62,0xff,0xd5,0xff,0x90,0x0a,0x66,ff d5 ff 90 0a 66 00 00
2025-10-25 13:19:57,26.62,0xff,0xd5,0xff,0x90,0x0a,0x66,ff d5 ff 90 0a 66 00 00
2025-10-25 13:19:57,26.62,0xff,0xd5,0xff,0x90,0x0a,0x66,ff d5 ff 90 0a 66 00 00
2025-10-25 13:19:57,26.75,0xff,0xc8,0xff,0x77,0x0a,0x73,ff c8 ff 77 0a 73 00 00
2025-10-25 13:19:57,26.75,0xff,0xc8,0xff,0x77,0x0a,0x73,ff c8 ff 77 0a 73 00 00
2025-10-25 13:19:57,26.75,0xff,0xc8,0xff,0x77,0x0a,0x73,ff c8 ff 77 0a 73 00 00
2025-10-25 13:19:57,26.5,0xff,0xd5,0xff,0x71,0x0a,0x5a,ff d5 ff 71 0a 5a 00 00
2025-10-25 13:19:57,26.5,0xff,0xd5,0xff,0x71,0x0a,0x5a,ff d5 ff 71 0a 5a 00 00
2025-10-25 13:19:57,26.75,0xff,0xce,0xff,0x71,0x0a,0x73,ff ce ff 71 0a 73 00 00
2025-10-25 13:19:57,26.75,0xff,0xce,0xff,0x71,0x0a,0x73,ff ce ff 71 0a 73 00 00
2025-10-25 13:19:57,26.75,0xff,0xce,0xff,0x71,0x0a,0x73,ff ce ff 71 0a 73 00 00
2025-10-25 13:19:57,26.62,0xff,0xc2,0xff,0x96,0x0a,0x66,ff c2 ff 96 0a 66 00 00
2025-10-25 13:19:57,26.62,0xff,0xc2,0xff,0x96,0x0a,0x66,ff c2 ff 96 0a 66 00 00
2025-10-25 13:19:57,26.62,0xff,0xbc,0xff,0x9c,0x0a,0x66,ff bc ff 9c 0a 66 00 00
2025-10-25 13:19:57,26.62,0xff,0xbc,0xff,0x9c,0x0a,0x66,ff bc ff 9c 0a 66 00 00
2025-10-25 13:19:57,26.62,0xff,0xbc,0xff,0x9c,0x0a,0x66,ff bc ff 9c 0a 66 00 00
2025-10-25 13:19:57,26.62,0xff,0xbc,0xff,0x9c,0x0a,0x66,ff bc ff 9c 0a 66 00 00
2025-10-25 13:19:57,26.62,0xff,0xbc,0xff,0x9c,0x0a,0x66,ff bc ff 9c 0a 66 00 00
2025-10-25 13:19:57,26.62,0xff,0xbc,0xff,0x9c,0x0a,0x66,ff bc ff 9c 0a 66 00 00
2025-10-25 13:19:57,26.62,0xff,0xbc,0xff,0x9c,0x0a,0x66,ff bc ff 9c 0a 66 00 00
2025-10-25 13:19:57,26.62,0xff,0xbc,0xff,0x9c,0x0a,0x66,ff bc ff 9c 0a 66 00 00
2025-10-25 13:19:57,26.62,0xff,0xbc,0xff,0x9c,0x0a,0x66,ff bc ff 9c 0a 66 00 00
2025-10-25 13:19:57,26.62,0xff,0xbc,0xff,0x9c,0x0a,0x66,ff bc ff 9c 0a 66 00 00
2025-10-25 13:19:57,26.62,0xff,0xbc,0xff,0x9c,0x0a,0x66,ff bc ff 9c 0a 66 00 00
2025-10-25 13:19:57,26.62,0xff,0xbc,0xff,0x9c,0x0a,0x66,ff bc ff 9c 0a 66 00 00
2025-10-25 13:19:57,26.62,0xff,0xbc,0xff,0x9c,0x0a,0x66,ff bc ff 9c 0a 66 00 00
2025-10-25 13:19:57,26.62,0xff,0xbc,0xff,0x9c,0x0a,0x66,ff bc ff 9c 0a 66 00 00
2025-10-25 13:19:57,26.62,0xff,0xbc,0xff,0x9c,0x0a,0x66,ff bc ff 9c 0a 66 00 00
2025-10-25 13:19:57,26.62,0xff,0xbc,0xff,0x9c,0x0a,0x66,ff bc ff 9c 0a 66 00 00
2025-10-25 13:19:57,26.62,0xff,0xbc,0xff,0x9c,0x0a,0x66,ff bc ff 9c 0a 66 00 00
2025-10-25 13:19:57,26.62,0xff,0xbc,0xff,0x9c,0x0a,0x66,ff bc ff 9c 0a 66 00 00
2025-10-25 13:19:57,26.62,0xff,0xbc,0xff,0x9c,0x0a,0x66,ff bc ff 9c 0a 66 00 00
2025-10-25 13:19:57,26.62,0xff,0xbc,0xff,0x9c,0x0a,0x66,ff bc ff 9c 0a 66 00 00
2025-10-25 13:19:57,26.62,0xff,0xbc,0xff,0x9c,0x0a,0x66,ff bc ff 9c 0a 66 00 00
2025-10-25 13:19:57,26.62,0xff,0xbc,0xff,0x9c,0x0a,0x66,ff bc ff 9c 0a 66 00 00
2025-10-25 13:19:57,26.62,0xff,0xbc,0xff,0x9c,0x0a,0x66,ff bc ff 9c 0a 66 00 00
2025-10-25 13:19:57,26.62,0xff,0xbc,0xff,0x9c,0x0a,0x66,ff bc ff 9c 0a 66 00 00
2025-10-25 13:19:57,26.62,0xff,0xbc,0xff,0x9c,0x0a,0x66,ff bc ff 9c 0a 66 00 00
2025-10-25 13:19:57,26.62,0xff,0xbc,0xff,0x9c,0x0a,0x66,ff bc ff 9c 0a 66 00 00
2025-10-25 13:19:57,26.62,0xff,0xbc,0xff,0x9c,0x0a,0x66,ff bc ff 9c 0a 66 00 00
2025-10-25 13:19:57,26.62,0xff,0xbc,0xff,0x9c,0x0a,0x66,ff bc ff 9c 0a 66 00 00
2025-10-25 13:19:57,26.62,0xff,0xbc,0xff,0x9c,0x0a,0x66,ff bc ff 9c 0a 66 00 00
2025-10-25 13:19:57,26.62,0xff,0xbc,0xff,0x9c,0x0a,0x66,ff bc ff 9c 0a 66 00 00
2025-10-25 13:19:57,26.62,0xff,0xbc,0xff,0x9c,0x0a,0x66,ff bc ff 9c 0a 66 00 00
2025-10-25 13:19:57,26.62,0xff,0xbc,0xff,0x9c,0x0a,0x66,ff bc ff 9c 0a 66 00 00
2025-10-25 13:19:57,26.62,0xff,0xbc,0xff,0x9c,0x0a,0x66,ff bc ff 9c 0a 66 00 00
2025-10-25 13:19:57,26.62,0xff,0xbc,0xff,0x9c,0x0a,0x66,ff bc ff 9c 0a 66 00 00
2025-10-25 13:19:57,27.62,0xff,0xbc,0xff,0x9c,0x0a,0xca,ff bc ff 9c 0a ca 00 00
2025-10-25 13:19:57,27.62,0xff,0xbc,0xff,0x9c,0x0a,0xca,ff bc ff 9c 0a ca 00 00
2025-10-25 13:19:57,27.62,0xff,0xbc,0xff,0x9c,0x0a,0xca,ff bc ff 9c 0a ca 00 00
2025-10-25 13:19:57,28,0xff,0xbc,0xff,0x9c,0x0a,0xf0,ff bc ff 9c 0a f0 00 00
2025-10-25 13:19:57,28,0xff,0xbc,0xff,0x9c,0x0a,0xf0,ff bc ff 9c 0a f0 00 00
2025-10-25 13:19:57,28,0xff,0xbc,0xff,0x9c,0x0a,0xf0,ff bc ff 9c 0a f0 00 00
2025-10-25 13:19:57,28.25,0xff,0xbc,0xff,0x9c,0x0b,0x09,ff bc ff 9c 0b 09 00 00
2025-10-25 13:19:58,28.25,0xff,0xbc,0xff,0x9c,0x0b,0x09,ff bc ff 9c 0b 09 00 00
2025-10-25 13:19:58,28.75,0xff,0xbc,0xff,0x9c,0x0b,0x3b,ff bc ff 9c 0b 3b 00 00
2025-10-25 13:19:58,28.75,0xff,0xbc,0xff,0x9c,0x0b,0x3b,ff bc ff 9c 0b 3b 00 00
2025-10-25 13:19:58,28.75,0xff,0xbc,0xff,0x9c,0x0b,0x3b,ff bc ff 9c 0b 3b 00 00
2025-10-25 13:19:58,28.75,0xff,0xbc,0xff,0x9c,0x0b,0x3b,ff bc ff 9c 0b 3b 00 00
2025-10-25 13:19:58,28.75,0xff,0xbc,0xff,0x9c,0x0b,0x3b,ff bc ff 9c 0b 3b 00 00
2025-10-25 13:19:58,28.87,0xff,0xbc,0xff,0x9c,0x0b,0x47,ff bc ff 9c 0b 47 00 00
2025-10-25 13:19:58,28.87,0xff,0xbc,0xff,0x9c,0x0b,0x47,ff bc ff 9c 0b 47 00 00
2025-10-25 13:19:58,28.87,0xff,0xbc,0xff,0x9c,0x0b,0x47,ff bc ff 9c 0b 47 00 00
2025-10-25 13:19:58,28.87,0xff,0xbc,0xff,0x9c,0x0b,0x47,ff bc ff 9c 0b 47 00 00
2025-10-25 13:19:58,28.87,0xff,0xbc,0xff,0x9c,0x0b,0x47,ff bc ff 9c 0b 47 00 00
2025-10-25 13:19:58,28.87,0xff,0xbc,0xff,0x9c,0x0b,0x47,ff bc ff 9c 0b 47 00 00
2025-10-25 13:19:58,28.87,0xff,0xbc,0xff,0x9c,0x0b,0x47,ff bc ff 9c 0b 47 00 00
2025-10-25 13:19:58,28.87,0xff,0xbc,0xff,0x9c,0x0b,0x47,ff bc ff 9c 0b 47 00 00
2025-10-25 13:19:58,28.87,0xff,0xbc,0xff,0x9c,0x0b,0x47,ff bc ff 9c 0b 47 00 00
2025-10-25 13:19:58,28.87,0xff,0xbc,0xff,0x9c,0x0b,0x47,ff bc ff 9c 0b 47 00 00
2025-10-25 13:19:58,28.87,0xff,0xbc,0xff,0x9c,0x0b,0x47,ff bc ff 9c 0b 47 00 00
2025-10-25 13:19:58,28.87,0xff,0xbc,0xff,0x9c,0x0b,0x47,ff bc ff 9c 0b 47 00 00
2025-10-25 13:19:58,28.87,0xff,0xbc,0xff,0x9c,0x0b,0x47,ff bc ff 9c 0b 47 00 00
2025-10-25 13:19:58,28.87,0xff,0xbc,0xff,0x9c,0x0b,0x47,ff bc ff 9c 0b 47 00 00
2025-10-25 13:19:58,28.87,0xff,0xbc,0xff,0x9c,0x0b,0x47,ff bc ff 9c 0b 47 00 00
2025-10-25 13:19:58,28.87,0xff,0xbc,0xff,0x9c,0x0b,0x47,ff bc ff 9c 0b 47 00 00
2025-10-25 13:19:58,28.87,0xff,0xbc,0xff,0x9c,0x0b,0x47,ff bc ff 9c 0b 47 00 00
2025-10-25 13:19:58,28.87,0xff,0xbc,0xff,0x9c,0x0b,0x47,ff bc ff 9c 0b 47 00 00
2025-10-25 13:19:58,28.87,0xff,0xbc,0xff,0x9c,0x0b,0x47,ff bc ff 9c 0b 47 00 00
2025-10-25 13:19:58,28.87,0xff,0xbc,0xff,0x9c,0x0b,0x47,ff bc ff 9c 0b 47 00 00
2025-10-25 13:19:58,28.87,0xff,0xbc,0xff,0x9c,0x0b,0x47,ff bc ff 9c 0b 47 00 00
2025-10-25 13:19:58,28.87,0xff,0xbc,0xff,0x9c,0x0b,0x47,ff bc ff 9c 0b 47 00 00
2025-10-25 13:19:58,28.87,0xff,0xbc,0xff,0x9c,0x0b,0x47,ff bc ff 9c 0b 47 00 00
2025-10-25 13:19:58,28.87,0xff,0xbc,0xff,0x9c,0x0b,0x47,ff bc ff 9c 0b 47 00 00
2025-10-25 13:19:58,28.87,0xff,0xbc,0xff,0x9c,0x0b,0x47,ff bc ff 9c 0b 47 00 00
2025-10-25 13:19:58,28.87,0xff,0xbc,0xff,0x9c,0x0b,0x47,ff bc ff 9c 0b 47 00 00
2025-10-25 13:19:58,28.87,0xff,0xbc,0xff,0x9c,0x0b,0x47,ff bc ff 9c 0b 47 00 00
2025-10-25 13:19:58,28.87,0xff,0xbc,0xff,0x9c,0x0b,0x47,ff bc ff 9c 0b 47 00 00
2025-10-25 13:19:58,28.87,0xff,0xbc,0xff,0x9c,0x0b,0x47,ff bc ff 9c 0b 47 00 00
2025-10-25 13:19:58,28.87,0xff,0xbc,0xff,0x9c,0x0b,0x47,ff bc ff 9c 0b 47 00 00
2025-10-25 13:19:58,28.87,0xff,0xbc,0xff,0x9c,0x0b,0x47,ff bc ff 9c 0b 47 00 00
2025-10-25 13:19:58,28.87,0xff,0xbc,0xff,0x9c,0x0b,0x47,ff bc ff 9c 0b 47 00 00
2025-10-25 13:19:58,28.87,0xff,0xbc,0xff,0x9c,0x0b,0x47,ff bc ff 9c 0b 47 00 00
2025-10-25 13:19:58,28.87,0xff,0xbc,0xff,0x9c,0x0b,0x47,ff bc ff 9c 0b 47 00 00
2025-10-25 13:19:58,28.87,0xff,0xbc,0xff,0x9c,0x0b,0x47,ff bc ff 9c 0b 47 00 00
2025-10-25 13:19:58,28.87,0xff,0xbc,0xff,0x9c,0x0b,0x47,ff bc ff 9c 0b 47 00 00
2025-10-25 13:19:58,28.87,0xff,0xbc,0xff,0x9c,0x0b,0x47,ff bc ff 9c 0b 47 00 00
2025-10-25 13:19:58,28.87,0xff,0xbc,0xff,0x9c,0x0b,0x47,ff bc ff 9c 0b 47 00 00
2025-10-25 13:19:58,28.87,0xff,0xbc,0xff,0x9c,0x0b,0x47,ff bc ff 9c 0b 47 00 00
2025-10-25 13:19:58,28.87,0xff,0xbc,0xff,0x9c,0x0b,0x47,ff bc ff 9c 0b 47 00 00
2025-10-25 13:19:58,28.87,0xff,0xbc,0xff,0x9c,0x0b,0x47,ff bc ff 9c 0b 47 00 00
2025-10-25 13:19:58,28.87,0xff,0xbc,0xff,0x9c,0x0b,0x47,ff bc ff 9c 0b 47 00 00
2025-10-25 13:19:58,28.87,0xff,0xbc,0xff,0x9c,0x0b,0x47,ff bc ff 9c 0b 47 00 00
2025-10-25 13:19:58,28.87,0xff,0xbc,0xff,0x9c,0x0b,0x47,ff bc ff 9c 0b 47 00 00
2025-10-25 13:19:58,28.87,0xff,0xbc,0xff,0x9c,0x0b,0x47,ff bc ff 9c 0b 47 00 00
2025-10-25 13:19:59,28.87,0xff,0xbc,0xff,0x9c,0x0b,0x47,ff bc ff 9c 0b 47 00 00
2025-10-25 13:19:59,28.87,0xff,0xbc,0xff,0x9c,0x0b,0x47,ff bc ff 9c 0b 47 00 00
2025-10-25 13:19:59,28.87,0xff,0xbc,0xff,0x9c,0x0b,0x47,ff bc ff 9c 0b 47 00 00
2025-10-25 13:19:59,28.87,0xff,0xbc,0xff,0x9c,0x0b,0x47,ff bc ff 9c 0b 47 00 00
2025-10-25 13:19:59,28.87,0xff,0xbc,0xff,0x9c,0x0b,0x47,ff bc ff 9c 0b 47 00 00
2025-10-25 13:19:59,28.87,0xff,0xbc,0xff,0x9c,0x0b,0x47,ff bc ff 9c 0b 47 00 00
2025-10-25 13:19:59,28.87,0xff,0xbc,0xff,0x9c,0x0b,0x47,ff bc ff 9c 0b 47 00 00
2025-10-25 13:19:59,28.87,0xff,0xbc,0xff,0x9c,0x0b,0x47,ff bc ff 9c 0b 47 00 00
2025-10-25 13:19:59,28.87,0xff,0xbc,0xff,0x9c,0x0b,0x47,ff bc ff 9c 0b 47 00 00
2025-10-25 13:19:59,30.25,0xff,0xbc,0xff,0x9c,0x0b,0xd1,ff bc ff 9c 0b d1 00 00
2025-10-25 13:19:59,30.25,0xff,0xbc,0xff,0x9c,0x0b,0xd1,ff bc ff 9c 0b d1 00 00
2025-10-25 13:19:59,30.25,0xff,0xbc,0xff,0x9c,0x0b,0xd1,ff bc ff 9c 0b d1 00 00
2025-10-25 13:19:59,30.62,0xff,0xbc,0xff,0x9c,0x0b,0xf6,ff bc ff 9c 0b f6 00 00
2025-10-25 13:19:59,30.62,0xff,0xbc,0xff,0x9c,0x0b,0xf6,ff bc ff 9c 0b f6 00 00
2025-10-25 13:19:59,30.62,0xff,0xbc,0xff,0x9c,0x0b,0xf6,ff bc ff 9c 0b f6 00 00
2025-10-25 13:19:59,31.12,0xff,0xbc,0xff,0x9c,0x0c,0x28,ff bc ff 9c 0c 28 00 00
2025-10-25 13:19:59,31.12,0xff,0xbc,0xff,0x9c,0x0c,0x28,ff bc ff 9c 0c 28 00 00
2025-10-25 13:19:59,31.18,0xff,0xbc,0xff,0x9c,0x0c,0x2e,ff bc ff 9c 0c 2e 00 00
2025-10-25 13:19:59,31.18,0xff,0xbc,0xff,0x9c,0x0c,0x2e,ff bc ff 9c 0c 2e 00 00
2025-10-25 13:19:59,31.18,0xff,0xbc,0xff,0x9c,0x0c,0x2e,ff bc ff 9c 0c 2e 00 00
2025-10-25 13:19:59,31.56,0xff,0xbc,0xff,0x9c,0x0c,0x54,ff bc ff 9c 0c 54 00 00
2025-10-25 13:19:59,31.56,0xff,0xbc,0xff,0x9c,0x0c,0x54,ff bc ff 9c 0c 54 00 00
2025-10-25 13:19:59,31.56,0xff,0xbc,0xff,0x9c,0x0c,0x54,ff bc ff 9c 0c 54 00 00
2025-10-25 13:19:59,31.56,0xff,0xbc,0xff,0x9c,0x0c,0x54,ff bc ff 9c 0c 54 00 00
2025-10-25 13:19:59,31.56,0xff,0xbc,0xff,0x9c,0x0c,0x54,ff bc ff 9c 0c 54 00 00
2025-10-25 13:19:59,31.5,0xff,0xbc,0xff,0x9c,0x0c,0x4e,ff bc ff 9c 0c 4e 00 00
2025-10-25 13:19:59,31.5,0xff,0xbc,0xff,0x9c,0x0c,0x4e,ff bc ff 9c 0c 4e 00 00
2025-10-25 13:19:59,31.5,0xff,0xbc,0xff,0x9c,0x0c,0x4e,ff bc ff 9c 0c 4e 00 00
2025-10-25 13:19:59,31.5,0xff,0xbc,0xff,0x9c,0x0c,0x4e,ff bc ff 9c 0c 4e 00 00
2025-10-25 13:19:59,31.5,0xff,0xbc,0xff,0x9c,0x0c,0x4e,ff bc ff 9c 0c 4e 00 00
2025-10-25 13:19:59,31.5,0xff,0xbc,0xff,0x9c,0x0c,0x4e,ff bc ff 9c 0c 4e 00 00
2025-10-25 13:19:59,31.5,0xff,0xbc,0xff,0x9c,0x0c,0x4e,ff bc ff 9c 0c 4e 00 00
2025-10-25 13:19:59,31.5,0xff,0xbc,0xff,0x9c,0x0c,0x4e,ff bc ff 9c 0c 4e 00 00
2025-10-25 13:19:59,31.5,0xff,0xbc,0xff,0x9c,0x0c,0x4e,ff bc ff 9c 0c 4e 00 00
2025-10-25 13:19:59,31.5,0xff,0xbc,0xff,0x9c,0x0c,0x4e,ff bc ff 9c 0c 4e 00 00
2025-10-25 13:19:59,31.5,0xff,0xbc,0xff,0x9c,0x0c,0x4e,ff bc ff 9c 0c 4e 00 00
2025-10-25 13:19:59,31.5,0xff,0xbc,0xff,0x9c,0x0c,0x4e,ff bc ff 9c 0c 4e 00 00
2025-10-25 13:19:59,31.5,0xff,0xbc,0xff,0x9c,0x0c,0x4e,ff bc ff 9c 0c 4e 00 00
2025-10-25 13:19:59,31.5,0xff,0xbc,0xff,0x9c,0x0c,0x4e,ff bc ff 9c 0c 4e 00 00
2025-10-25 13:19:59,31.5,0xff,0xbc,0xff,0x9c,0x0c,0x4e,ff bc ff 9c 0c 4e 00 00
2025-10-25 13:19:59,31.5,0xff,0xbc,0xff,0x9c,0x0c,0x4e,ff bc ff 9c 0c 4e 00 00
2025-10-25 13:19:59,31.5,0xff,0xbc,0xff,0x9c,0x0c,0x4e,ff bc ff 9c 0c 4e 00 00
2025-10-25 13:19:59,31.5,0xff,0xbc,0xff,0x9c,0x0c,0x4e,ff bc ff 9c 0c 4e 00 00
2025-10-25 13:19:59,31.5,0xff,0xbc,0xff,0x9c,0x0c,0x4e,ff bc ff 9c 0c 4e 00 00
2025-10-25 13:19:59,31.5,0xff,0xbc,0xff,0x9c,0x0c,0x4e,ff bc ff 9c 0c 4e 00 00
2025-10-25 13:19:59,31.5,0xff,0xbc,0xff,0x9c,0x0c,0x4e,ff bc ff 9c 0c 4e 00 00
2025-10-25 13:19:59,31.5,0xff,0xbc,0xff,0x9c,0x0c,0x4e,ff bc ff 9c 0c 4e 00 00
2025-10-25 13:19:59,31.5,0xff,0xbc,0xff,0x9c,0x0c,0x4e,ff bc ff 9c 0c 4e 00 00
2025-10-25 13:19:59,31.5,0xff,0xbc,0xff,0x9c,0x0c,0x4e,ff bc ff 9c 0c 4e 00 00
2025-10-25 13:19:59,31.5,0xff,0xbc,0xff,0x9c,0x0c,0x4e,ff bc ff 9c 0c 4e 00 00
2025-10-25 13:19:59,31.5,0xff,0xbc,0xff,0x9c,0x0c,0x4e,ff bc ff 9c 0c 4e 00 00
2025-10-25 13:19:59,31.5,0xff,0xbc,0xff,0x9c,0x0c,0x4e,ff bc ff 9c 0c 4e 00 00
2025-10-25 13:20:00,31.5,0xff,0xbc,0xff,0x9c,0x0c,0x4e,ff bc ff 9c 0c 4e 00 00
2025-10-25 13:20:00,31.5,0xff,0xbc,0xff,0x9c,0x0c,0x4e,ff bc ff 9c 0c 4e 00 00
2025-10-25 13:20:00,31.5,0xff,0xbc,0xff,0x9c,0x0c,0x4e,ff bc ff 9c 0c 4e 00 00
2025-10-25 13:20:00,31.5,0xff,0xbc,0xff,0x9c,0x0c,0x4e,ff bc ff 9c 0c 4e 00 00
2025-10-25 13:20:00,31.5,0xff,0xbc,0xff,0x9c,0x0c,0x4e,ff bc ff 9c 0c 4e 00 00
2025-10-25 13:20:00,31.5,0xff,0xbc,0xff,0x9c,0x0c,0x4e,ff bc ff 9c 0c 4e 00 00
2025-10-25 13:20:00,31.5,0xff,0xbc,0xff,0x9c,0x0c,0x4e,ff bc ff 9c 0c 4e 00 00
2025-10-25 13:20:00,31.5,0xff,0xbc,0xff,0x9c,0x0c,0x4e,ff bc ff 9c 0c 4e 00 00
2025-10-25 13:20:00,31.5,0xff,0xbc,0xff,0x9c,0x0c,0x4e,ff bc ff 9c 0c 4e 00 00
2025-10-25 13:20:00,31.5,0xff,0xbc,0xff,0x9c,0x0c,0x4e,ff bc ff 9c 0c 4e 00 00
2025-10-25 13:20:00,31.5,0xff,0xbc,0xff,0x9c,0x0c,0x4e,ff bc ff 9c 0c 4e 00 00
2025-10-25 13:20:00,31.5,0xff,0xbc,0xff,0x9c,0x0c,0x4e,ff bc ff 9c 0c 4e 00 00
2025-10-25 13:20:00,31.5,0xff,0xbc,0xff,0x9c,0x0c,0x4e,ff bc ff 9c 0c 4e 00 00
2025-10-25 13:20:00,31.5,0xff,0xbc,0xff,0x9c,0x0c,0x4e,ff bc ff 9c 0c 4e 00 00
2025-10-25 13:20:00,31.5,0xff,0xbc,0xff,0x9c,0x0c,0x4e,ff bc ff 9c 0c 4e 00 00
2025-10-25 13:20:00,31.5,0xff,0xbc,0xff,0x9c,0x0c,0x4e,ff bc ff 9c 0c 4e 00 00
2025-10-25 13:20:00,31.5,0xff,0xbc,0xff,0x9c,0x0c,0x4e,ff bc ff 9c 0c 4e 00 00
2025-10-25 13:20:00,31.5,0xff,0xbc,0xff,0x9c,0x0c,0x4e,ff bc ff 9c 0c 4e 00 00
2025-10-25 13:20:00,31.5,0xff,0xbc,0xff,0x9c,0x0c,0x4e,ff bc ff 9c 0c 4e 00 00
2025-10-25 13:20:00,31.5,0xff,0xbc,0xff,0x9c,0x0c,0x4e,ff bc ff 9c 0c 4e 00 00
2025-10-25 13:20:00,31.5,0xff,0xbc,0xff,0x9c,0x0c,0x4e,ff bc ff 9c 0c 4e 00 00
2025-10-25 13:20:00,31.5,0xff,0xbc,0xff,0x9c,0x0c,0x4e,ff bc ff 9c 0c 4e 00 00
2025-10-25 13:20:00,31.5,0xff,0xbc,0xff,0x9c,0x0c,0x4e,ff bc ff 9c 0c 4e 00 00
2025-10-25 13:20:00,31.5,0xff,0xbc,0xff,0x9c,0x0c,0x4e,ff bc ff 9c 0c 4e 00 00
2025-10-25 13:20:00,31.5,0xff,0xbc,0xff,0x9c,0x0c,0x4e,ff bc ff 9c 0c 4e 00 00
2025-10-25 13:20:00,31.5,0xff,0xbc,0xff,0x9c,0x0c,0x4e,ff bc ff 9c 0c 4e 00 00
2025-10-25 13:20:00,31.5,0xff,0xbc,0xff,0x9c,0x0c,0x4e,ff bc ff 9c 0c 4e 00 00
2025-10-25 13:20:00,31.5,0xff,0xbc,0xff,0x9c,0x0c,0x4e,ff bc ff 9c 0c 4e 00 00
2025-10-25 13:20:00,31.5,0xff,0xbc,0xff,0x9c,0x0c,0x4e,ff bc ff 9c 0c 4e 00 00
2025-10-25 13:20:00,31.5,0xff,0xbc,0xff,0x9c,0x0c,0x4e,ff bc ff 9c 0c 4e 00 00
2025-10-25 13:20:00,31.5,0xff,0xbc,0xff,0x9c,0x0c,0x4e,ff bc ff 9c 0c 4e 00 00
2025-10-25 13:20:00,31.5,0xff,0xbc,0xff,0x9c,0x0c,0x4e,ff bc ff 9c 0c 4e 00 00
2025-10-25 13:20:00,31.5,0xff,0xbc,0xff,0x9c,0x0c,0x4e,ff bc ff 9c 0c 4e 00 00
2025-10-25 13:20:00,31.5,0xff,0xbc,0xff,0x9c,0x0c,0x4e,ff bc ff 9c 0c 4e 00 00
2025-10-25 13:20:00,31.5,0xff,0xbc,0xff,0x9c,0x0c,0x4e,ff bc ff 9c 0c 4e 00 00
2025-10-25 13:20:00,31.5,0xff,0xbc,0xff,0x9c,0x0c,0x4e,ff bc ff 9c 0c 4e 00 00
2025-10-25 13:20:00,31.5,0xff,0xbc,0xff,0x9c,0x0c,0x4e,ff bc ff 9c 0c 4e 00 00
2025-10-25 13:20:00,31.5,0xff,0xbc,0xff,0x9c,0x0c,0x4e,ff bc ff 9c 0c 4e 00 00
2025-10-25 13:20:00,31.5,0xff,0xbc,0xff,0x9c,0x0c,0x4e,ff bc ff 9c 0c 4e 00 00
2025-10-25 13:20:00,31.5,0xff,0xbc,0xff,0x9c,0x0c,0x4e,ff bc ff 9c 0c 4e 00 00
2025-10-25 13:20:00,31.5,0xff,0xbc,0xff,0x9c,0x0c,0x4e,ff bc ff 9c 0c 4e 00 00
2025-10-25 13:20:00,31.5,0xff,0xbc,0xff,0x9c,0x0c,0x4e,ff bc ff 9c 0c 4e 00 00
2025-10-25 13:20:00,31.5,0xff,0xbc,0xff,0x9c,0x0c,0x4e,ff bc ff 9c 0c 4e 00 00
2025-10-25 13:20:00,31.5,0xff,0xbc,0xff,0x9c,0x0c,0x4e,ff bc ff 9c 0c 4e 00 00
2025-10-25 13:20:00,31.5,0xff,0xbc,0xff,0x9c,0x0c,0x4e,ff bc ff 9c 0c 4e 00 00
2025-10-25 13:20:00,31.5,0xff,0xbc,0xff,0x9c,0x0c,0x4e,ff bc ff 9c 0c 4e 00 00
2025-10-25 13:20:00,31.5,0xff,0xbc,0xff,0x9c,0x0c,0x4e,ff bc ff 9c 0c 4e 00 00
2025-10-25 13:20:00,31.5,0xff,0xbc,0xff,0x9c,0x0c,0x4e,ff bc ff 9c 0c 4e 00 00
2025-10-25 13:20:00,31.5,0xff,0xbc,0xff,0x9c,0x0c,0x4e,ff bc ff 9c 0c 4e 00 00
2025-10-25 13:20:00,31.5,0xff,0xbc,0xff,0x9c,0x0c,0x4e,ff bc ff 9c 0c 4e 00 00
2025-10-25 13:20:00,31.5,0xff,0xbc,0xff,0x9c,0x0c,0x4e,ff bc ff 9c 0c 4e 00 00
2025-10-25 13:20:01,31.5,0xff,0xbc,0xff,0x9c,0x0c,0x4e,ff bc ff 9c 0c 4e 00 00
2025-10-25 13:20:01,31.5,0xff,0xbc,0xff,0x9c,0x0c,0x4e,ff bc ff 9c 0c 4e 00 00
2025-10-25 13:20:01,31.5,0xff,0xbc,0xff,0x9c,0x0c,0x4e,ff bc ff 9c 0c 4e 00 00
2025-10-25 13:20:01,31.5,0xff,0xbc,0xff,0x9c,0x0c,0x4e,ff bc ff 9c 0c 4e 00 00
2025-10-25 13:20:01,31.5,0xff,0xbc,0xff,0x9c,0x0c,0x4e,ff bc ff 9c 0c 4e 00 00
2025-10-25 13:20:01,31.5,0xff,0xbc,0xff,0x9c,0x0c,0x4e,ff bc ff 9c 0c 4e 00 00
2025-10-25 13:20:01,31.5,0xff,0xbc,0xff,0x9c,0x0c,0x4e,ff bc ff 9c 0c 4e 00 00
2025-10-25 13:20:01,31.5,0xff,0xbc,0xff,0x9c,0x0c,0x4e,ff bc ff 9c 0c 4e 00 00
2025-10-25 13:20:01,31.5,0xff,0xbc,0xff,0x9c,0x0c,0x4e,ff bc ff 9c 0c 4e 00 00
2025-10-25 13:20:01,31.5,0xff,0xbc,0xff,0x9c,0x0c,0x4e,ff bc ff 9c 0c 4e 00 00
2025-10-25 13:20:01,31.5,0xff,0xbc,0xff,0x9c,0x0c,0x4e,ff bc ff 9c 0c 4e 00 00
2025-10-25 13:20:01,31.5,0xff,0xbc,0xff,0x9c,0x0c,0x4e,ff bc ff 9c 0c 4e 00 00
2025-10-25 13:20:01,32.87,0xff,0xbc,0xff,0x9c,0x0c,0xd7,ff bc ff 9c 0c d7 00 00
2025-10-25 13:20:01,32.87,0xff,0xbc,0xff,0x9c,0x0c,0xd7,ff bc ff 9c 0c d7 00 00
2025-10-25 13:20:01,32.87,0xff,0xbc,0xff,0x9c,0x0c,0xd7,ff bc ff 9c 0c d7 00 00
2025-10-25 13:20:01,33.25,0xff,0xbc,0xff,0x9c,0x0c,0xfd,ff bc ff 9c 0c fd 00 00
2025-10-25 13:20:01,33.25,0xff,0xbc,0xff,0x9c,0x0c,0xfd,ff bc ff 9c 0c fd 00 00
2025-10-25 13:20:01,25.88,0xff,0xbc,0xff,0x9c,0x0a,0x1c,ff bc ff 9c 0a 1c 00 00
2025-10-25 13:20:01,25.88,0xff,0xbc,0xff,0x9c,0x0a,0x1c,ff bc ff 9c 0a 1c 00 00
2025-10-25 13:20:01,25.88,0xff,0xbc,0xff,0x9c,0x0a,0x1c,ff bc ff 9c 0a 1c 00 00
2025-10-25 13:20:01,25.88,0xff,0xbc,0xff,0x9c,0x0a,0x1c,ff bc ff 9c 0a 1c 00 00
2025-10-25 13:20:01,25.88,0xff,0xbc,0xff,0x9c,0x0a,0x1c,ff bc ff 9c 0a 1c 00 00
2025-10-25 13:20:01,25.88,0xff,0xbc,0xff,0x9c,0x0a,0x1c,ff bc ff 9c 0a 1c 00 00
2025-10-25 13:20:01,25.88,0xff,0xbc,0xff,0x9c,0x0a,0x1c,ff bc ff 9c 0a 1c 00 00
2025-10-25 13:20:01,25.88,0xff,0xbc,0xff,0x9c,0x0a,0x1c,ff bc ff 9c 0a 1c 00 00
2025-10-25 13:20:01,26.07,0xff,0xbc,0xff,0x9c,0x0a,0x2f,ff bc ff 9c 0a 2f 00 00
2025-10-25 13:20:01,26.07,0xff,0xbc,0xff,0x9c,0x0a,0x2f,ff bc ff 9c 0a 2f 00 00
2025-10-25 13:20:01,26.69,0xff,0xbc,0xff,0x9c,0x0a,0x6d,ff bc ff 9c 0a 6d 00 00
2025-10-25 13:20:01,26.69,0xff,0xbc,0xff,0x9c,0x0a,0x6d,ff bc ff 9c 0a 6d 00 00
2025-10-25 13:20:01,26.69,0xff,0xbc,0xff,0x9c,0x0a,0x6d,ff bc ff 9c 0a 6d 00 00
2025-10-25 13:20:01,26.69,0xff,0xbc,0xff,0x9c,0x0a,0x6d,ff bc ff 9c 0a 6d 00 00
2025-10-25 13:20:01,26.69,0xff,0xbc,0xff,0x9c,0x0a,0x6d,ff bc ff 9c 0a 6d 00 00
2025-10-25 13:20:01,26.69,0xff,0xbc,0xff,0x9c,0x0a,0x6d,ff bc ff 9c 0a 6d 00 00
2025-10-25 13:20:01,26.69,0xff,0xbc,0xff,0x9c,0x0a,0x6d,ff bc ff 9c 0a 6d 00 00
2025-10-25 13:20:01,26.69,0xff,0xbc,0xff,0x9c,0x0a,0x6d,ff bc ff 9c 0a 6d 00 00
2025-10-25 13:20:01,26.69,0xff,0xbc,0xff,0x9c,0x0a,0x6d,ff bc ff 9c 0a 6d 00 00
2025-10-25 13:20:01,26.69,0xff,0xbc,0xff,0x9c,0x0a,0x6d,ff bc ff 9c 0a 6d 00 00
2025-10-25 13:20:01,26.69,0xff,0xbc,0xff,0x9c,0x0a,0x6d,ff bc ff 9c 0a 6d 00 00
2025-10-25 13:20:01,26.69,0xff,0xbc,0xff,0x9c,0x0a,0x6d,ff bc ff 9c 0a 6d 00 00
2025-10-25 13:20:01,26.69,0xff,0xbc,0xff,0x9c,0x0a,0x6d,ff bc ff 9c 0a 6d 00 00
2025-10-25 13:20:01,26.69,0xff,0xbc,0xff,0x9c,0x0a,0x6d,ff bc ff 9c 0a 6d 00 00
2025-10-25 13:20:01,26.69,0xff,0xbc,0xff,0x9c,0x0a,0x6d,ff bc ff 9c 0a 6d 00 00
2025-10-25 13:20:01,26.69,0xff,0xbc,0xff,0x9c,0x0a,0x6d,ff bc ff 9c 0a 6d 00 00
2025-10-25 13:20:01,26.69,0xff,0xbc,0xff,0x9c,0x0a,0x6d,ff bc ff 9c 0a 6d 00 00
2025-10-25 13:20:01,26.69,0xff,0xbc,0xff,0x9c,0x0a,0x6d,ff bc ff 9c 0a 6d 00 00
2025-10-25 13:20:01,26.69,0xff,0xbc,0xff,0x9c,0x0a,0x6d,ff bc ff 9c 0a 6d 00 00
2025-10-25 13:20:01,26.69,0xff,0xbc,0xff,0x9c,0x0a,0x6d,ff bc ff 9c 0a 6d 00 00
2025-10-25 13:20:01,26.69,0xff,0xbc,0xff,0x9c,0x0a,0x6d,ff bc ff 9c 0a 6d 00 00
2025-10-25 13:20:01,26.69,0xff,0xbc,0xff,0x9c,0x0a,0x6d,ff bc ff 9c 0a 6d 00 00
2025-10-25 13:20:01,26.69,0xff,0xbc,0xff,0x9c,0x0a,0x6d,ff bc ff 9c 0a 6d 00 00
2025-10-25 13:20:01,26.69,0xff,0xbc,0xff,0x9c,0x0a,0x6d,ff bc ff 9c 0a 6d 00 00
2025-10-25 13:20:01,26.69,0xff,0xbc,0xff,0x9c,0x0a,0x6d,ff bc ff 9c 0a 6d 00 00
2025-10-25 13:20:02,26.69,0xff,0xbc,0xff,0x9c,0x0a,0x6d,ff bc ff 9c 0a 6d 00 00
2025-10-25 13:20:02,26.69,0xff,0xbc,0xff,0x9c,0x0a,0x6d,ff bc ff 9c 0a 6d 00 00
2025-10-25 13:20:02,26.69,0xff,0xbc,0xff,0x9c,0x0a,0x6d,ff bc ff 9c 0a 6d 00 00
2025-10-25 13:20:02,26.69,0xff,0xbc,0xff,0x9c,0x0a,0x6d,ff bc ff 9c 0a 6d 00 00
2025-10-25 13:20:02,26.69,0xff,0xbc,0xff,0x9c,0x0a,0x6d,ff bc ff 9c 0a 6d 00 00
2025-10-25 13:20:02,26.69,0xff,0xbc,0xff,0x9c,0x0a,0x6d,ff bc ff 9c 0a 6d 00 00
2025-10-25 13:20:02,26.69,0xff,0xbc,0xff,0x9c,0x0a,0x6d,ff bc ff 9c 0a 6d 00 00
2025-10-25 13:20:02,26.69,0xff,0xbc,0xff,0x9c,0x0a,0x6d,ff bc ff 9c 0a 6d 00 00
2025-10-25 13:20:02,26.69,0xff,0xbc,0xff,0x9c,0x0a,0x6d,ff bc ff 9c 0a 6d 00 00
2025-10-25 13:20:02,26.69,0xff,0xbc,0xff,0x9c,0x0a,0x6d,ff bc ff 9c 0a 6d 00 00
2025-10-25 13:20:02,26.69,0xff,0xbc,0xff,0x9c,0x0a,0x6d,ff bc ff 9c 0a 6d 00 00
2025-10-25 13:20:02,26.69,0xff,0xbc,0xff,0x9c,0x0a,0x6d,ff bc ff 9c 0a 6d 00 00
2025-10-25 13:20:02,26.69,0xff,0xbc,0xff,0x9c,0x0a,0x6d,ff bc ff 9c 0a 6d 00 00
2025-10-25 13:20:02,26.69,0xff,0xbc,0xff,0x9c,0x0a,0x6d,ff bc ff 9c 0a 6d 00 00
2025-10-25 13:20:02,26.69,0xff,0xbc,0xff,0x9c,0x0a,0x6d,ff bc ff 9c 0a 6d 00 00
2025-10-25 13:20:02,26.69,0xff,0xbc,0xff,0x9c,0x0a,0x6d,ff bc ff 9c 0a 6d 00 00
2025-10-25 13:20:02,26.69,0xff,0xbc,0xff,0x9c,0x0a,0x6d,ff bc ff 9c 0a 6d 00 00
2025-10-25 13:20:02,26.69,0xff,0xbc,0xff,0x9c,0x0a,0x6d,ff bc ff 9c 0a 6d 00 00
2025-10-25 13:20:02,26.69,0xff,0xbc,0xff,0x9c,0x0a,0x6d,ff bc ff 9c 0a 6d 00 00
2025-10-25 13:20:02,26.69,0xff,0xbc,0xff,0x9c,0x0a,0x6d,ff bc ff 9c 0a 6d 00 00
2025-10-25 13:20:02,26.69,0xff,0xbc,0xff,0x9c,0x0a,0x6d,ff bc ff 9c 0a 6d 00 00
2025-10-25 13:20:02,26.69,0xff,0xbc,0xff,0x9c,0x0a,0x6d,ff bc ff 9c 0a 6d 00 00
2025-10-25 13:20:02,26.69,0xff,0xbc,0xff,0x9c,0x0a,0x6d,ff bc ff 9c 0a 6d 00 00
2025-10-25 13:20:02,26.69,0xff,0xbc,0xff,0x9c,0x0a,0x6d,ff bc ff 9c 0a 6d 00 00
2025-10-25 13:20:02,26.69,0xff,0xbc,0xff,0x9c,0x0a,0x6d,ff bc ff 9c 0a 6d 00 00
2025-10-25 13:20:02,26.69,0xff,0xbc,0xff,0x9c,0x0a,0x6d,ff bc ff 9c 0a 6d 00 00
2025-10-25 13:20:02,26.69,0xff,0xbc,0xff,0x9c,0x0a,0x6d,ff bc ff 9c 0a 6d 00 00
2025-10-25 13:20:02,26.69,0xff,0xbc,0xff,0x9c,0x0a,0x6d,ff bc ff 9c 0a 6d 00 00
2025-10-25 13:20:02,26.69,0xff,0xbc,0xff,0x9c,0x0a,0x6d,ff bc ff 9c 0a 6d 00 00
2025-10-25 13:20:02,26.69,0xff,0xbc,0xff,0x9c,0x0a,0x6d,ff bc ff 9c 0a 6d 00 00
2025-10-25 13:20:02,26.69,0xff,0xbc,0xff,0x9c,0x0a,0x6d,ff bc ff 9c 0a 6d 00 00
2025-10-25 13:20:02,26.69,0xff,0xbc,0xff,0x9c,0x0a,0x6d,ff bc ff 9c 0a 6d 00 00
2025-10-25 13:20:02,26.69,0xff,0xbc,0xff,0x9c,0x0a,0x6d,ff bc ff 9c 0a 6d 00 00
2025-10-25 13:20:02,26.69,0xff,0xbc,0xff,0x9c,0x0a,0x6d,ff bc ff 9c 0a 6d 00 00
2025-10-25 13:20:02,26.69,0xff,0xbc,0xff,0x9c,0x0a,0x6d,ff bc ff 9c 0a 6d 00 00
2025-10-25 13:20:02,26.69,0xff,0xbc,0xff,0x9c,0x0a,0x6d,ff bc ff 9c 0a 6d 00 00
2025-10-25 13:20:02,26.69,0xff,0xbc,0xff,0x9c,0x0a,0x6d,ff bc ff 9c 0a 6d 00 00
2025-10-25 13:20:02,26.69,0xff,0xbc,0xff,0x9c,0x0a,0x6d,ff bc ff 9c 0a 6d 00 00
2025-10-25 13:20:02,26.69,0xff,0xbc,0xff,0x9c,0x0a,0x6d,ff bc ff 9c 0a 6d 00 00
2025-10-25 13:20:02,26.69,0xff,0xbc,0xff,0x9c,0x0a,0x6d,ff bc ff 9c 0a 6d 00 00
2025-10-25 13:20:02,26.69,0xff,0xbc,0xff,0x9c,0x0a,0x6d,ff bc ff 9c 0a 6d 00 00
2025-10-25 13:20:02,26.69,0xff,0xbc,0xff,0x9c,0x0a,0x6d,ff bc ff 9c 0a 6d 00 00
2025-10-25 13:20:02,26.69,0xff,0xbc,0xff,0x9c,0x0a,0x6d,ff bc ff 9c 0a 6d 00 00
2025-10-25 13:20:02,28.07,0xff,0xbc,0xff,0x9c,0x0a,0xf7,ff bc ff 9c 0a f7 00 00
2025-10-25 13:20:02,28.07,0xff,0xbc,0xff,0x9c,0x0a,0xf7,ff bc ff 9c 0a f7 00 00
2025-10-25 13:20:02,28.07,0xff,0xbc,0xff,0x9c,0x0a,0xf7,ff bc ff 9c 0a f7 00 00
2025-10-25 13:20:02,36.18,0xff,0xbc,0xff,0x9c,0x0e,0x22,ff bc ff 9c 0e 22 00 00
2025-10-25 13:20:02,36.18,0xff,0xbc,0xff,0x9c,0x0e,0x22,ff bc ff 9c 0e 22 00 00
2025-10-25 13:20:02,36.37,0xff,0xbc,0xff,0x9c,0x0e,0x35,ff bc ff 9c 0e 35 00 00
2025-10-25 13:20:02,36.37,0xff,0xbc,0xff,0x9c,0x0e,0x35,ff bc ff 9c 0e 35 00 00
2025-10-25 13:20:02,36.37,0xff,0xbc,0xff,0x9c,0x0e,0x35,ff bc ff 9c 0e 35 00 00
2025-10-25 13:20:02,36.31,0xff,0xbc,0xff,0x9c,0x0e,0x2f,ff bc ff 9c 0e 2f 00 00
2025-10-25 13:20:03,36.31,0xff,0xbc,0xff,0x9c,0x0e,0x2f,ff bc ff 9c 0e 2f 00 00
2025-10-25 13:20:03,36.5,0xff,0xbc,0xff,0x9c,0x0e,0x42,ff bc ff 9c 0e 42 00 00
2025-10-25 13:20:03,36.5,0xff,0xbc,0xff,0x9c,0x0e,0x42,ff bc ff 9c 0e 42 00 00
2025-10-25 13:20:03,36.5,0xff,0xbc,0xff,0x9c,0x0e,0x42,ff bc ff 9c 0e 42 00 00
2025-10-25 13:20:03,36.5,0xff,0xbc,0xff,0x9c,0x0e,0x42,ff bc ff 9c 0e 42 00 00
2025-10-25 13:20:03,36.5,0xff,0xbc,0xff,0x9c,0x0e,0x42,ff bc ff 9c 0e 42 00 00
2025-10-25 13:20:03,36.5,0xff,0xbc,0xff,0x9c,0x0e,0x42,ff bc ff 9c 0e 42 00 00
2025-10-25 13:20:03,36.5,0xff,0xbc,0xff,0x9c,0x0e,0x42,ff bc ff 9c 0e 42 00 00
2025-10-25 13:20:03,36.5,0xff,0xbc,0xff,0x9c,0x0e,0x42,ff bc ff 9c 0e 42 00 00
2025-10-25 13:20:03,36.5,0xff,0xbc,0xff,0x9c,0x0e,0x42,ff bc ff 9c 0e 42 00 00
2025-10-25 13:20:03,36.5,0xff,0xbc,0xff,0x9c,0x0e,0x42,ff bc ff 9c 0e 42 00 00
2025-10-25 13:20:03,36.5,0xff,0xbc,0xff,0x9c,0x0e,0x42,ff bc ff 9c 0e 42 00 00
2025-10-25 13:20:03,36.5,0xff,0xbc,0xff,0x9c,0x0e,0x42,ff bc ff 9c 0e 42 00 00
2025-10-25 13:20:03,36.5,0xff,0xbc,0xff,0x9c,0x0e,0x42,ff bc ff 9c 0e 42 00 00
2025-10-25 13:20:03,36.5,0xff,0xbc,0xff,0x9c,0x0e,0x42,ff bc ff 9c 0e 42 00 00
2025-10-25 13:20:03,36.5,0xff,0xbc,0xff,0x9c,0x0e,0x42,ff bc ff 9c 0e 42 00 00
2025-10-25 13:20:03,36.5,0xff,0xbc,0xff,0x9c,0x0e,0x42,ff bc ff 9c 0e 42 00 00
2025-10-25 13:20:03,36.5,0xff,0xbc,0xff,0x9c,0x0e,0x42,ff bc ff 9c 0e 42 00 00
2025-10-25 13:20:03,36.5,0xff,0xbc,0xff,0x9c,0x0e,0x42,ff bc ff 9c 0e 42 00 00
2025-10-25 13:20:03,36.5,0xff,0xbc,0xff,0x9c,0x0e,0x42,ff bc ff 9c 0e 42 00 00
2025-10-25 13:20:03,36.5,0xff,0xbc,0xff,0x9c,0x0e,0x42,ff bc ff 9c 0e 42 00 00
2025-10-25 13:20:03,36.5,0xff,0xbc,0xff,0x9c,0x0e,0x42,ff bc ff 9c 0e 42 00 00
2025-10-25 13:20:03,36.5,0xff,0xbc,0xff,0x9c,0x0e,0x42,ff bc ff 9c 0e 42 00 00
2025-10-25 13:20:03,36.5,0xff,0xbc,0xff,0x9c,0x0e,0x42,ff bc ff 9c 0e 42 00 00
2025-10-25 13:20:03,36.5,0xff,0xbc,0xff,0x9c,0x0e,0x42,ff bc ff 9c 0e 42 00 00
2025-10-25 13:20:03,36.5,0xff,0xbc,0xff,0x9c,0x0e,0x42,ff bc ff 9c 0e 42 00 00
2025-10-25 13:20:03,36.5,0xff,0xbc,0xff,0x9c,0x0e,0x42,ff bc ff 9c 0e 42 00 00
2025-10-25 13:20:03,36.5,0xff,0xbc,0xff,0x9c,0x0e,0x42,ff bc ff 9c 0e 42 00 00
2025-10-25 13:20:03,36.5,0xff,0xbc,0xff,0x9c,0x0e,0x42,ff bc ff 9c 0e 42 00 00
2025-10-25 13:20:03,36.5,0xff,0xbc,0xff,0x9c,0x0e,0x42,ff bc ff 9c 0e 42 00 00
2025-10-25 13:20:03,36.5,0xff,0xbc,0xff,0x9c,0x0e,0x42,ff bc ff 9c 0e 42 00 00
2025-10-25 13:20:03,36.5,0xff,0xbc,0xff,0x9c,0x0e,0x42,ff bc ff 9c 0e 42 00 00
2025-10-25 13:20:03,36.5,0xff,0xbc,0xff,0x9c,0x0e,0x42,ff bc ff 9c 0e 42 00 00
2025-10-25 13:20:03,36.5,0xff,0xbc,0xff,0x9c,0x0e,0x42,ff bc ff 9c 0e 42 00 00
2025-10-25 13:20:03,36.5,0xff,0xbc,0xff,0x9c,0x0e,0x42,ff bc ff 9c 0e 42 00 00
2025-10-25 13:20:03,36.5,0xff,0xbc,0xff,0x9c,0x0e,0x42,ff bc ff 9c 0e 42 00 00
2025-10-25 13:20:03,36.5,0xff,0xbc,0xff,0x9c,0x0e,0x42,ff bc ff 9c 0e 42 00 00
2025-10-25 13:20:03,36.5,0xff,0xbc,0xff,0x9c,0x0e,0x42,ff bc ff 9c 0e 42 00 00
2025-10-25 13:20:03,36.5,0xff,0xbc,0xff,0x9c,0x0e,0x42,ff bc ff 9c 0e 42 00 00
2025-10-25 13:20:03,36.5,0xff,0xbc,0xff,0x9c,0x0e,0x42,ff bc ff 9c 0e 42 00 00
2025-10-25 13:20:03,36.5,0xff,0xbc,0xff,0x9c,0x0e,0x42,ff bc ff 9c 0e 42 00 00
2025-10-25 13:20:03,36.5,0xff,0xbc,0xff,0x9c,0x0e,0x42,ff bc ff 9c 0e 42 00 00
2025-10-25 13:20:03,36.5,0xff,0xbc,0xff,0x9c,0x0e,0x42,ff bc ff 9c 0e 42 00 00
2025-10-25 13:20:03,36.5,0xff,0xbc,0xff,0x9c,0x0e,0x42,ff bc ff 9c 0e 42 00 00
2025-10-25 13:20:03,36.5,0xff,0xbc,0xff,0x9c,0x0e,0x42,ff bc ff 9c 0e 42 00 00
2025-10-25 13:20:03,36.5,0xff,0xbc,0xff,0x9c,0x0e,0x42,ff bc ff 9c 0e 42 00 00
2025-10-25 13:20:03,36.5,0xff,0xbc,0xff,0x9c,0x0e,0x42,ff bc ff 9c 0e 42 00 00
2025-10-25 13:20:03,36.5,0xff,0xbc,0xff,0x9c,0x0e,0x42,ff bc ff 9c 0e 42 00 00
2025-10-25 13:20:03,36.5,0xff,0xbc,0xff,0x9c,0x0e,0x42,ff bc ff 9c 0e 42 00 00
2025-10-25 13:20:03,36.5,0xff,0xbc,0xff,0x9c,0x0e,0x42,ff bc ff 9c 0e 42 00 00
2025-10-25 13:20:03,36.5,0xff,0xbc,0xff,0x9c,0x0e,0x42,ff bc ff 9c 0e 42 00 00
2025-10-25 13:20:04,36.5,0xff,0xbc,0xff,0x9c,0x0e,0x42,ff bc ff 9c 0e 42 00 00
2025-10-25 13:20:04,36.5,0xff,0xbc,0xff,0x9c,0x0e,0x42,ff bc ff 9c 0e 42 00 00
2025-10-25 13:20:04,36.5,0xff,0xbc,0xff,0x9c,0x0e,0x42,ff bc ff 9c 0e 42 00 00
2025-10-25 13:20:04,36.5,0xff,0xbc,0xff,0x9c,0x0e,0x42,ff bc ff 9c 0e 42 00 00
2025-10-25 13:20:04,36.5,0xff,0xbc,0xff,0x9c,0x0e,0x42,ff bc ff 9c 0e 42 00 00
2025-10-25 13:20:04,36.5,0xff,0xbc,0xff,0x9c,0x0e,0x42,ff bc ff 9c 0e 42 00 00
2025-10-25 13:20:04,36.5,0xff,0xbc,0xff,0x9c,0x0e,0x42,ff bc ff 9c 0e 42 00 00
2025-10-25 13:20:04,36.5,0xff,0xbc,0xff,0x9c,0x0e,0x42,ff bc ff 9c 0e 42 00 00
2025-10-25 13:20:04,36.5,0xff,0xbc,0xff,0x9c,0x0e,0x42,ff bc ff 9c 0e 42 00 00
2025-10-25 13:20:04,36.5,0xff,0xbc,0xff,0x9c,0x0e,0x42,ff bc ff 9c 0e 42 00 00
2025-10-25 13:20:04,36.5,0xff,0xbc,0xff,0x9c,0x0e,0x42,ff bc ff 9c 0e 42 00 00
2025-10-25 13:20:04,36.5,0xff,0xbc,0xff,0x9c,0x0e,0x42,ff bc ff 9c 0e 42 00 00
2025-10-25 13:20:04,36.5,0xff,0xbc,0xff,0x9c,0x0e,0x42,ff bc ff 9c 0e 42 00 00
2025-10-25 13:20:04,36.5,0xff,0xbc,0xff,0x9c,0x0e,0x42,ff bc ff 9c 0e 42 00 00
2025-10-25 13:20:04,36.5,0xff,0xbc,0xff,0x9c,0x0e,0x42,ff bc ff 9c 0e 42 00 00
2025-10-25 13:20:04,36.5,0xff,0xbc,0xff,0x9c,0x0e,0x42,ff bc ff 9c 0e 42 00 00
2025-10-25 13:20:04,36.5,0xff,0xbc,0xff,0x9c,0x0e,0x42,ff bc ff 9c 0e 42 00 00
2025-10-25 13:20:04,36.5,0xff,0xbc,0xff,0x9c,0x0e,0x42,ff bc ff 9c 0e 42 00 00
2025-10-25 13:20:04,36.5,0xff,0xbc,0xff,0x9c,0x0e,0x42,ff bc ff 9c 0e 42 00 00
2025-10-25 13:20:04,36.5,0xff,0xbc,0xff,0x9c,0x0e,0x42,ff bc ff 9c 0e 42 00 00
2025-10-25 13:20:04,36.5,0xff,0xbc,0xff,0x9c,0x0e,0x42,ff bc ff 9c 0e 42 00 00
2025-10-25 13:20:04,36.5,0xff,0xbc,0xff,0x9c,0x0e,0x42,ff bc ff 9c 0e 42 00 00
2025-10-25 13:20:04,36.5,0xff,0xbc,0xff,0x9c,0x0e,0x42,ff bc ff 9c 0e 42 00 00
2025-10-25 13:20:04,36.5,0xff,0xbc,0xff,0x9c,0x0e,0x42,ff bc ff 9c 0e 42 00 00
2025-10-25 13:20:04,36.5,0xff,0xbc,0xff,0x9c,0x0e,0x42,ff bc ff 9c 0e 42 00 00
2025-10-25 13:20:04,36.5,0xff,0xbc,0xff,0x9c,0x0e,0x42,ff bc ff 9c 0e 42 00 00
2025-10-25 13:20:04,36.5,0xff,0xbc,0xff,0x9c,0x0e,0x42,ff bc ff 9c 0e 42 00 00
2025-10-25 13:20:04,36.5,0xff,0xbc,0xff,0x9c,0x0e,0x42,ff bc ff 9c 0e 42 00 00
2025-10-25 13:20:04,36.5,0xff,0xbc,0xff,0x9c,0x0e,0x42,ff bc ff 9c 0e 42 00 00
2025-10-25 13:20:04,36.5,0xff,0xbc,0xff,0x9c,0x0e,0x42,ff bc ff 9c 0e 42 00 00
2025-10-25 13:20:04,36.5,0xff,0xbc,0xff,0x9c,0x0e,0x42,ff bc ff 9c 0e 42 00 00
2025-10-25 13:20:04,36.5,0xff,0xbc,0xff,0x9c,0x0e,0x42,ff bc ff 9c 0e 42 00 00
2025-10-25 13:20:04,36.5,0xff,0xbc,0xff,0x9c,0x0e,0x42,ff bc ff 9c 0e 42 00 00
2025-10-25 13:20:04,36.5,0xff,0xbc,0xff,0x9c,0x0e,0x42,ff bc ff 9c 0e 42 00 00
2025-10-25 13:20:04,36.5,0xff,0xbc,0xff,0x9c,0x0e,0x42,ff bc ff 9c 0e 42 00 00
2025-10-25 13:20:04,36.5,0xff,0xbc,0xff,0x9c,0x0e,0x42,ff bc ff 9c 0e 42 00 00
2025-10-25 13:20:04,36.5,0xff,0xbc,0xff,0x9c,0x0e,0x42,ff bc ff 9c 0e 42 00 00
2025-10-25 13:20:04,36.5,0xff,0xbc,0xff,0x9c,0x0e,0x42,ff bc ff 9c 0e 42 00 00
2025-10-25 13:20:04,36.5,0xff,0xbc,0xff,0x9c,0x0e,0x42,ff bc ff 9c 0e 42 00 00
2025-10-25 13:20:04,36.5,0xff,0xbc,0xff,0x9c,0x0e,0x42,ff bc ff 9c 0e 42 00 00
2025-10-25 13:20:04,36.5,0xff,0xbc,0xff,0x9c,0x0e,0x42,ff bc ff 9c 0e 42 00 00
2025-10-25 13:20:04,36.5,0xff,0xbc,0xff,0x9c,0x0e,0x42,ff bc ff 9c 0e 42 00 00
2025-10-25 13:20:04,36.5,0xff,0xbc,0xff,0x9c,0x0e,0x42,ff bc ff 9c 0e 42 00 00
2025-10-25 13:20:04,37.93,0xff,0xbc,0xff,0x9c,0x0e,0xd1,ff bc ff 9c 0e d1 00 00
2025-10-25 13:20:04,37.93,0xff,0xbc,0xff,0x9c,0x0e,0xd1,ff bc ff 9c 0e d1 00 00
2025-10-25 13:20:04,37.93,0xff,0xbc,0xff,0x9c,0x0e,0xd1,ff bc ff 9c 0e d1 00 00
2025-10-25 13:20:04,38.68,0xff,0xbc,0xff,0x9c,0x0f,0x1c,ff bc ff 9c 0f 1c 00 00
2025-10-25 13:20:04,38.68,0xff,0xbc,0xff,0x9c,0x0f,0x1c,ff bc ff 9c 0f 1c 00 00
2025-10-25 13:20:04,38.93,0xff,0xbc,0xff,0x9c,0x0f,0x35,ff bc ff 9c 0f 35 00 00
2025-10-25 13:20:04,38.93,0xff,0xbc,0xff,0x9c,0x0f,0x35,ff bc ff 9c 0f 35 00 00
2025-10-25 13:20:04,38.93,0xff,0xbc,0xff,0x9c,0x0f,0x35,ff bc ff 9c 0f 35 00 00
2025-10-25 13:20:04,38.87,0xff,0xbc,0xff,0x9c,0x0f,0x2f,ff bc ff 9c 0f 2f 00 00
2025-10-25 13:20:05,38.87,0xff,0xbc,0xff,0x9c,0x0f,0x2f,ff bc ff 9c 0f 2f 00 00
2025-10-25 13:20:05,38.87,0xff,0xbc,0xff,0x9c,0x0f,0x2f,ff bc ff 9c 0f 2f 00 00
2025-10-25 13:20:05,39.31,0xff,0xbc,0xff,0x9c,0x0f,0x5b,ff bc ff 9c 0f 5b 00 00
2025-10-25 13:20:05,39.31,0xff,0xbc,0xff,0x9c,0x0f,0x5b,ff bc ff 9c 0f 5b 00 00
2025-10-25 13:20:05,39.68,0xff,0xbc,0xff,0x9c,0x0f,0x80,ff bc ff 9c 0f 80 00 00
2025-10-25 13:20:05,39.68,0xff,0xbc,0xff,0x9c,0x0f,0x80,ff bc ff 9c 0f 80 00 00
2025-10-25 13:20:05,39.68,0xff,0xbc,0xff,0x9c,0x0f,0x80,ff bc ff 9c 0f 80 00 00
2025-10-25 13:20:05,39.68,0xff,0xbc,0xff,0x9c,0x0f,0x80,ff bc ff 9c 0f 80 00 00
2025-10-25 13:20:05,39.68,0xff,0xbc,0xff,0x9c,0x0f,0x80,ff bc ff 9c 0f 80 00 00
2025-10-25 13:20:05,39.68,0xff,0xbc,0xff,0x9c,0x0f,0x80,ff bc ff 9c 0f 80 00 00
2025-10-25 13:20:05,39.68,0xff,0xbc,0xff,0x9c,0x0f,0x80,ff bc ff 9c 0f 80 00 00
2025-10-25 13:20:05,39.68,0xff,0xbc,0xff,0x9c,0x0f,0x80,ff bc ff 9c 0f 80 00 00
2025-10-25 13:20:05,39.68,0xff,0xbc,0xff,0x9c,0x0f,0x80,ff bc ff 9c 0f 80 00 00
2025-10-25 13:20:05,39.68,0xff,0xbc,0xff,0x9c,0x0f,0x80,ff bc ff 9c 0f 80 00 00
2025-10-25 13:20:05,39.68,0xff,0xbc,0xff,0x9c,0x0f,0x80,ff bc ff 9c 0f 80 00 00
2025-10-25 13:20:05,39.68,0xff,0xbc,0xff,0x9c,0x0f,0x80,ff bc ff 9c 0f 80 00 00
2025-10-25 13:20:05,39.68,0xff,0xbc,0xff,0x9c,0x0f,0x80,ff bc ff 9c 0f 80 00 00
2025-10-25 13:20:05,39.68,0xff,0xbc,0xff,0x9c,0x0f,0x80,ff bc ff 9c 0f 80 00 00
2025-10-25 13:20:05,39.68,0xff,0xbc,0xff,0x9c,0x0f,0x80,ff bc ff 9c 0f 80 00 00
2025-10-25 13:20:05,39.68,0xff,0xbc,0xff,0x9c,0x0f,0x80,ff bc ff 9c 0f 80 00 00
2025-10-25 13:20:05,39.68,0xff,0xbc,0xff,0x9c,0x0f,0x80,ff bc ff 9c 0f 80 00 00
2025-10-25 13:20:05,39.68,0xff,0xbc,0xff,0x9c,0x0f,0x80,ff bc ff 9c 0f 80 00 00
2025-10-25 13:20:05,39.68,0xff,0xbc,0xff,0x9c,0x0f,0x80,ff bc ff 9c 0f 80 00 00
2025-10-25 13:20:05,39.68,0xff,0xbc,0xff,0x9c,0x0f,0x80,ff bc ff 9c 0f 80 00 00
2025-10-25 13:20:05,39.68,0xff,0xbc,0xff,0x9c,0x0f,0x80,ff bc ff 9c 0f 80 00 00
2025-10-25 13:20:05,39.68,0xff,0xbc,0xff,0x9c,0x0f,0x80,ff bc ff 9c 0f 80 00 00
2025-10-25 13:20:05,39.68,0xff,0xbc,0xff,0x9c,0x0f,0x80,ff bc ff 9c 0f 80 00 00
2025-10-25 13:20:05,39.68,0xff,0xbc,0xff,0x9c,0x0f,0x80,ff bc ff 9c 0f 80 00 00
2025-10-25 13:20:05,39.68,0xff,0xbc,0xff,0x9c,0x0f,0x80,ff bc ff 9c 0f 80 00 00
2025-10-25 13:20:05,39.68,0xff,0xbc,0xff,0x9c,0x0f,0x80,ff bc ff 9c 0f 80 00 00
2025-10-25 13:20:05,39.68,0xff,0xbc,0xff,0x9c,0x0f,0x80,ff bc ff 9c 0f 80 00 00
2025-10-25 13:20:05,39.68,0xff,0xbc,0xff,0x9c,0x0f,0x80,ff bc ff 9c 0f 80 00 00
2025-10-25 13:20:05,39.68,0xff,0xbc,0xff,0x9c,0x0f,0x80,ff bc ff 9c 0f 80 00 00
2025-10-25 13:20:05,39.68,0xff,0xbc,0xff,0x9c,0x0f,0x80,ff bc ff 9c 0f 80 00 00
2025-10-25 13:20:05,39.68,0xff,0xbc,0xff,0x9c,0x0f,0x80,ff bc ff 9c 0f 80 00 00
2025-10-25 13:20:05,39.68,0xff,0xbc,0xff,0x9c,0x0f,0x80,ff bc ff 9c 0f 80 00 00
2025-10-25 13:20:05,39.68,0xff,0xbc,0xff,0x9c,0x0f,0x80,ff bc ff 9c 0f 80 00 00
2025-10-25 13:20:05,39.68,0xff,0xbc,0xff,0x9c,0x0f,0x80,ff bc ff 9c 0f 80 00 00
2025-10-25 13:20:05,39.68,0xff,0xbc,0xff,0x9c,0x0f,0x80,ff bc ff 9c 0f 80 00 00
2025-10-25 13:20:05,39.68,0xff,0xbc,0xff,0x9c,0x0f,0x80,ff bc ff 9c 0f 80 00 00
2025-10-25 13:20:05,39.68,0xff,0xbc,0xff,0x9c,0x0f,0x80,ff bc ff 9c 0f 80 00 00
2025-10-25 13:20:05,39.68,0xff,0xbc,0xff,0x9c,0x0f,0x80,ff bc ff 9c 0f 80 00 00
2025-10-25 13:20:05,39.68,0xff,0xbc,0xff,0x9c,0x0f,0x80,ff bc ff 9c 0f 80 00 00
2025-10-25 13:20:05,39.68,0xff,0xbc,0xff,0x9c,0x0f,0x80,ff bc ff 9c 0f 80 00 00
2025-10-25 13:20:05,39.68,0xff,0xbc,0xff,0x9c,0x0f,0x80,ff bc ff 9c 0f 80 00 00
2025-10-25 13:20:05,39.68,0xff,0xbc,0xff,0x9c,0x0f,0x80,ff bc ff 9c 0f 80 00 00
2025-10-25 13:20:05,39.68,0xff,0xbc,0xff,0x9c,0x0f,0x80,ff bc ff 9c 0f 80 00 00
2025-10-25 13:20:05,39.68,0xff,0xbc,0xff,0x9c,0x0f,0x80,ff bc ff 9c 0f 80 00 00
2025-10-25 13:20:05,39.68,0xff,0xbc,0xff,0x9c,0x0f,0x80,ff bc ff 9c 0f 80 00 00
2025-10-25 13:20:05,39.68,0xff,0xbc,0xff,0x9c,0x0f,0x80,ff bc ff 9c 0f 80 00 00
2025-10-25 13:20:05,41.06,0xff,0xbc,0xff,0x9c,0x10,0x0a,ff bc ff 9c 10 0a 00 00
2025-10-25 13:20:06,41.06,0xff,0xbc,0xff,0x9c,0x10,0x0a,ff bc ff 9c 10 0a 00 00
2025-10-25 13:20:06,41.5,0xff,0xbc,0xff,0x9c,0x10,0x36,ff bc ff 9c 10 36 00 00
2025-10-25 13:20:06,41.5,0xff,0xbc,0xff,0x9c,0x10,0x36,ff bc ff 9c 10 36 00 00
2025-10-25 13:20:06,42.06,0xff,0xbc,0xff,0x9c,0x10,0x6e,ff bc ff 9c 10 6e 00 00
2025-10-25 13:20:06,42.06,0xff,0xbc,0xff,0x9c,0x10,0x6e,ff bc ff 9c 10 6e 00 00
2025-10-25 13:20:06,42.06,0xff,0xbc,0xff,0x9c,0x10,0x6e,ff bc ff 9c 10 6e 00 00
2025-10-25 13:20:06,42.87,0xff,0xbc,0xff,0x9c,0x10,0xbf,ff bc ff 9c 10 bf 00 00
2025-10-25 13:20:06,42.87,0xff,0xbc,0xff,0x9c,0x10,0xbf,ff bc ff 9c 10 bf 00 00
2025-10-25 13:20:06,42.87,0xff,0xbc,0xff,0x9c,0x10,0xbf,ff bc ff 9c 10 bf 00 00
2025-10-25 13:20:06,42.87,0xff,0xbc,0xff,0x9c,0x10,0xbf,ff bc ff 9c 10 bf 00 00
2025-10-25 13:20:06,42.87,0xff,0xbc,0xff,0x9c,0x10,0xbf,ff bc ff 9c 10 bf 00 00
2025-10-25 13:20:06,42.87,0xff,0xbc,0xff,0x9c,0x10,0xbf,ff bc ff 9c 10 bf 00 00
2025-10-25 13:20:06,42.87,0xff,0xbc,0xff,0x9c,0x10,0xbf,ff bc ff 9c 10 bf 00 00
2025-10-25 13:20:06,42.87,0xff,0xbc,0xff,0x9c,0x10,0xbf,ff bc ff 9c 10 bf 00 00
2025-10-25 13:20:06,43.12,0xff,0xbc,0xff,0x9c,0x10,0xd8,ff bc ff 9c 10 d8 00 00
2025-10-25 13:20:06,43.12,0xff,0xbc,0xff,0x9c,0x10,0xd8,ff bc ff 9c 10 d8 00 00
2025-10-25 13:20:06,43.12,0xff,0xbc,0xff,0x9c,0x10,0xd8,ff bc ff 9c 10 d8 00 00
2025-10-25 13:20:06,43.12,0xff,0xbc,0xff,0x9c,0x10,0xd8,ff bc ff 9c 10 d8 00 00
2025-10-25 13:20:06,43.12,0xff,0xbc,0xff,0x9c,0x10,0xd8,ff bc ff 9c 10 d8 00 00
2025-10-25 13:20:06,43.12,0xff,0xbc,0xff,0x9c,0x10,0xd8,ff bc ff 9c 10 d8 00 00
2025-10-25 13:20:06,43.12,0xff,0xbc,0xff,0x9c,0x10,0xd8,ff bc ff 9c 10 d8 00 00
2025-10-25 13:20:06,43.12,0xff,0xbc,0xff,0x9c,0x10,0xd8,ff bc ff 9c 10 d8 00 00
2025-10-25 13:20:06,43.12,0xff,0xbc,0xff,0x9c,0x10,0xd8,ff bc ff 9c 10 d8 00 00
2025-10-25 13:20:06,43.12,0xff,0xbc,0xff,0x9c,0x10,0xd8,ff bc ff 9c 10 d8 00 00
2025-10-25 13:20:06,43.12,0xff,0xbc,0xff,0x9c,0x10,0xd8,ff bc ff 9c 10 d8 00 00
2025-10-25 13:20:06,43.12,0xff,0xbc,0xff,0x9c,0x10,0xd8,ff bc ff 9c 10 d8 00 00
2025-10-25 13:20:06,43.12,0xff,0xbc,0xff,0x9c,0x10,0xd8,ff bc ff 9c 10 d8 00 00
2025-10-25 13:20:06,43.12,0xff,0xbc,0xff,0x9c,0x10,0xd8,ff bc ff 9c 10 d8 00 00
2025-10-25 13:20:06,43.12,0xff,0xbc,0xff,0x9c,0x10,0xd8,ff bc ff 9c 10 d8 00 00
2025-10-25 13:20:06,43.12,0xff,0xbc,0xff,0x9c,0x10,0xd8,ff bc ff 9c 10 d8 00 00
2025-10-25 13:20:06,43.12,0xff,0xbc,0xff,0x9c,0x10,0xd8,ff bc ff 9c 10 d8 00 00
2025-10-25 13:20:06,43.12,0xff,0xbc,0xff,0x9c,0x10,0xd8,ff bc ff 9c 10 d8 00 00
2025-10-25 13:20:06,43.12,0xff,0xbc,0xff,0x9c,0x10,0xd8,ff bc ff 9c 10 d8 00 00
2025-10-25 13:20:06,43.12,0xff,0xbc,0xff,0x9c,0x10,0xd8,ff bc ff 9c 10 d8 00 00
2025-10-25 13:20:06,43.12,0xff,0xbc,0xff,0x9c,0x10,0xd8,ff bc ff 9c 10 d8 00 00
2025-10-25 13:20:06,43.12,0xff,0xbc,0xff,0x9c,0x10,0xd8,ff bc ff 9c 10 d8 00 00
2025-10-25 13:20:06,43.12,0xff,0xbc,0xff,0x9c,0x10,0xd8,ff bc ff 9c 10 d8 00 00
2025-10-25 13:20:06,43.12,0xff,0xbc,0xff,0x9c,0x10,0xd8,ff bc ff 9c 10 d8 00 00
2025-10-25 13:20:06,43.12,0xff,0xbc,0xff,0x9c,0x10,0xd8,ff bc ff 9c 10 d8 00 00
2025-10-25 13:20:06,43.12,0xff,0xbc,0xff,0x9c,0x10,0xd8,ff bc ff 9c 10 d8 00 00
2025-10-25 13:20:06,43.12,0xff,0xbc,0xff,0x9c,0x10,0xd8,ff bc ff 9c 10 d8 00 00
2025-10-25 13:20:06,43.12,0xff,0xbc,0xff,0x9c,0x10,0xd8,ff bc ff 9c 10 d8 00 00
2025-10-25 13:20:06,43.12,0xff,0xbc,0xff,0x9c,0x10,0xd8,ff bc ff 9c 10 d8 00 00
2025-10-25 13:20:06,43.12,0xff,0xbc,0xff,0x9c,0x10,0xd8,ff bc ff 9c 10 d8 00 00
2025-10-25 13:20:06,43.12,0xff,0xbc,0xff,0x9c,0x10,0xd8,ff bc ff 9c 10 d8 00 00
2025-10-25 13:20:06,43.12,0xff,0xbc,0xff,0x9c,0x10,0xd8,ff bc ff 9c 10 d8 00 00
2025-10-25 13:20:06,43.12,0xff,0xbc,0xff,0x9c,0x10,0xd8,ff bc ff 9c 10 d8 00 00
2025-10-25 13:20:06,43.12,0xff,0xbc,0xff,0x9c,0x10,0xd8,ff bc ff 9c 10 d8 00 00
2025-10-25 13:20:06,43.12,0xff,0xbc,0xff,0x9c,0x10,0xd8,ff bc ff 9c 10 d8 00 00
2025-10-25 13:20:06,43.12,0xff,0xbc,0xff,0x9c,0x10,0xd8,ff bc ff 9c 10 d8 00 00
2025-10-25 13:20:06,43.12,0xff,0xbc,0xff,0x9c,0x10,0xd8,ff bc ff 9c 10 d8 00 00
2025-10-25 13:20:07,43.12,0xff,0xbc,0xff,0x9c,0x10,0xd8,ff bc ff 9c 10 d8 00 00
2025-10-25 13:20:07,43.12,0xff,0xbc,0xff,0x9c,0x10,0xd8,ff bc ff 9c 10 d8 00 00
2025-10-25 13:20:07,43.12,0xff,0xbc,0xff,0x9c,0x10,0xd8,ff bc ff 9c 10 d8 00 00
2025-10-25 13:20:07,43.12,0xff,0xbc,0xff,0x9c,0x10,0xd8,ff bc ff 9c 10 d8 00 00
2025-10-25 13:20:07,44.31,0xff,0xbc,0xff,0x9c,0x11,0x4f,ff bc ff 9c 11 4f 00 00
2025-10-25 13:20:07,44.31,0xff,0xbc,0xff,0x9c,0x11,0x4f,ff bc ff 9c 11 4f 00 00
2025-10-25 13:20:07,44.31,0xff,0xbc,0xff,0x9c,0x11,0x4f,ff bc ff 9c 11 4f 00 00
2025-10-25 13:20:07,44.93,0xff,0xbc,0xff,0x9c,0x11,0x8d,ff bc ff 9c 11 8d 00 00
2025-10-25 13:20:07,44.93,0xff,0xbc,0xff,0x9c,0x11,0x8d,ff bc ff 9c 11 8d 00 00
2025-10-25 13:20:07,44.93,0xff,0xbc,0xff,0x9c,0x11,0x8d,ff bc ff 9c 11 8d 00 00
2025-10-25 13:20:07,45.18,0xff,0xbc,0xff,0x9c,0x11,0xa6,ff bc ff 9c 11 a6 00 00
2025-10-25 13:20:07,45.18,0xff,0xbc,0xff,0x9c,0x11,0xa6,ff bc ff 9c 11 a6 00 00
2025-10-25 13:20:07,45.37,0xff,0xbc,0xff,0x9c,0x11,0xb9,ff bc ff 9c 11 b9 00 00
2025-10-25 13:20:07,45.37,0xff,0xbc,0xff,0x9c,0x11,0xb9,ff bc ff 9c 11 b9 00 00
2025-10-25 13:20:07,45.37,0xff,0xbc,0xff,0x9c,0x11,0xb9,ff bc ff 9c 11 b9 00 00
2025-10-25 13:20:07,45.56,0xff,0xbc,0xff,0x9c,0x11,0xcc,ff bc ff 9c 11 cc 00 00
2025-10-25 13:20:07,45.56,0xff,0xbc,0xff,0x9c,0x11,0xcc,ff bc ff 9c 11 cc 00 00
2025-10-25 13:20:07,45.56,0xff,0xbc,0xff,0x9c,0x11,0xcc,ff bc ff 9c 11 cc 00 00
2025-10-25 13:20:07,45.56,0xff,0xbc,0xff,0x9c,0x11,0xcc,ff bc ff 9c 11 cc 00 00
2025-10-25 13:20:07,45.56,0xff,0xbc,0xff,0x9c,0x11,0xcc,ff bc ff 9c 11 cc 00 00
2025-10-25 13:20:07,45.56,0xff,0xbc,0xff,0x9c,0x11,0xcc,ff bc ff 9c 11 cc 00 00
2025-10-25 13:20:07,45.56,0xff,0xbc,0xff,0x9c,0x11,0xcc,ff bc ff 9c 11 cc 00 00
2025-10-25 13:20:07,45.56,0xff,0xbc,0xff,0x9c,0x11,0xcc,ff bc ff 9c 11 cc 00 00
2025-10-25 13:20:07,45.56,0xff,0xbc,0xff,0x9c,0x11,0xcc,ff bc ff 9c 11 cc 00 00
2025-10-25 13:20:07,45.56,0xff,0xbc,0xff,0x9c,0x11,0xcc,ff bc ff 9c 11 cc 00 00
2025-10-25 13:20:07,45.56,0xff,0xbc,0xff,0x9c,0x11,0xcc,ff bc ff 9c 11 cc 00 00
2025-10-25 13:20:07,45.56,0xff,0xbc,0xff,0x9c,0x11,0xcc,ff bc ff 9c 11 cc 00 00
2025-10-25 13:20:07,45.56,0xff,0xbc,0xff,0x9c,0x11,0xcc,ff bc ff 9c 11 cc 00 00
2025-10-25 13:20:07,45.56,0xff,0xbc,0xff,0x9c,0x11,0xcc,ff bc ff 9c 11 cc 00 00
2025-10-25 13:20:07,45.56,0xff,0xbc,0xff,0x9c,0x11,0xcc,ff bc ff 9c 11 cc 00 00
2025-10-25 13:20:07,45.56,0xff,0xbc,0xff,0x9c,0x11,0xcc,ff bc ff 9c 11 cc 00 00
2025-10-25 13:20:07,45.56,0xff,0xbc,0xff,0x9c,0x11,0xcc,ff bc ff 9c 11 cc 00 00
2025-10-25 13:20:07,45.56,0xff,0xbc,0xff,0x9c,0x11,0xcc,ff bc ff 9c 11 cc 00 00
2025-10-25 13:20:07,45.56,0xff,0xbc,0xff,0x9c,0x11,0xcc,ff bc ff 9c 11 cc 00 00
2025-10-25 13:20:07,45.56,0xff,0xbc,0xff,0x9c,0x11,0xcc,ff bc ff 9c 11 cc 00 00
2025-10-25 13:20:07,45.56,0xff,0xbc,0xff,0x9c,0x11,0xcc,ff bc ff 9c 11 cc 00 00
2025-10-25 13:20:07,45.56,0xff,0xbc,0xff,0x9c,0x11,0xcc,ff bc ff 9c 11 cc 00 00
2025-10-25 13:20:07,45.56,0xff,0xbc,0xff,0x9c,0x11,0xcc,ff bc ff 9c 11 cc 00 00
2025-10-25 13:20:07,45.56,0xff,0xbc,0xff,0x9c,0x11,0xcc,ff bc ff 9c 11 cc 00 00
2025-10-25 13:20:07,45.56,0xff,0xbc,0xff,0x9c,0x11,0xcc,ff bc ff 9c 11 cc 00 00
2025-10-25 13:20:07,45.56,0xff,0xbc,0xff,0x9c,0x11,0xcc,ff bc ff 9c 11 cc 00 00
2025-10-25 13:20:07,45.56,0xff,0xbc,0xff,0x9c,0x11,0xcc,ff bc ff 9c 11 cc 00 00
2025-10-25 13:20:07,45.56,0xff,0xbc,0xff,0x9c,0x11,0xcc,ff bc ff 9c 11 cc 00 00
2025-10-25 13:20:07,45.56,0xff,0xbc,0xff,0x9c,0x11,0xcc,ff bc ff 9c 11 cc 00 00
2025-10-25 13:20:07,45.56,0xff,0xbc,0xff,0x9c,0x11,0xcc,ff bc ff 9c 11 cc 00 00
2025-10-25 13:20:07,45.56,0xff,0xbc,0xff,0x9c,0x11,0xcc,ff bc ff 9c 11 cc 00 00
2025-10-25 13:20:07,45.56,0xff,0xbc,0xff,0x9c,0x11,0xcc,ff bc ff 9c 11 cc 00 00
2025-10-25 13:20:07,45.56,0xff,0xbc,0xff,0x9c,0x11,0xcc,ff bc ff 9c 11 cc 00 00
2025-10-25 13:20:07,45.56,0xff,0xbc,0xff,0x9c,0x11,0xcc,ff bc ff 9c 11 cc 00 00
2025-10-25 13:20:07,45.56,0xff,0xbc,0xff,0x9c,0x11,0xcc,ff bc ff 9c 11 cc 00 00
2025-10-25 13:20:07,45.56,0xff,0xbc,0xff,0x9c,0x11,0xcc,ff bc ff 9c 11 cc 00 00
2025-10-25 13:20:08,45.56,0xff,0xbc,0xff,0x9c,0x11,0xcc,ff bc ff 9c 11 cc 00 00
2025-10-25 13:20:08,45.56,0xff,0xbc,0xff,0x9c,0x11,0xcc,ff bc ff 9c 11 cc 00 00
2025-10-25 13:20:08,45.56,0xff,0xbc,0xff,0x9c,0x11,0xcc,ff bc ff 9c 11 cc 00 00
2025-10-25 13:20:08,45.56,0xff,0xbc,0xff,0x9c,0x11,0xcc,ff bc ff 9c 11 cc 00 00
2025-10-25 13:20:08,45.56,0xff,0xa9,0xff,0x83,0x11,0xcc,ff a9 ff 83 11 cc 00 00
2025-10-25 13:20:08,45.56,0xff,0xa9,0xff,0x83,0x11,0xcc,ff a9 ff 83 11 cc 00 00
2025-10-25 13:20:08,45.56,0xff,0xa9,0xff,0x83,0x11,0xcc,ff a9 ff 83 11 cc 00 00
2025-10-25 13:20:08,45.56,0xff,0xa9,0xff,0x8a,0x11,0xcc,ff a9 ff 8a 11 cc 00 00
2025-10-25 13:20:08,45.56,0xff,0xa9,0xff,0x8a,0x11,0xcc,ff a9 ff 8a 11 cc 00 00
2025-10-25 13:20:08,45.56,0xff,0xa9,0xff,0x8a,0x11,0xcc,ff a9 ff 8a 11 cc 00 00
2025-10-25 13:20:08,45.81,0xff,0x90,0xff,0x7d,0x11,0xe5,ff 90 ff 7d 11 e5 00 00
2025-10-25 13:20:08,45.81,0xff,0x90,0xff,0x7d,0x11,0xe5,ff 90 ff 7d 11 e5 00 00
2025-10-25 13:20:08,45.56,0xff,0xaf,0xff,0x83,0x11,0xcc,ff af ff 83 11 cc 00 00
2025-10-25 13:20:08,45.56,0xff,0xaf,0xff,0x83,0x11,0xcc,ff af ff 83 11 cc 00 00
2025-10-25 13:20:08,45.56,0xff,0xaf,0xff,0x83,0x11,0xcc,ff af ff 83 11 cc 00 00
2025-10-25 13:20:08,45.81,0xff,0xc8,0xff,0x77,0x11,0xe5,ff c8 ff 77 11 e5 00 00
2025-10-25 13:20:08,45.81,0xff,0xc8,0xff,0x77,0x11,0xe5,ff c8 ff 77 11 e5 00 00
2025-10-25 13:20:08,45.81,0xff,0xc8,0xff,0x77,0x11,0xe5,ff c8 ff 77 11 e5 00 00
2025-10-25 13:20:08,45.56,0xff,0xdb,0xff,0x71,0x11,0xcc,ff db ff 71 11 cc 00 00
2025-10-25 13:20:08,45.56,0xff,0xdb,0xff,0x71,0x11,0xcc,ff db ff 71 11 cc 00 00
2025-10-25 13:20:08,45.81,0xff,0xce,0xff,0x71,0x11,0xe5,ff ce ff 71 11 e5 00 00
2025-10-25 13:20:08,45.81,0xff,0xce,0xff,0x71,0x11,0xe5,ff ce ff 71 11 e5 00 00
2025-10-25 13:20:08,45.81,0xff,0xce,0xff,0x71,0x11,0xe5,ff ce ff 71 11 e5 00 00
2025-10-25 13:20:08,45.81,0xff,0xce,0xff,0x71,0x11,0xe5,ff ce ff 71 11 e5 00 00
2025-10-25 13:20:08,45.81,0xff,0xce,0xff,0x71,0x11,0xe5,ff ce ff 71 11 e5 00 00
2025-10-25 13:20:08,45.81,0xff,0xce,0xff,0x71,0x11,0xe5,ff ce ff 71 11 e5 00 00
2025-10-25 13:20:08,45.81,0xff,0xce,0xff,0x71,0x11,0xe5,ff ce ff 71 11 e5 00 00
2025-10-25 13:20:08,45.81,0xff,0xce,0xff,0x71,0x11,0xe5,ff ce ff 71 11 e5 00 00
2025-10-25 13:20:08,45.81,0xff,0xce,0xff,0x71,0x11,0xe5,ff ce ff 71 11 e5 00 00
2025-10-25 13:20:08,45.81,0xff,0xce,0xff,0x71,0x11,0xe5,ff ce ff 71 11 e5 00 00
2025-10-25 13:20:08,45.81,0xff,0xce,0xff,0x71,0x11,0xe5,ff ce ff 71 11 e5 00 00
2025-10-25 13:20:08,45.81,0xff,0xce,0xff,0x71,0x11,0xe5,ff ce ff 71 11 e5 00 00
2025-10-25 13:20:08,45.81,0xff,0xce,0xff,0x71,0x11,0xe5,ff ce ff 71 11 e5 00 00
2025-10-25 13:20:08,45.81,0xff,0xce,0xff,0x71,0x11,0xe5,ff ce ff 71 11 e5 00 00
2025-10-25 13:20:08,45.81,0xff,0xce,0xff,0x71,0x11,0xe5,ff ce ff 71 11 e5 00 00
2025-10-25 13:20:08,45.81,0xff,0xce,0xff,0x71,0x11,0xe5,ff ce ff 71 11 e5 00 00
2025-10-25 13:20:08,45.81,0xff,0xce,0xff,0x71,0x11,0xe5,ff ce ff 71 11 e5 00 00
2025-10-25 13:20:08,45.81,0xff,0xce,0xff,0x71,0x11,0xe5,ff ce ff 71 11 e5 00 00
2025-10-25 13:20:08,45.81,0xff,0xce,0xff,0x71,0x11,0xe5,ff ce ff 71 11 e5 00 00
2025-10-25 13:20:08,45.81,0xff,0xce,0xff,0x71,0x11,0xe5,ff ce ff 71 11 e5 00 00
2025-10-25 13:20:08,45.81,0xff,0xce,0xff,0x71,0x11,0xe5,ff ce ff 71 11 e5 00 00
2025-10-25 13:20:08,45.81,0xff,0xce,0xff,0x71,0x11,0xe5,ff ce ff 71 11 e5 00 00
2025-10-25 13:20:08,45.81,0xff,0xce,0xff,0x71,0x11,0xe5,ff ce ff 71 11 e5 00 00
2025-10-25 13:20:08,45.81,0xff,0xce,0xff,0x71,0x11,0xe5,ff ce ff 71 11 e5 00 00
2025-10-25 13:20:08,45.81,0xff,0xce,0xff,0x71,0x11,0xe5,ff ce ff 71 11 e5 00 00
2025-10-25 13:20:08,45.81,0xff,0xce,0xff,0x71,0x11,0xe5,ff ce ff 71 11 e5 00 00
2025-10-25 13:20:08,45.81,0xff,0xce,0xff,0x71,0x11,0xe5,ff ce ff 71 11 e5 00 00
2025-10-25 13:20:08,45.81,0xff,0xce,0xff,0x71,0x11,0xe5,ff ce ff 71 11 e5 00 00
2025-10-25 13:20:08,45.81,0xff,0xce,0xff,0x71,0x11,0xe5,ff ce ff 71 11 e5 00 00
2025-10-25 13:20:08,47.06,0xff,0xce,0xff,0x71,0x12,0x62,ff ce ff 71 12 62 00 00
2025-10-25 13:20:08,47.06,0xff,0xce,0xff,0x71,0x12,0x62,ff ce ff 71 12 62 00 00
2025-10-25 13:20:08,47.06,0xff,0xce,0xff,0x71,0x12,0x62,ff ce ff 71 12 62 00 00
2025-10-25 13:20:08,47.87,0xff,0xce,0xff,0x71,0x12,0xb3,ff ce ff 71 12 b3 00 00
2025-10-25 13:20:09,47.87,0xff,0xce,0xff,0x71,0x12,0xb3,ff ce ff 71 12 b3 00 00
2025-10-25 13:20:09,48.12,0xff,0xce,0xff,0x71,0x12,0xcc,ff ce ff 71 12 cc 00 00
2025-10-25 13:20:09,48.12,0xff,0xce,0xff,0x71,0x12,0xcc,ff ce ff 71 12 cc 00 00
2025-10-25 13:20:09,48.12,0xff,0xce,0xff,0x71,0x12,0xcc,ff ce ff 71 12 cc 00 00
2025-10-25 13:20:09,48.5,0xff,0xce,0xff,0x71,0x12,0xf2,ff ce ff 71 12 f2 00 00
2025-10-25 13:20:09,48.5,0xff,0xce,0xff,0x71,0x12,0xf2,ff ce ff 71 12 f2 00 00
2025-10-25 13:20:09,48.5,0xff,0xce,0xff,0x71,0x12,0xf2,ff ce ff 71 12 f2 00 00
2025-10-25 13:20:09,48.5,0xff,0xce,0xff,0x71,0x12,0xf2,ff ce ff 71 12 f2 00 00
2025-10-25 13:20:09,48.5,0xff,0xce,0xff,0x71,0x12,0xf2,ff ce ff 71 12 f2 00 00
2025-10-25 13:20:09,48.68,0xff,0xce,0xff,0x71,0x13,0x04,ff ce ff 71 13 04 00 00
2025-10-25 13:20:09,48.68,0xff,0xce,0xff,0x71,0x13,0x04,ff ce ff 71 13 04 00 00
2025-10-25 13:20:09,48.68,0xff,0xce,0xff,0x71,0x13,0x04,ff ce ff 71 13 04 00 00
2025-10-25 13:20:09,48.93,0xff,0xce,0xff,0x71,0x13,0x1d,ff ce ff 71 13 1d 00 00
2025-10-25 13:20:09,48.93,0xff,0xce,0xff,0x71,0x13,0x1d,ff ce ff 71 13 1d 00 00
2025-10-25 13:20:09,48.93,0xff,0xce,0xff,0x71,0x13,0x1d,ff ce ff 71 13 1d 00 00
2025-10-25 13:20:09,48.93,0xff,0xce,0xff,0x71,0x13,0x1d,ff ce ff 71 13 1d 00 00
2025-10-25 13:20:09,48.93,0xff,0xce,0xff,0x71,0x13,0x1d,ff ce ff 71 13 1d 00 00
2025-10-25 13:20:09,48.93,0xff,0xce,0xff,0x71,0x13,0x1d,ff ce ff 71 13 1d 00 00
2025-10-25 13:20:09,48.93,0xff,0xce,0xff,0x71,0x13,0x1d,ff ce ff 71 13 1d 00 00
2025-10-25 13:20:09,48.93,0xff,0xce,0xff,0x71,0x13,0x1d,ff ce ff 71 13 1d 00 00
2025-10-25 13:20:09,48.93,0xff,0xce,0xff,0x71,0x13,0x1d,ff ce ff 71 13 1d 00 00
2025-10-25 13:20:09,48.93,0xff,0xce,0xff,0x71,0x13,0x1d,ff ce ff 71 13 1d 00 00
2025-10-25 13:20:09,48.93,0xff,0xce,0xff,0x71,0x13,0x1d,ff ce ff 71 13 1d 00 00
2025-10-25 13:20:09,48.93,0xff,0xce,0xff,0x71,0x13,0x1d,ff ce ff 71 13 1d 00 00
2025-10-25 13:20:09,48.93,0xff,0xce,0xff,0x71,0x13,0x1d,ff ce ff 71 13 1d 00 00
2025-10-25 13:20:09,48.93,0xff,0xce,0xff,0x71,0x13,0x1d,ff ce ff 71 13 1d 00 00
2025-10-25 13:20:09,48.93,0xff,0xce,0xff,0x71,0x13,0x1d,ff ce ff 71 13 1d 00 00
2025-10-25 13:20:09,48.93,0xff,0xce,0xff,0x71,0x13,0x1d,ff ce ff 71 13 1d 00 00
2025-10-25 13:20:09,48.93,0xff,0xce,0xff,0x71,0x13,0x1d,ff ce ff 71 13 1d 00 00
2025-10-25 13:20:09,48.93,0xff,0xce,0xff,0x71,0x13,0x1d,ff ce ff 71 13 1d 00 00
2025-10-25 13:20:09,48.93,0xff,0xce,0xff,0x71,0x13,0x1d,ff ce ff 71 13 1d 00 00
2025-10-25 13:20:09,48.93,0xff,0xce,0xff,0x71,0x13,0x1d,ff ce ff 71 13 1d 00 00
2025-10-25 13:20:09,48.93,0xff,0xce,0xff,0x71,0x13,0x1d,ff ce ff 71 13 1d 00 00
2025-10-25 13:20:09,48.93,0xff,0xce,0xff,0x71,0x13,0x1d,ff ce ff 71 13 1d 00 00
2025-10-25 13:20:09,48.93,0xff,0xce,0xff,0x71,0x13,0x1d,ff ce ff 71 13 1d 00 00
2025-10-25 13:20:09,48.93,0xff,0xce,0xff,0x71,0x13,0x1d,ff ce ff 71 13 1d 00 00
2025-10-25 13:20:09,48.93,0xff,0xce,0xff,0x71,0x13,0x1d,ff ce ff 71 13 1d 00 00
2025-10-25 13:20:09,48.93,0xff,0xce,0xff,0x71,0x13,0x1d,ff ce ff 71 13 1d 00 00
2025-10-25 13:20:09,50.06,0xff,0xce,0xff,0x71,0x13,0x8e,ff ce ff 71 13 8e 00 00
2025-10-25 13:20:09,50.06,0xff,0xce,0xff,0x71,0x13,0x8e,ff ce ff 71 13 8e 00 00
2025-10-25 13:20:09,50.06,0xff,0xce,0xff,0x71,0x13,0x8e,ff ce ff 71 13 8e 00 00
2025-10-25 13:20:09,50.68,0xff,0xce,0xff,0x71,0x13,0xcc,ff ce ff 71 13 cc 00 00
2025-10-25 13:20:09,50.68,0xff,0xce,0xff,0x71,0x13,0xcc,ff ce ff 71 13 cc 00 00
2025-10-25 13:20:09,50.87,0xff,0xce,0xff,0x71,0x13,0xdf,ff ce ff 71 13 df 00 00
2025-10-25 13:20:09,50.87,0xff,0xce,0xff,0x71,0x13,0xdf,ff ce ff 71 13 df 00 00
2025-10-25 13:20:09,50.5,0xff,0xce,0xff,0x71,0x13,0xba,ff ce ff 71 13 ba 00 00
2025-10-25 13:20:09,50.5,0xff,0xce,0xff,0x71,0x13,0xba,ff ce ff 71 13 ba 00 00
2025-10-25 13:20:09,50.5,0xff,0xce,0xff,0x71,0x13,0xba,ff ce ff 71 13 ba 00 00
2025-10-25 13:20:09,50.75,0xff,0xce,0xff,0x71,0x13,0xd3,ff ce ff 71 13 d3 00 00
2025-10-25 13:20:09,50.75,0xff,0xce,0xff,0x71,0x13,0xd3,ff ce ff 71 13 d3 00 00
2025-10-25 13:20:09,50.75,0xff,0xce,0xff,0x71,0x13,0xd3,ff ce ff 71 13 d3 00 00
2025-10-25 13:20:09,50.93,0xff,0xce,0xff,0x71,0x13,0xe5,ff ce ff 71 13 e5 00 00
2025-10-25 13:20:10,50.93,0xff,0xce,0xff,0x71,0x13,0xe5,ff ce ff 71 13 e5 00 00
2025-10-25 13:20:10,51.12,0xff,0xce,0xff,0x71,0x13,0xf8,ff ce ff 71 13 f8 00 00
2025-10-25 13:20:10,51.12,0xff,0xce,0xff,0x71,0x13,0xf8,ff ce ff 71 13 f8 00 00
2025-10-25 13:20:10,51.12,0xff,0xce,0xff,0x71,0x13,0xf8,ff ce ff 71 13 f8 00 00
2025-10-25 13:20:10,51.12,0xff,0xce,0xff,0x71,0x13,0xf8,ff ce ff 71 13 f8 00 00
2025-10-25 13:20:10,51.12,0xff,0xce,0xff,0x71,0x13,0xf8,ff ce ff 71 13 f8 00 00
2025-10-25 13:20:10,51.12,0xff,0xce,0xff,0x71,0x13,0xf8,ff ce ff 71 13 f8 00 00
2025-10-25 13:20:10,51.12,0xff,0xce,0xff,0x71,0x13,0xf8,ff ce ff 71 13 f8 00 00
2025-10-25 13:20:10,51.12,0xff,0xce,0xff,0x71,0x13,0xf8,ff ce ff 71 13 f8 00 00
2025-10-25 13:20:10,51.12,0xff,0xce,0xff,0x71,0x13,0xf8,ff ce ff 71 13 f8 00 00
2025-10-25 13:20:10,51.12,0xff,0xce,0xff,0x71,0x13,0xf8,ff ce ff 71 13 f8 00 00
2025-10-25 13:20:10,51.12,0xff,0xce,0xff,0x71,0x13,0xf8,ff ce ff 71 13 f8 00 00
2025-10-25 13:20:10,51.12,0xff,0xce,0xff,0x71,0x13,0xf8,ff ce ff 71 13 f8 00 00
2025-10-25 13:20:10,51.12,0xff,0xce,0xff,0x71,0x13,0xf8,ff ce ff 71 13 f8 00 00
2025-10-25 13:20:10,51.12,0xff,0xce,0xff,0x71,0x13,0xf8,ff ce ff 71 13 f8 00 00
2025-10-25 13:20:10,51.12,0xff,0xce,0xff,0x71,0x13,0xf8,ff ce ff 71 13 f8 00 00
2025-10-25 13:20:10,51.12,0xff,0xce,0xff,0x71,0x13,0xf8,ff ce ff 71 13 f8 00 00
2025-10-25 13:20:10,51.12,0xff,0xce,0xff,0x71,0x13,0xf8,ff ce ff 71 13 f8 00 00
2025-10-25 13:20:10,51.12,0xff,0xce,0xff,0x71,0x13,0xf8,ff ce ff 71 13 f8 00 00
2025-10-25 13:20:10,51.12,0xff,0xce,0xff,0x71,0x13,0xf8,ff ce ff 71 13 f8 00 00
2025-10-25 13:20:10,51.12,0xff,0xce,0xff,0x71,0x13,0xf8,ff ce ff 71 13 f8 00 00
2025-10-25 13:20:10,51.12,0xff,0xce,0xff,0x71,0x13,0xf8,ff ce ff 71 13 f8 00 00
2025-10-25 13:20:10,51.12,0xff,0xce,0xff,0x71,0x13,0xf8,ff ce ff 71 13 f8 00 00
2025-10-25 13:20:10,51.12,0xff,0xce,0xff,0x71,0x13,0xf8,ff ce ff 71 13 f8 00 00
2025-10-25 13:20:10,51.12,0xff,0xce,0xff,0x71,0x13,0xf8,ff ce ff 71 13 f8 00 00
2025-10-25 13:20:10,51.12,0xff,0xce,0xff,0x71,0x13,0xf8,ff ce ff 71 13 f8 00 00
2025-10-25 13:20:10,51.12,0xff,0xce,0xff,0x71,0x13,0xf8,ff ce ff 71 13 f8 00 00
2025-10-25 13:20:10,51.12,0xff,0xce,0xff,0x71,0x13,0xf8,ff ce ff 71 13 f8 00 00
2025-10-25 13:20:10,51.12,0xff,0xce,0xff,0x71,0x13,0xf8,ff ce ff 71 13 f8 00 00
2025-10-25 13:20:10,51.12,0xff,0xce,0xff,0x71,0x13,0xf8,ff ce ff 71 13 f8 00 00
2025-10-25 13:20:10,50.87,0xff,0xa9,0xff,0x8a,0x13,0xdf,ff a9 ff 8a 13 df 00 00
2025-10-25 13:20:10,50.87,0xff,0xa9,0xff,0x8a,0x13,0xdf,ff a9 ff 8a 13 df 00 00
2025-10-25 13:20:10,50.87,0xff,0xa9,0xff,0x8a,0x13,0xdf,ff a9 ff 8a 13 df 00 00
2025-10-25 13:20:10,51.06,0xff,0x96,0xff,0x96,0x13,0xf2,ff 96 ff 96 13 f2 00 00
2025-10-25 13:20:10,51.06,0xff,0x96,0xff,0x96,0x13,0xf2,ff 96 ff 96 13 f2 00 00
2025-10-25 13:20:10,50.87,0xff,0xb5,0xff,0xa3,0x13,0xdf,ff b5 ff a3 13 df 00 00
2025-10-25 13:20:10,50.87,0xff,0xb5,0xff,0xa3,0x13,0xdf,ff b5 ff a3 13 df 00 00
2025-10-25 13:20:10,50.87,0xff,0xb5,0xff,0xa3,0x13,0xdf,ff b5 ff a3 13 df 00 00
2025-10-25 13:20:10,50.87,0xff,0xc2,0xff,0x96,0x13,0xdf,ff c2 ff 96 13 df 00 00
2025-10-25 13:20:10,50.87,0xff,0xc2,0xff,0x96,0x13,0xdf,ff c2 ff 96 13 df 00 00
2025-10-25 13:20:10,50.87,0xff,0xbc,0xff,0x7d,0x13,0xdf,ff bc ff 7d 13 df 00 00
2025-10-25 13:20:10,50.87,0xff,0xbc,0xff,0x7d,0x13,0xdf,ff bc ff 7d 13 df 00 00
2025-10-25 13:20:10,50.87,0xff,0xbc,0xff,0x7d,0x13,0xdf,ff bc ff 7d 13 df 00 00
2025-10-25 13:20:10,50.87,0xff,0xbc,0xff,0x9c,0x13,0xdf,ff bc ff 9c 13 df 00 00
2025-10-25 13:20:10,50.87,0xff,0xbc,0xff,0x9c,0x13,0xdf,ff bc ff 9c 13 df 00 00
2025-10-25 13:20:10,50.87,0xff,0xbc,0xff,0x9c,0x13,0xdf,ff bc ff 9c 13 df 00 00
2025-10-25 13:20:10,50.62,0xff,0xc2,0xff,0xc8,0x13,0xc6,ff c2 ff c8 13 c6 00 00
2025-10-25 13:20:10,50.62,0xff,0xc2,0xff,0xc8,0x13,0xc6,ff c2 ff c8 13 c6 00 00
2025-10-25 13:20:10,50.62,0xff,0xc2,0xff,0xc8,0x13,0xc6,ff c2 ff c8 13 c6 00 00
2025-10-25 13:20:10,50.62,0xff,0xc2,0xff,0xc8,0x13,0xc6,ff c2 ff c8 13 c6 00 00
2025-10-25 13:20:10,50.62,0xff,0xc2,0xff,0xc8,0x13,0xc6,ff c2 ff c8 13 c6 00 00
2025-10-25 13:20:10,50.87,0xff,0xc8,0xff,0x96,0x13,0xdf,ff c8 ff 96 13 df 00 00
2025-10-25 13:20:11,50.87,0xff,0xc8,0xff,0x96,0x13,0xdf,ff c8 ff 96 13 df 00 00
2025-10-25 13:20:11,50.87,0xff,0xc8,0xff,0x96,0x13,0xdf,ff c8 ff 96 13 df 00 00
2025-10-25 13:20:11,50.93,0xff,0xdb,0xff,0x6a,0x13,0xe5,ff db ff 6a 13 e5 00 00
2025-10-25 13:20:11,50.93,0xff,0xdb,0xff,0x6a,0x13,0xe5,ff db ff 6a 13 e5 00 00
2025-10-25 13:20:11,51.12,0xff,0xc8,0xff,0x77,0x13,0xf8,ff c8 ff 77 13 f8 00 00
2025-10-25 13:20:11,51.12,0xff,0xc8,0xff,0x77,0x13,0xf8,ff c8 ff 77 13 f8 00 00
2025-10-25 13:20:11,50.87,0xff,0xbc,0xff,0x9c,0x13,0xdf,ff bc ff 9c 13 df 00 00
2025-10-25 13:20:11,50.87,0xff,0xbc,0xff,0x9c,0x13,0xdf,ff bc ff 9c 13 df 00 00
2025-10-25 13:20:11,50.87,0xff,0xbc,0xff,0x9c,0x13,0xdf,ff bc ff 9c 13 df 00 00
2025-10-25 13:20:11,50.87,0xff,0xb5,0xff,0x9c,0x13,0xdf,ff b5 ff 9c 13 df 00 00
2025-10-25 13:20:11,50.87,0xff,0xb5,0xff,0x9c,0x13,0xdf,ff b5 ff 9c 13 df 00 00
2025-10-25 13:20:11,50.87,0xff,0xb5,0xff,0x9c,0x13,0xdf,ff b5 ff 9c 13 df 00 00
2025-10-25 13:20:11,52,0xff,0xbc,0xff,0x9c,0x14,0x50,ff bc ff 9c 14 50 00 00
2025-10-25 13:20:11,52,0xff,0xbc,0xff,0x9c,0x14,0x50,ff bc ff 9c 14 50 00 00
2025-10-25 13:20:11,52,0xff,0xbc,0xff,0x9c,0x14,0x50,ff bc ff 9c 14 50 00 00
2025-10-25 13:20:11,52.87,0xff,0x96,0xff,0x77,0x14,0xa7,ff 96 ff 77 14 a7 00 00
2025-10-25 13:20:11,52.87,0xff,0x96,0xff,0x77,0x14,0xa7,ff 96 ff 77 14 a7 00 00
2025-10-25 13:20:11,53,0xff,0x96,0xff,0x71,0x14,0xb4,ff 96 ff 71 14 b4 00 00
2025-10-25 13:20:11,53,0xff,0x96,0xff,0x71,0x14,0xb4,ff 96 ff 71 14 b4 00 00
2025-10-25 13:20:11,53,0xff,0x96,0xff,0x71,0x14,0xb4,ff 96 ff 71 14 b4 00 00
2025-10-25 13:20:11,52.87,0xff,0xbc,0xff,0x9c,0x14,0xa7,ff bc ff 9c 14 a7 00 00
2025-10-25 13:20:11,52.87,0xff,0xbc,0xff,0x9c,0x14,0xa7,ff bc ff 9c 14 a7 00 00
2025-10-25 13:20:11,52.87,0xff,0xbc,0xff,0x9c,0x14,0xa7,ff bc ff 9c 14 a7 00 00
2025-10-25 13:20:11,52.62,0xff,0xce,0xff,0xbc,0x14,0x8e,ff ce ff bc 14 8e 00 00
2025-10-25 13:20:11,52.62,0xff,0xce,0xff,0xbc,0x14,0x8e,ff ce ff bc 14 8e 00 00
2025-10-25 13:20:11,52.87,0xff,0xc2,0xff,0x96,0x14,0xa7,ff c2 ff 96 14 a7 00 00
2025-10-25 13:20:11,52.87,0xff,0xc2,0xff,0x96,0x14,0xa7,ff c2 ff 96 14 a7 00 00
2025-10-25 13:20:11,52.87,0xff,0xc2,0xff,0x96,0x14,0xa7,ff c2 ff 96 14 a7 00 00
2025-10-25 13:20:11,53.06,0xff,0xbc,0xff,0x77,0x14,0xba,ff bc ff 77 14 ba 00 00
2025-10-25 13:20:11,53.06,0xff,0xbc,0xff,0x77,0x14,0xba,ff bc ff 77 14 ba 00 00
2025-10-25 13:20:11,53.06,0xff,0xb5,0xff,0x64,0x14,0xba,ff b5 ff 64 14 ba 00 00
2025-10-25 13:20:11,53.06,0xff,0xb5,0xff,0x64,0x14,0xba,ff b5 ff 64 14 ba 00 00
2025-10-25 13:20:11,53.06,0xff,0xb5,0xff,0x64,0x14,0xba,ff b5 ff 64 14 ba 00 00
2025-10-25 13:20:11,53.06,0xff,0xa9,0xff,0x6a,0x14,0xba,ff a9 ff 6a 14 ba 00 00
2025-10-25 13:20:11,53.06,0xff,0xa9,0xff,0x6a,0x14,0xba,ff a9 ff 6a 14 ba 00 00
2025-10-25 13:20:11,52.87,0xff,0xaf,0xff,0xa3,0x14,0xa7,ff af ff a3 14 a7 00 00
2025-10-25 13:20:11,52.87,0xff,0xaf,0xff,0xa3,0x14,0xa7,ff af ff a3 14 a7 00 00
2025-10-25 13:20:11,52.87,0xff,0xaf,0xff,0xa3,0x14,0xa7,ff af ff a3 14 a7 00 00
2025-10-25 13:20:11,52.62,0xff,0xc8,0xff,0xc2,0x14,0x8e,ff c8 ff c2 14 8e 00 00
2025-10-25 13:20:11,52.62,0xff,0xc8,0xff,0xc2,0x14,0x8e,ff c8 ff c2 14 8e 00 00
2025-10-25 13:20:11,52.62,0xff,0xc8,0xff,0xc2,0x14,0x8e,ff c8 ff c2 14 8e 00 00
2025-10-25 13:20:11,52.87,0xff,0xc8,0xff,0x96,0x14,0xa7,ff c8 ff 96 14 a7 00 00
2025-10-25 13:20:11,52.87,0xff,0xc8,0xff,0x96,0x14,0xa7,ff c8 ff 96 14 a7 00 00
2025-10-25 13:20:11,53.06,0xff,0xc8,0xff,0x77,0x14,0xba,ff c8 ff 77 14 ba 00 00
2025-10-25 13:20:11,53.06,0xff,0xc8,0xff,0x77,0x14,0xba,ff c8 ff 77 14 ba 00 00
2025-10-25 13:20:11,53.06,0xff,0xc8,0xff,0x77,0x14,0xba,ff c8 ff 77 14 ba 00 00
2025-10-25 13:20:11,53.06,0xff,0xce,0xff,0x71,0x14,0xba,ff ce ff 71 14 ba 00 00
2025-10-25 13:20:11,53.06,0xff,0xce,0xff,0x71,0x14,0xba,ff ce ff 71 14 ba 00 00
2025-10-25 13:20:11,53.06,0xff,0xce,0xff,0x71,0x14,0xba,ff ce ff 71 14 ba 00 00
2025-10-25 13:20:11,52.87,0xff,0xc2,0xff,0x9c,0x14,0xa7,ff c2 ff 9c 14 a7 00 00
2025-10-25 13:20:11,52.87,0xff,0xc2,0xff,0x9c,0x14,0xa7,ff c2 ff 9c 14 a7 00 00
2025-10-25 13:20:11,52.87,0xff,0xaf,0xff,0xa3,0x14,0xa7,ff af ff a3 14 a7 00 00
2025-10-25 13:20:12,52.87,0xff,0xaf,0xff,0xa3,0x14,0xa7,ff af ff a3 14 a7 00 00
2025-10-25 13:20:12,52.87,0xff,0xaf,0xff,0xa3,0x14,0xa7,ff af ff a3 14 a7 00 00
2025-10-25 13:20:12,52.87,0xff,0xaf,0xff,0xa3,0x14,0xa7,ff af ff a3 14 a7 00 00
2025-10-25 13:20:12,52.87,0xff,0xaf,0xff,0xa3,0x14,0xa7,ff af ff a3 14 a7 00 00
2025-10-25 13:20:12,52.87,0xff,0xaf,0xff,0x83,0x14,0xa7,ff af ff 83 14 a7 00 00
2025-10-25 13:20:12,52.87,0xff,0xaf,0xff,0x83,0x14,0xa7,ff af ff 83 14 a7 00 00
2025-10-25 13:20:12,52.87,0xff,0xaf,0xff,0x83,0x14,0xa7,ff af ff 83 14 a7 00 00
2025-10-25 13:20:12,53.06,0xff,0xc2,0xff,0x77,0x14,0xba,ff c2 ff 77 14 ba 00 00
2025-10-25 13:20:12,53.06,0xff,0xc2,0xff,0x77,0x14,0xba,ff c2 ff 77 14 ba 00 00
2025-10-25 13:20:12,52.87,0xff,0xb5,0xff,0x83,0x14,0xa7,ff b5 ff 83 14 a7 00 00
2025-10-25 13:20:12,52.87,0xff,0xb5,0xff,0x83,0x14,0xa7,ff b5 ff 83 14 a7 00 00
2025-10-25 13:20:12,52.87,0xff,0xb5,0xff,0x83,0x14,0xa7,ff b5 ff 83 14 a7 00 00
2025-10-25 13:20:12,52.87,0xff,0xb5,0xff,0x9c,0x14,0xa7,ff b5 ff 9c 14 a7 00 00
2025-10-25 13:20:12,52.87,0xff,0xb5,0xff,0x9c,0x14,0xa7,ff b5 ff 9c 14 a7 00 00
2025-10-25 13:20:12,52.87,0xff,0xb5,0xff,0x9c,0x14,0xa7,ff b5 ff 9c 14 a7 00 00
2025-10-25 13:20:12,52.87,0xff,0xbc,0xff,0x9c,0x14,0xa7,ff bc ff 9c 14 a7 00 00
2025-10-25 13:20:12,52.87,0xff,0xbc,0xff,0x9c,0x14,0xa7,ff bc ff 9c 14 a7 00 00
2025-10-25 13:20:12,52.87,0xff,0xbc,0xff,0x9c,0x14,0xa7,ff bc ff 9c 14 a7 00 00
2025-10-25 13:20:12,52.87,0xff,0xaf,0xff,0x83,0x14,0xa7,ff af ff 83 14 a7 00 00
2025-10-25 13:20:12,52.87,0xff,0xaf,0xff,0x83,0x14,0xa7,ff af ff 83 14 a7 00 00
2025-10-25 13:20:12,52.87,0xff,0xaf,0xff,0x83,0x14,0xa7,ff af ff 83 14 a7 00 00
2025-10-25 13:20:12,52.87,0xff,0xaf,0xff,0x83,0x14,0xa7,ff af ff 83 14 a7 00 00
2025-10-25 13:20:12,52.87,0xff,0xaf,0xff,0x83,0x14,0xa7,ff af ff 83 14 a7 00 00
2025-10-25 13:20:12,52.87,0xff,0xaf,0xff,0x83,0x14,0xa7,ff af ff 83 14 a7 00 00
2025-10-25 13:20:12,52.87,0xff,0xaf,0xff,0x83,0x14,0xa7,ff af ff 83 14 a7 00 00
2025-10-25 13:20:12,52.87,0xff,0xaf,0xff,0x83,0x14,0xa7,ff af ff 83 14 a7 00 00
2025-10-25 13:20:12,52.87,0xff,0xaf,0xff,0x83,0x14,0xa7,ff af ff 83 14 a7 00 00
2025-10-25 13:20:12,52.87,0xff,0xaf,0xff,0x83,0x14,0xa7,ff af ff 83 14 a7 00 00
2025-10-25 13:20:12,54,0xff,0xaf,0xff,0x83,0x15,0x18,ff af ff 83 15 18 00 00
2025-10-25 13:20:12,54,0xff,0xaf,0xff,0x83,0x15,0x18,ff af ff 83 15 18 00 00
2025-10-25 13:20:12,54.43,0xff,0xaf,0xff,0x83,0x15,0x43,ff af ff 83 15 43 00 00
2025-10-25 13:20:12,54.43,0xff,0xaf,0xff,0x83,0x15,0x43,ff af ff 83 15 43 00 00
2025-10-25 13:20:12,54.43,0xff,0xaf,0xff,0x83,0x15,0x43,ff af ff 83 15 43 00 00
2025-10-25 13:20:12,54.68,0xff,0xaf,0xff,0x83,0x15,0x5c,ff af ff 83 15 5c 00 00
2025-10-25 13:20:12,54.68,0xff,0xaf,0xff,0x83,0x15,0x5c,ff af ff 83 15 5c 00 00
2025-10-25 13:20:12,54.68,0xff,0xaf,0xff,0x83,0x15,0x5c,ff af ff 83 15 5c 00 00
2025-10-25 13:20:12,54.93,0xff,0xaf,0xff,0x83,0x15,0x75,ff af ff 83 15 75 00 00
2025-10-25 13:20:12,54.93,0xff,0xaf,0xff,0x83,0x15,0x75,ff af ff 83 15 75 00 00
2025-10-25 13:20:12,55.18,0xff,0xaf,0xff,0x83,0x15,0x8e,ff af ff 83 15 8e 00 00
2025-10-25 13:20:12,55.18,0xff,0xaf,0xff,0x83,0x15,0x8e,ff af ff 83 15 8e 00 00
2025-10-25 13:20:12,55.18,0xff,0xaf,0xff,0x83,0x15,0x8e,ff af ff 83 15 8e 00 00
2025-10-25 13:20:12,55.43,0xff,0xaf,0xff,0x83,0x15,0xa7,ff af ff 83 15 a7 00 00
2025-10-25 13:20:12,55.43,0xff,0xaf,0xff,0x83,0x15,0xa7,ff af ff 83 15 a7 00 00
2025-10-25 13:20:12,55.43,0xff,0xaf,0xff,0x83,0x15,0xa7,ff af ff 83 15 a7 00 00
2025-10-25 13:20:12,55.43,0xff,0xaf,0xff,0x83,0x15,0xa7,ff af ff 83 15 a7 00 00
2025-10-25 13:20:12,55.43,0xff,0xaf,0xff,0x83,0x15,0xa7,ff af ff 83 15 a7 00 00
2025-10-25 13:20:12,55.43,0xff,0xaf,0xff,0x83,0x15,0xa7,ff af ff 83 15 a7 00 00
2025-10-25 13:20:12,55.43,0xff,0xaf,0xff,0x83,0x15,0xa7,ff af ff 83 15 a7 00 00
2025-10-25 13:20:12,55.43,0xff,0xaf,0xff,0x83,0x15,0xa7,ff af ff 83 15 a7 00 00
2025-10-25 13:20:12,55.43,0xff,0xaf,0xff,0x83,0x15,0xa7,ff af ff 83 15 a7 00 00
2025-10-25 13:20:12,55.43,0xff,0xaf,0xff,0x83,0x15,0xa7,ff af ff 83 15 a7 00 00
2025-10-25 13:20:12,55.43,0xff,0xaf,0xff,0x83,0x15,0xa7,ff af ff 83 15 a7 00 00
2025-10-25 13:20:13,55.43,0xff,0xaf,0xff,0x83,0x15,0xa7,ff af ff 83 15 a7 00 00
2025-10-25 13:20:13,55.43,0xff,0xaf,0xff,0x83,0x15,0xa7,ff af ff 83 15 a7 00 00
2025-10-25 13:20:13,55.43,0xff,0xaf,0xff,0x83,0x15,0xa7,ff af ff 83 15 a7 00 00
2025-10-25 13:20:13,55.43,0xff,0xaf,0xff,0x83,0x15,0xa7,ff af ff 83 15 a7 00 00
2025-10-25 13:20:13,55.43,0xff,0xaf,0xff,0x83,0x15,0xa7,ff af ff 83 15 a7 00 00
2025-10-25 13:20:13,55.43,0xff,0xaf,0xff,0x83,0x15,0xa7,ff af ff 83 15 a7 00 00
2025-10-25 13:20:13,55.43,0xff,0xaf,0xff,0x83,0x15,0xa7,ff af ff 83 15 a7 00 00
2025-10-25 13:20:13,55.43,0xff,0xaf,0xff,0x83,0x15,0xa7,ff af ff 83 15 a7 00 00
2025-10-25 13:20:13,55.43,0xff,0xaf,0xff,0x83,0x15,0xa7,ff af ff 83 15 a7 00 00
2025-10-25 13:20:13,55.43,0xff,0xaf,0xff,0x83,0x15,0xa7,ff af ff 83 15 a7 00 00
2025-10-25 13:20:13,55.43,0xff,0xaf,0xff,0x83,0x15,0xa7,ff af ff 83 15 a7 00 00
2025-10-25 13:20:13,55.43,0xff,0xaf,0xff,0x83,0x15,0xa7,ff af ff 83 15 a7 00 00
2025-10-25 13:20:13,55.43,0xff,0xaf,0xff,0x83,0x15,0xa7,ff af ff 83 15 a7 00 00
2025-10-25 13:20:13,55.43,0xff,0xaf,0xff,0x83,0x15,0xa7,ff af ff 83 15 a7 00 00
2025-10-25 13:20:13,55.43,0xff,0xaf,0xff,0x83,0x15,0xa7,ff af ff 83 15 a7 00 00
2025-10-25 13:20:13,56.62,0xff,0xaf,0xff,0x83,0x16,0x1e,ff af ff 83 16 1e 00 00
2025-10-25 13:20:13,56.62,0xff,0xaf,0xff,0x83,0x16,0x1e,ff af ff 83 16 1e 00 00
2025-10-25 13:20:13,56.62,0xff,0xaf,0xff,0x83,0x16,0x1e,ff af ff 83 16 1e 00 00
2025-10-25 13:20:13,56.87,0xff,0xaf,0xff,0x83,0x16,0x37,ff af ff 83 16 37 00 00
2025-10-25 13:20:13,56.87,0xff,0xaf,0xff,0x83,0x16,0x37,ff af ff 83 16 37 00 00
2025-10-25 13:20:13,57.12,0xff,0xaf,0xff,0x83,0x16,0x50,ff af ff 83 16 50 00 00
2025-10-25 13:20:13,57.12,0xff,0xaf,0xff,0x83,0x16,0x50,ff af ff 83 16 50 00 00
2025-10-25 13:20:13,57.12,0xff,0xaf,0xff,0x83,0x16,0x50,ff af ff 83 16 50 00 00
2025-10-25 13:20:13,56.87,0xff,0xaf,0xff,0x83,0x16,0x37,ff af ff 83 16 37 00 00
2025-10-25 13:20:13,56.87,0xff,0xaf,0xff,0x83,0x16,0x37,ff af ff 83 16 37 00 00
2025-10-25 13:20:13,56.87,0xff,0xaf,0xff,0x83,0x16,0x37,ff af ff 83 16 37 00 00
2025-10-25 13:20:13,56.87,0xff,0xaf,0xff,0x83,0x16,0x37,ff af ff 83 16 37 00 00
2025-10-25 13:20:13,56.87,0xff,0xaf,0xff,0x83,0x16,0x37,ff af ff 83 16 37 00 00
2025-10-25 13:20:13,57.12,0xff,0xaf,0xff,0x83,0x16,0x50,ff af ff 83 16 50 00 00
2025-10-25 13:20:13,57.12,0xff,0xaf,0xff,0x83,0x16,0x50,ff af ff 83 16 50 00 00
2025-10-25 13:20:13,57.12,0xff,0xaf,0xff,0x83,0x16,0x50,ff af ff 83 16 50 00 00
2025-10-25 13:20:13,57.12,0xff,0xaf,0xff,0x83,0x16,0x50,ff af ff 83 16 50 00 00
2025-10-25 13:20:13,57.12,0xff,0xaf,0xff,0x83,0x16,0x50,ff af ff 83 16 50 00 00
2025-10-25 13:20:13,57.12,0xff,0xaf,0xff,0x83,0x16,0x50,ff af ff 83 16 50 00 00
2025-10-25 13:20:13,57.12,0xff,0xaf,0xff,0x83,0x16,0x50,ff af ff 83 16 50 00 00
2025-10-25 13:20:13,57.12,0xff,0xaf,0xff,0x83,0x16,0x50,ff af ff 83 16 50 00 00
2025-10-25 13:20:13,57.12,0xff,0xaf,0xff,0x83,0x16,0x50,ff af ff 83 16 50 00 00
2025-10-25 13:20:13,57.12,0xff,0xaf,0xff,0x83,0x16,0x50,ff af ff 83 16 50 00 00
2025-10-25 13:20:13,57.12,0xff,0xaf,0xff,0x83,0x16,0x50,ff af ff 83 16 50 00 00
2025-10-25 13:20:13,57.12,0xff,0xaf,0xff,0x83,0x16,0x50,ff af ff 83 16 50 00 00
2025-10-25 13:20:13,57.12,0xff,0xaf,0xff,0x83,0x16,0x50,ff af ff 83 16 50 00 00
2025-10-25 13:20:13,57.12,0xff,0xaf,0xff,0x83,0x16,0x50,ff af ff 83 16 50 00 00
2025-10-25 13:20:13,57.12,0xff,0xaf,0xff,0x83,0x16,0x50,ff af ff 83 16 50 00 00
2025-10-25 13:20:13,57.12,0xff,0xaf,0xff,0x83,0x16,0x50,ff af ff 83 16 50 00 00
2025-10-25 13:20:13,57.12,0xff,0xaf,0xff,0x83,0x16,0x50,ff af ff 83 16 50 00 00
2025-10-25 13:20:13,57.12,0xff,0xaf,0xff,0x83,0x16,0x50,ff af ff 83 16 50 00 00
2025-10-25 13:20:13,57.12,0xff,0xaf,0xff,0x83,0x16,0x50,ff af ff 83 16 50 00 00
2025-10-25 13:20:13,57.12,0xff,0xaf,0xff,0x83,0x16,0x50,ff af ff 83 16 50 00 00
2025-10-25 13:20:13,57.12,0xff,0xaf,0xff,0x83,0x16,0x50,ff af ff 83 16 50 00 00
2025-10-25 13:20:13,57.12,0xff,0xaf,0xff,0x83,0x16,0x50,ff af ff 83 16 50 00 00
2025-10-25 13:20:13,57.12,0xff,0xaf,0xff,0x83,0x16,0x50,ff af ff 83 16 50 00 00
2025-10-25 13:20:13,57.12,0xff,0xaf,0xff,0x83,0x16,0x50,ff af ff 83 16 50 00 00
2025-10-25 13:20:13,57.12,0xff,0xaf,0xff,0x83,0x16,0x50,ff af ff 83 16 50 00 00
2025-10-25 13:20:14,57.12,0xff,0xaf,0xff,0x83,0x16,0x50,ff af ff 83 16 50 00 00
2025-10-25 13:20:14,57.12,0xff,0xaf,0xff,0x83,0x16,0x50,ff af ff 83 16 50 00 00
2025-10-25 13:20:14,57.12,0xff,0xaf,0xff,0x83,0x16,0x50,ff af ff 83 16 50 00 00
2025-10-25 13:20:14,57.12,0xff,0xaf,0xff,0x83,0x16,0x50,ff af ff 83 16 50 00 00
2025-10-25 13:20:14,57.12,0xff,0xaf,0xff,0x83,0x16,0x50,ff af ff 83 16 50 00 00
2025-10-25 13:20:14,57.12,0xff,0xaf,0xff,0x83,0x16,0x50,ff af ff 83 16 50 00 00
2025-10-25 13:20:14,57.12,0xff,0xaf,0xff,0x83,0x16,0x50,ff af ff 83 16 50 00 00
2025-10-25 13:20:14,57.12,0xff,0xaf,0xff,0x83,0x16,0x50,ff af ff 83 16 50 00 00
2025-10-25 13:20:14,57.12,0xff,0xaf,0xff,0x83,0x16,0x50,ff af ff 83 16 50 00 00
2025-10-25 13:20:14,58.37,0xff,0xaf,0xff,0x83,0x16,0xcd,ff af ff 83 16 cd 00 00
2025-10-25 13:20:14,58.37,0xff,0xaf,0xff,0x83,0x16,0xcd,ff af ff 83 16 cd 00 00
2025-10-25 13:20:14,58.37,0xff,0xaf,0xff,0x83,0x16,0xcd,ff af ff 83 16 cd 00 00
2025-10-25 13:20:14,58.81,0xff,0xaf,0xff,0x83,0x16,0xf9,ff af ff 83 16 f9 00 00
2025-10-25 13:20:14,58.81,0xff,0xaf,0xff,0x83,0x16,0xf9,ff af ff 83 16 f9 00 00
2025-10-25 13:20:14,59.06,0xff,0xaf,0xff,0x83,0x17,0x12,ff af ff 83 17 12 00 00
2025-10-25 13:20:14,59.06,0xff,0xaf,0xff,0x83,0x17,0x12,ff af ff 83 17 12 00 00
2025-10-25 13:20:14,59.06,0xff,0xaf,0xff,0x83,0x17,0x12,ff af ff 83 17 12 00 00
2025-10-25 13:20:14,59.18,0xff,0xaf,0xff,0x83,0x17,0x1e,ff af ff 83 17 1e 00 00
2025-10-25 13:20:14,59.18,0xff,0xaf,0xff,0x83,0x17,0x1e,ff af ff 83 17 1e 00 00
2025-10-25 13:20:14,59.5,0xff,0xaf,0xff,0x83,0x17,0x3e,ff af ff 83 17 3e 00 00
2025-10-25 13:20:14,59.5,0xff,0xaf,0xff,0x83,0x17,0x3e,ff af ff 83 17 3e 00 00
2025-10-25 13:20:14,59.5,0xff,0xaf,0xff,0x83,0x17,0x3e,ff af ff 83 17 3e 00 00
2025-10-25 13:20:14,59.62,0xff,0xaf,0xff,0x83,0x17,0x4a,ff af ff 83 17 4a 00 00
2025-10-25 13:20:14,59.62,0xff,0xaf,0xff,0x83,0x17,0x4a,ff af ff 83 17 4a 00 00
2025-10-25 13:20:14,59.62,0xff,0xaf,0xff,0x83,0x17,0x4a,ff af ff 83 17 4a 00 00
2025-10-25 13:20:14,60.18,0xff,0xaf,0xff,0x83,0x17,0x82,ff af ff 83 17 82 00 00
2025-10-25 13:20:14,60.18,0xff,0xaf,0xff,0x83,0x17,0x82,ff af ff 83 17 82 00 00
2025-10-25 13:20:14,60.18,0xff,0xaf,0xff,0x83,0x17,0x82,ff af ff 83 17 82 00 00
2025-10-25 13:20:14,60.18,0xff,0xaf,0xff,0x83,0x17,0x82,ff af ff 83 17 82 00 00
2025-10-25 13:20:14,60.18,0xff,0xaf,0xff,0x83,0x17,0x82,ff af ff 83 17 82 00 00
2025-10-25 13:20:14,60.18,0xff,0xaf,0xff,0x83,0x17,0x82,ff af ff 83 17 82 00 00
2025-10-25 13:20:14,60.18,0xff,0xaf,0xff,0x83,0x17,0x82,ff af ff 83 17 82 00 00
2025-10-25 13:20:14,60.18,0xff,0xaf,0xff,0x83,0x17,0x82,ff af ff 83 17 82 00 00
2025-10-25 13:20:14,60.18,0xff,0xaf,0xff,0x83,0x17,0x82,ff af ff 83 17 82 00 00
2025-10-25 13:20:14,60.18,0xff,0xaf,0xff,0x83,0x17,0x82,ff af ff 83 17 82 00 00
2025-10-25 13:20:14,60.18,0xff,0xaf,0xff,0x83,0x17,0x82,ff af ff 83 17 82 00 00
2025-10-25 13:20:14,60.18,0xff,0xaf,0xff,0x83,0x17,0x82,ff af ff 83 17 82 00 00
2025-10-25 13:20:14,60.18,0xff,0xaf,0xff,0x83,0x17,0x82,ff af ff 83 17 82 00 00
2025-10-25 13:20:14,60.18,0xff,0xaf,0xff,0x83,0x17,0x82,ff af ff 83 17 82 00 00
2025-10-25 13:20:14,60.18,0xff,0xaf,0xff,0x83,0x17,0x82,ff af ff 83 17 82 00 00
2025-10-25 13:20:14,60.18,0xff,0xaf,0xff,0x83,0x17,0x82,ff af ff 83 17 82 00 00
2025-10-25 13:20:14,60.18,0xff,0xaf,0xff,0x83,0x17,0x82,ff af ff 83 17 82 00 00
2025-10-25 13:20:14,60.18,0xff,0xaf,0xff,0x83,0x17,0x82,ff af ff 83 17 82 00 00
2025-10-25 13:20:14,60.18,0xff,0xaf,0xff,0x83,0x17,0x82,ff af ff 83 17 82 00 00
2025-10-25 13:20:14,60.18,0xff,0xaf,0xff,0x83,0x17,0x82,ff af ff 83 17 82 00 00
2025-10-25 13:20:14,60.18,0xff,0xaf,0xff,0x83,0x17,0x82,ff af ff 83 17 82 00 00
2025-10-25 13:20:14,60.18,0xff,0xaf,0xff,0x83,0x17,0x82,ff af ff 83 17 82 00 00
2025-10-25 13:20:14,60.18,0xff,0xaf,0xff,0x83,0x17,0x82,ff af ff 83 17 82 00 00
2025-10-25 13:20:14,60.18,0xff,0xaf,0xff,0x83,0x17,0x82,ff af ff 83 17 82 00 00
2025-10-25 13:20:14,60.18,0xff,0xaf,0xff,0x83,0x17,0x82,ff af ff 83 17 82 00 00
2025-10-25 13:20:14,60.18,0xff,0xaf,0xff,0x83,0x17,0x82,ff af ff 83 17 82 00 00
2025-10-25 13:20:14,60.18,0xff,0xaf,0xff,0x83,0x17,0x82,ff af ff 83 17 82 00 00
2025-10-25 13:20:15,60.18,0xff,0xaf,0xff,0x83,0x17,0x82,ff af ff 83 17 82 00 00
2025-10-25 13:20:15,61.25,0xff,0xaf,0xff,0x83,0x17,0xed,ff af ff 83 17 ed 00 00
2025-10-25 13:20:15,61.25,0xff,0xaf,0xff,0x83,0x17,0xed,ff af ff 83 17 ed 00 00
2025-10-25 13:20:15,61.25,0xff,0xaf,0xff,0x83,0x17,0xed,ff af ff 83 17 ed 00 00
2025-10-25 13:20:15,61.81,0xff,0xaf,0xff,0x83,0x18,0x25,ff af ff 83 18 25 00 00
2025-10-25 13:20:15,61.81,0xff,0xaf,0xff,0x83,0x18,0x25,ff af ff 83 18 25 00 00
2025-10-25 13:20:15,61.81,0xff,0xaf,0xff,0x83,0x18,0x25,ff af ff 83 18 25 00 00
2025-10-25 13:20:15,61.81,0xff,0xaf,0xff,0x83,0x18,0x25,ff af ff 83 18 25 00 00
2025-10-25 13:20:15,61.81,0xff,0xaf,0xff,0x83,0x18,0x25,ff af ff 83 18 25 00 00
2025-10-25 13:20:15,62.12,0xff,0xaf,0xff,0x83,0x18,0x44,ff af ff 83 18 44 00 00
2025-10-25 13:20:15,62.12,0xff,0xaf,0xff,0x83,0x18,0x44,ff af ff 83 18 44 00 00
2025-10-25 13:20:15,62.12,0xff,0xaf,0xff,0x83,0x18,0x44,ff af ff 83 18 44 00 00
2025-10-25 13:20:15,62.37,0xff,0xaf,0xff,0x83,0x18,0x5d,ff af ff 83 18 5d 00 00
2025-10-25 13:20:15,62.37,0xff,0xaf,0xff,0x83,0x18,0x5d,ff af ff 83 18 5d 00 00
2025-10-25 13:20:15,62.56,0xff,0xaf,0xff,0x83,0x18,0x70,ff af ff 83 18 70 00 00
2025-10-25 13:20:15,62.56,0xff,0xaf,0xff,0x83,0x18,0x70,ff af ff 83 18 70 00 00
2025-10-25 13:20:15,62.56,0xff,0xaf,0xff,0x83,0x18,0x70,ff af ff 83 18 70 00 00
2025-10-25 13:20:15,62.56,0xff,0xaf,0xff,0x83,0x18,0x70,ff af ff 83 18 70 00 00
2025-10-25 13:20:15,62.56,0xff,0xaf,0xff,0x83,0x18,0x70,ff af ff 83 18 70 00 00
2025-10-25 13:20:15,62.56,0xff,0xaf,0xff,0x83,0x18,0x70,ff af ff 83 18 70 00 00
2025-10-25 13:20:15,62.56,0xff,0xaf,0xff,0x83,0x18,0x70,ff af ff 83 18 70 00 00
2025-10-25 13:20:15,62.56,0xff,0xaf,0xff,0x83,0x18,0x70,ff af ff 83 18 70 00 00
2025-10-25 13:20:15,62.56,0xff,0xaf,0xff,0x83,0x18,0x70,ff af ff 83 18 70 00 00
2025-10-25 13:20:15,62.56,0xff,0xaf,0xff,0x83,0x18,0x70,ff af ff 83 18 70 00 00
2025-10-25 13:20:15,62.56,0xff,0xaf,0xff,0x83,0x18,0x70,ff af ff 83 18 70 00 00
2025-10-25 13:20:15,62.56,0xff,0xaf,0xff,0x83,0x18,0x70,ff af ff 83 18 70 00 00
2025-10-25 13:20:15,62.56,0xff,0xaf,0xff,0x83,0x18,0x70,ff af ff 83 18 70 00 00
2025-10-25 13:20:15,62.56,0xff,0xaf,0xff,0x83,0x18,0x70,ff af ff 83 18 70 00 00
2025-10-25 13:20:15,62.56,0xff,0xaf,0xff,0x83,0x18,0x70,ff af ff 83 18 70 00 00
2025-10-25 13:20:15,62.56,0xff,0xaf,0xff,0x83,0x18,0x70,ff af ff 83 18 70 00 00
2025-10-25 13:20:15,62.56,0xff,0xaf,0xff,0x83,0x18,0x70,ff af ff 83 18 70 00 00
2025-10-25 13:20:15,62.56,0xff,0xaf,0xff,0x83,0x18,0x70,ff af ff 83 18 70 00 00
2025-10-25 13:20:15,62.56,0xff,0xaf,0xff,0x83,0x18,0x70,ff af ff 83 18 70 00 00
2025-10-25 13:20:15,62.56,0xff,0xaf,0xff,0x83,0x18,0x70,ff af ff 83 18 70 00 00
2025-10-25 13:20:15,62.56,0xff,0xaf,0xff,0x83,0x18,0x70,ff af ff 83 18 70 00 00
2025-10-25 13:20:15,62.56,0xff,0xaf,0xff,0x83,0x18,0x70,ff af ff 83 18 70 00 00
2025-10-25 13:20:15,62.56,0xff,0xaf,0xff,0x83,0x18,0x70,ff af ff 83 18 70 00 00
2025-10-25 13:20:15,62.56,0xff,0xaf,0xff,0x83,0x18,0x70,ff af ff 83 18 70 00 00
2025-10-25 13:20:15,63.68,0xff,0xaf,0xff,0x83,0x18,0xe0,ff af ff 83 18 e0 00 00
2025-10-25 13:20:15,63.68,0xff,0xaf,0xff,0x83,0x18,0xe0,ff af ff 83 18 e0 00 00
2025-10-25 13:20:15,64.56,0xff,0xaf,0xff,0x83,0x19,0x38,ff af ff 83 19 38 00 00
2025-10-25 13:20:15,64.56,0xff,0xaf,0xff,0x83,0x19,0x38,ff af ff 83 19 38 00 00
2025-10-25 13:20:15,64.56,0xff,0xaf,0xff,0x83,0x19,0x38,ff af ff 83 19 38 00 00
2025-10-25 13:20:15,64.87,0xff,0xaf,0xff,0x83,0x19,0x57,ff af ff 83 19 57 00 00
2025-10-25 13:20:15,64.87,0xff,0xaf,0xff,0x83,0x19,0x57,ff af ff 83 19 57 00 00
2025-10-25 13:20:15,64.87,0xff,0xaf,0xff,0x83,0x19,0x57,ff af ff 83 19 57 00 00
2025-10-25 13:20:15,64.87,0xff,0xaf,0xff,0x83,0x19,0x57,ff af ff 83 19 57 00 00
2025-10-25 13:20:15,64.87,0xff,0xaf,0xff,0x83,0x19,0x57,ff af ff 83 19 57 00 00
2025-10-25 13:20:15,64.87,0xff,0xaf,0xff,0x83,0x19,0x57,ff af ff 83 19 57 00 00
2025-10-25 13:20:15,64.87,0xff,0xaf,0xff,0x83,0x19,0x57,ff af ff 83 19 57 00 00
2025-10-25 13:20:15,64.87,0xff,0xaf,0xff,0x83,0x19,0x57,ff af ff 83 19 57 00 00
2025-10-25 13:20:15,64.56,0xff,0xaf,0xff,0x83,0x19,0x38,ff af ff 83 19 38 00 00
2025-10-25 13:20:16,64.56,0xff,0xaf,0xff,0x83,0x19,0x38,ff af ff 83 19 38 00 00
2025-10-25 13:20:16,64.56,0xff,0xaf,0xff,0x83,0x19,0x38,ff af ff 83 19 38 00 00
2025-10-25 13:20:16,65,0xff,0xaf,0xff,0x83,0x19,0x64,ff af ff 83 19 64 00 00
2025-10-25 13:20:16,65,0xff,0xaf,0xff,0x83,0x19,0x64,ff af ff 83 19 64 00 00
2025-10-25 13:20:16,65,0xff,0xaf,0xff,0x83,0x19,0x64,ff af ff 83 19 64 00 00
2025-10-25 13:20:16,65,0xff,0xaf,0xff,0x83,0x19,0x64,ff af ff 83 19 64 00 00
2025-10-25 13:20:16,65,0xff,0xaf,0xff,0x83,0x19,0x64,ff af ff 83 19 64 00 00
2025-10-25 13:20:16,65,0xff,0xaf,0xff,0x83,0x19,0x64,ff af ff 83 19 64 00 00
2025-10-25 13:20:16,65,0xff,0xaf,0xff,0x83,0x19,0x64,ff af ff 83 19 64 00 00
2025-10-25 13:20:16,65,0xff,0xaf,0xff,0x83,0x19,0x64,ff af ff 83 19 64 00 00
2025-10-25 13:20:16,65,0xff,0xaf,0xff,0x83,0x19,0x64,ff af ff 83 19 64 00 00
2025-10-25 13:20:16,65,0xff,0xaf,0xff,0x83,0x19,0x64,ff af ff 83 19 64 00 00
2025-10-25 13:20:16,65,0xff,0xaf,0xff,0x83,0x19,0x64,ff af ff 83 19 64 00 00
2025-10-25 13:20:16,65,0xff,0xaf,0xff,0x83,0x19,0x64,ff af ff 83 19 64 00 00
2025-10-25 13:20:16,65,0xff,0xaf,0xff,0x83,0x19,0x64,ff af ff 83 19 64 00 00
2025-10-25 13:20:16,65,0xff,0xaf,0xff,0x83,0x19,0x64,ff af ff 83 19 64 00 00
2025-10-25 13:20:16,65,0xff,0xaf,0xff,0x83,0x19,0x64,ff af ff 83 19 64 00 00
2025-10-25 13:20:16,65,0xff,0xaf,0xff,0x83,0x19,0x64,ff af ff 83 19 64 00 00
2025-10-25 13:20:16,65,0xff,0xaf,0xff,0x83,0x19,0x64,ff af ff 83 19 64 00 00
2025-10-25 13:20:16,65,0xff,0xaf,0xff,0x83,0x19,0x64,ff af ff 83 19 64 00 00
2025-10-25 13:20:16,65,0xff,0xaf,0xff,0x83,0x19,0x64,ff af ff 83 19 64 00 00
2025-10-25 13:20:16,65,0xff,0xaf,0xff,0x83,0x19,0x64,ff af ff 83 19 64 00 00
2025-10-25 13:20:16,65,0xff,0xaf,0xff,0x83,0x19,0x64,ff af ff 83 19 64 00 00
2025-10-25 13:20:16,65,0xff,0xaf,0xff,0x83,0x19,0x64,ff af ff 83 19 64 00 00
2025-10-25 13:20:16,65,0xff,0xaf,0xff,0x83,0x19,0x64,ff af ff 83 19 64 00 00
2025-10-25 13:20:16,65,0xff,0xaf,0xff,0x83,0x19,0x64,ff af ff 83 19 64 00 00
2025-10-25 13:20:16,65,0xff,0xaf,0xff,0x83,0x19,0x64,ff af ff 83 19 64 00 00
2025-10-25 13:20:16,65,0xff,0xaf,0xff,0x83,0x19,0x64,ff af ff 83 19 64 00 00
2025-10-25 13:20:16,65,0xff,0xaf,0xff,0x83,0x19,0x64,ff af ff 83 19 64 00 00
2025-10-25 13:20:16,65,0xff,0xaf,0xff,0x83,0x19,0x64,ff af ff 83 19 64 00 00
2025-10-25 13:20:16,65,0xff,0xaf,0xff,0x83,0x19,0x64,ff af ff 83 19 64 00 00
2025-10-25 13:20:16,65,0xff,0xaf,0xff,0x83,0x19,0x64,ff af ff 83 19 64 00 00
2025-10-25 13:20:16,65,0xff,0xaf,0xff,0x83,0x19,0x64,ff af ff 83 19 64 00 00
2025-10-25 13:20:16,65,0xff,0xaf,0xff,0x83,0x19,0x64,ff af ff 83 19 64 00 00
2025-10-25 13:20:16,65,0xff,0xaf,0xff,0x83,0x19,0x64,ff af ff 83 19 64 00 00
2025-10-25 13:20:16,65,0xff,0xaf,0xff,0x83,0x19,0x64,ff af ff 83 19 64 00 00
2025-10-25 13:20:16,65,0xff,0xaf,0xff,0x83,0x19,0x64,ff af ff 83 19 64 00 00
2025-10-25 13:20:16,65,0xff,0xaf,0xff,0x83,0x19,0x64,ff af ff 83 19 64 00 00
2025-10-25 13:20:16,65,0xff,0xaf,0xff,0x83,0x19,0x64,ff af ff 83 19 64 00 00
2025-10-25 13:20:16,65,0xff,0xaf,0xff,0x83,0x19,0x64,ff af ff 83 19 64 00 00
2025-10-25 13:20:16,65,0xff,0xaf,0xff,0x83,0x19,0x64,ff af ff 83 19 64 00 00
2025-10-25 13:20:16,65,0xff,0xaf,0xff,0x83,0x19,0x64,ff af ff 83 19 64 00 00
2025-10-25 13:20:16,65,0xff,0xaf,0xff,0x83,0x19,0x64,ff af ff 83 19 64 00 00
2025-10-25 13:20:16,65,0xff,0xaf,0xff,0x83,0x19,0x64,ff af ff 83 19 64 00 00
2025-10-25 13:20:16,65,0xff,0xaf,0xff,0x83,0x19,0x64,ff af ff 83 19 64 00 00
2025-10-25 13:20:16,65,0xff,0xaf,0xff,0x83,0x19,0x64,ff af ff 83 19 64 00 00
2025-10-25 13:20:16,66.31,0xff,0xaf,0xff,0x83,0x19,0xe7,ff af ff 83 19 e7 00 00
2025-10-25 13:20:16,66.31,0xff,0xaf,0xff,0x83,0x19,0xe7,ff af ff 83 19 e7 00 00
2025-10-25 13:20:16,66.31,0xff,0xaf,0xff,0x83,0x19,0xe7,ff af ff 83 19 e7 00 00
2025-10-25 13:20:16,67.06,0xff,0xaf,0xff,0x83,0x1a,0x32,ff af ff 83 1a 32 00 00
2025-10-25 13:20:16,67.06,0xff,0xaf,0xff,0x83,0x1a,0x32,ff af ff 83 1a 32 00 00
2025-10-25 13:20:16,67.5,0xff,0xaf,0xff,0x83,0x1a,0x5e,ff af ff 83 1a 5e 00 00
2025-10-25 13:20:17,67.5,0xff,0xaf,0xff,0x83,0x1a,0x5e,ff af ff 83 1a 5e 00 00
2025-10-25 13:20:17,67.5,0xff,0xaf,0xff,0x83,0x1a,0x5e,ff af ff 83 1a 5e 00 00
2025-10-25 13:20:17,67.5,0xff,0xaf,0xff,0x83,0x1a,0x5e,ff af ff 83 1a 5e 00 00
2025-10-25 13:20:17,67.5,0xff,0xaf,0xff,0x83,0x1a,0x5e,ff af ff 83 1a 5e 00 00
2025-10-25 13:20:17,67.18,0xff,0xaf,0xff,0x83,0x1a,0x3e,ff af ff 83 1a 3e 00 00
2025-10-25 13:20:17,67.18,0xff,0xaf,0xff,0x83,0x1a,0x3e,ff af ff 83 1a 3e 00 00
2025-10-25 13:20:17,67.18,0xff,0xaf,0xff,0x83,0x1a,0x3e,ff af ff 83 1a 3e 00 00
2025-10-25 13:20:17,67.37,0xff,0xaf,0xff,0x83,0x1a,0x51,ff af ff 83 1a 51 00 00
2025-10-25 13:20:17,67.37,0xff,0xaf,0xff,0x83,0x1a,0x51,ff af ff 83 1a 51 00 00
2025-10-25 13:20:17,67.68,0xff,0xaf,0xff,0x83,0x1a,0x70,ff af ff 83 1a 70 00 00
2025-10-25 13:20:17,67.68,0xff,0xaf,0xff,0x83,0x1a,0x70,ff af ff 83 1a 70 00 00
2025-10-25 13:20:17,67.68,0xff,0xaf,0xff,0x83,0x1a,0x70,ff af ff 83 1a 70 00 00
2025-10-25 13:20:17,67.68,0xff,0xaf,0xff,0x83,0x1a,0x70,ff af ff 83 1a 70 00 00
2025-10-25 13:20:17,67.68,0xff,0xaf,0xff,0x83,0x1a,0x70,ff af ff 83 1a 70 00 00
2025-10-25 13:20:17,67.68,0xff,0xaf,0xff,0x83,0x1a,0x70,ff af ff 83 1a 70 00 00
2025-10-25 13:20:17,67.68,0xff,0xaf,0xff,0x83,0x1a,0x70,ff af ff 83 1a 70 00 00
2025-10-25 13:20:17,67.68,0xff,0xaf,0xff,0x83,0x1a,0x70,ff af ff 83 1a 70 00 00
2025-10-25 13:20:17,67.68,0xff,0xaf,0xff,0x83,0x1a,0x70,ff af ff 83 1a 70 00 00
2025-10-25 13:20:17,67.68,0xff,0xaf,0xff,0x83,0x1a,0x70,ff af ff 83 1a 70 00 00
2025-10-25 13:20:17,67.68,0xff,0xaf,0xff,0x83,0x1a,0x70,ff af ff 83 1a 70 00 00
2025-10-25 13:20:17,67.68,0xff,0xaf,0xff,0x83,0x1a,0x70,ff af ff 83 1a 70 00 00
2025-10-25 13:20:17,67.68,0xff,0xaf,0xff,0x83,0x1a,0x70,ff af ff 83 1a 70 00 00
2025-10-25 13:20:17,67.68,0xff,0xaf,0xff,0x83,0x1a,0x70,ff af ff 83 1a 70 00 00
2025-10-25 13:20:17,67.68,0xff,0xaf,0xff,0x83,0x1a,0x70,ff af ff 83 1a 70 00 00
2025-10-25 13:20:17,67.68,0xff,0xaf,0xff,0x83,0x1a,0x70,ff af ff 83 1a 70 00 00
2025-10-25 13:20:17,67.68,0xff,0xaf,0xff,0x83,0x1a,0x70,ff af ff 83 1a 70 00 00
2025-10-25 13:20:17,67.68,0xff,0xaf,0xff,0x83,0x1a,0x70,ff af ff 83 1a 70 00 00
2025-10-25 13:20:17,67.68,0xff,0xaf,0xff,0x83,0x1a,0x70,ff af ff 83 1a 70 00 00
2025-10-25 13:20:17,67.68,0xff,0xaf,0xff,0x83,0x1a,0x70,ff af ff 83 1a 70 00 00
2025-10-25 13:20:17,67.68,0xff,0xaf,0xff,0x83,0x1a,0x70,ff af ff 83 1a 70 00 00
2025-10-25 13:20:17,67.68,0xff,0xaf,0xff,0x83,0x1a,0x70,ff af ff 83 1a 70 00 00
2025-10-25 13:20:17,67.68,0xff,0xaf,0xff,0x83,0x1a,0x70,ff af ff 83 1a 70 00 00
2025-10-25 13:20:17,67.68,0xff,0xaf,0xff,0x83,0x1a,0x70,ff af ff 83 1a 70 00 00
2025-10-25 13:20:17,67.68,0xff,0xaf,0xff,0x83,0x1a,0x70,ff af ff 83 1a 70 00 00
2025-10-25 13:20:17,67.68,0xff,0xaf,0xff,0x83,0x1a,0x70,ff af ff 83 1a 70 00 00
2025-10-25 13:20:17,67.68,0xff,0xaf,0xff,0x83,0x1a,0x70,ff af ff 83 1a 70 00 00
2025-10-25 13:20:17,67.68,0xff,0xaf,0xff,0x83,0x1a,0x70,ff af ff 83 1a 70 00 00
2025-10-25 13:20:17,67.68,0xff,0xaf,0xff,0x83,0x1a,0x70,ff af ff 83 1a 70 00 00
2025-10-25 13:20:17,67.68,0xff,0xaf,0xff,0x83,0x1a,0x70,ff af ff 83 1a 70 00 00
2025-10-25 13:20:17,67.68,0xff,0xaf,0xff,0x83,0x1a,0x70,ff af ff 83 1a 70 00 00
2025-10-25 13:20:17,67.68,0xff,0xaf,0xff,0x83,0x1a,0x70,ff af ff 83 1a 70 00 00
2025-10-25 13:20:17,67.68,0xff,0xaf,0xff,0x83,0x1a,0x70,ff af ff 83 1a 70 00 00
2025-10-25 13:20:17,67.68,0xff,0xaf,0xff,0x83,0x1a,0x70,ff af ff 83 1a 70 00 00
2025-10-25 13:20:17,67.68,0xff,0xaf,0xff,0x83,0x1a,0x70,ff af ff 83 1a 70 00 00
2025-10-25 13:20:17,67.68,0xff,0xaf,0xff,0x83,0x1a,0x70,ff af ff 83 1a 70 00 00
2025-10-25 13:20:17,67.68,0xff,0xaf,0xff,0x83,0x1a,0x70,ff af ff 83 1a 70 00 00
2025-10-25 13:20:17,67.68,0xff,0xaf,0xff,0x83,0x1a,0x70,ff af ff 83 1a 70 00 00
2025-10-25 13:20:17,67.68,0xff,0xaf,0xff,0x83,0x1a,0x70,ff af ff 83 1a 70 00 00
2025-10-25 13:20:17,67.68,0xff,0xaf,0xff,0x83,0x1a,0x70,ff af ff 83 1a 70 00 00
2025-10-25 13:20:17,67.68,0xff,0xaf,0xff,0x83,0x1a,0x70,ff af ff 83 1a 70 00 00
2025-10-25 13:20:17,67.68,0xff,0xaf,0xff,0x83,0x1a,0x70,ff af ff 83 1a 70 00 00
2025-10-25 13:20:17,67.68,0xff,0xaf,0xff,0x83,0x1a,0x70,ff af ff 83 1a 70 00 00
2025-10-25 13:20:18,67.68,0xff,0xaf,0xff,0x83,0x1a,0x70,ff af ff 83 1a 70 00 00
2025-10-25 13:20:18,67.68,0xff,0xaf,0xff,0x83,0x1a,0x70,ff af ff 83 1a 70 00 00
2025-10-25 13:20:18,67.68,0xff,0xaf,0xff,0x83,0x1a,0x70,ff af ff 83 1a 70 00 00
2025-10-25 13:20:18,67.68,0xff,0xaf,0xff,0x83,0x1a,0x70,ff af ff 83 1a 70 00 00
2025-10-25 13:20:18,67.68,0xff,0xaf,0xff,0x83,0x1a,0x70,ff af ff 83 1a 70 00 00
2025-10-25 13:20:18,67.68,0xff,0xaf,0xff,0x83,0x1a,0x70,ff af ff 83 1a 70 00 00
2025-10-25 13:20:18,67.68,0xff,0xaf,0xff,0x83,0x1a,0x70,ff af ff 83 1a 70 00 00
2025-10-25 13:20:18,69,0xff,0xaf,0xff,0x83,0x1a,0xf4,ff af ff 83 1a f4 00 00
2025-10-25 13:20:18,69,0xff,0xaf,0xff,0x83,0x1a,0xf4,ff af ff 83 1a f4 00 00
2025-10-25 13:20:18,69,0xff,0xaf,0xff,0x83,0x1a,0xf4,ff af ff 83 1a f4 00 00
2025-10-25 13:20:18,69.62,0xff,0xaf,0xff,0x83,0x1b,0x32,ff af ff 83 1b 32 00 00
2025-10-25 13:20:18,69.62,0xff,0xaf,0xff,0x83,0x1b,0x32,ff af ff 83 1b 32 00 00
2025-10-25 13:20:18,70.12,0xff,0xaf,0xff,0x83,0x1b,0x64,ff af ff 83 1b 64 00 00
2025-10-25 13:20:18,70.12,0xff,0xaf,0xff,0x83,0x1b,0x64,ff af ff 83 1b 64 00 00
2025-10-25 13:20:18,70.56,0xff,0xaf,0xff,0x83,0x1b,0x90,ff af ff 83 1b 90 00 00
2025-10-25 13:20:18,70.56,0xff,0xaf,0xff,0x83,0x1b,0x90,ff af ff 83 1b 90 00 00
2025-10-25 13:20:18,70.56,0xff,0xaf,0xff,0x83,0x1b,0x90,ff af ff 83 1b 90 00 00
2025-10-25 13:20:18,70.56,0xff,0xaf,0xff,0x83,0x1b,0x90,ff af ff 83 1b 90 00 00
2025-10-25 13:20:18,70.56,0xff,0xaf,0xff,0x83,0x1b,0x90,ff af ff 83 1b 90 00 00
2025-10-25 13:20:18,70.56,0xff,0xaf,0xff,0x83,0x1b,0x90,ff af ff 83 1b 90 00 00
2025-10-25 13:20:18,70.81,0xff,0xaf,0xff,0x83,0x1b,0xa9,ff af ff 83 1b a9 00 00
2025-10-25 13:20:18,70.81,0xff,0xaf,0xff,0x83,0x1b,0xa9,ff af ff 83 1b a9 00 00
2025-10-25 13:20:18,70.81,0xff,0xaf,0xff,0x83,0x1b,0xa9,ff af ff 83 1b a9 00 00
2025-10-25 13:20:18,70.56,0xff,0xaf,0xff,0x83,0x1b,0x90,ff af ff 83 1b 90 00 00
2025-10-25 13:20:18,70.56,0xff,0xaf,0xff,0x83,0x1b,0x90,ff af ff 83 1b 90 00 00
2025-10-25 13:20:18,70.56,0xff,0xaf,0xff,0x83,0x1b,0x90,ff af ff 83 1b 90 00 00
2025-10-25 13:20:18,70.56,0xff,0xaf,0xff,0x83,0x1b,0x90,ff af ff 83 1b 90 00 00
2025-10-25 13:20:18,70.56,0xff,0xaf,0xff,0x83,0x1b,0x90,ff af ff 83 1b 90 00 00
2025-10-25 13:20:18,70.56,0xff,0xaf,0xff,0x83,0x1b,0x90,ff af ff 83 1b 90 00 00
2025-10-25 13:20:18,70.56,0xff,0xaf,0xff,0x83,0x1b,0x90,ff af ff 83 1b 90 00 00
2025-10-25 13:20:18,70.56,0xff,0xaf,0xff,0x83,0x1b,0x90,ff af ff 83 1b 90 00 00
2025-10-25 13:20:18,70.56,0xff,0xaf,0xff,0x83,0x1b,0x90,ff af ff 83 1b 90 00 00
2025-10-25 13:20:18,70.56,0xff,0xaf,0xff,0x83,0x1b,0x90,ff af ff 83 1b 90 00 00
2025-10-25 13:20:18,70.56,0xff,0xaf,0xff,0x83,0x1b,0x90,ff af ff 83 1b 90 00 00
2025-10-25 13:20:18,70.56,0xff,0xaf,0xff,0x83,0x1b,0x90,ff af ff 83 1b 90 00 00
2025-10-25 13:20:18,70.56,0xff,0xaf,0xff,0x83,0x1b,0x90,ff af ff 83 1b 90 00 00
2025-10-25 13:20:18,70.56,0xff,0xaf,0xff,0x83,0x1b,0x90,ff af ff 83 1b 90 00 00
2025-10-25 13:20:18,70.56,0xff,0xaf,0xff,0x83,0x1b,0x90,ff af ff 83 1b 90 00 00
2025-10-25 13:20:18,70.56,0xff,0xaf,0xff,0x83,0x1b,0x90,ff af ff 83 1b 90 00 00
2025-10-25 13:20:18,70.56,0xff,0xaf,0xff,0x83,0x1b,0x90,ff af ff 83 1b 90 00 00
2025-10-25 13:20:18,70.56,0xff,0xaf,0xff,0x83,0x1b,0x90,ff af ff 83 1b 90 00 00
2025-10-25 13:20:18,70.56,0xff,0xaf,0xff,0x83,0x1b,0x90,ff af ff 83 1b 90 00 00
2025-10-25 13:20:18,70.56,0xff,0xaf,0xff,0x83,0x1b,0x90,ff af ff 83 1b 90 00 00
2025-10-25 13:20:18,70.56,0xff,0xaf,0xff,0x83,0x1b,0x90,ff af ff 83 1b 90 00 00
2025-10-25 13:20:18,70.56,0xff,0xaf,0xff,0x83,0x1b,0x90,ff af ff 83 1b 90 00 00
2025-10-25 13:20:18,70.56,0xff,0xaf,0xff,0x83,0x1b,0x90,ff af ff 83 1b 90 00 00
2025-10-25 13:20:18,70.56,0xff,0xaf,0xff,0x83,0x1b,0x90,ff af ff 83 1b 90 00 00
2025-10-25 13:20:18,70.56,0xff,0xaf,0xff,0x83,0x1b,0x90,ff af ff 83 1b 90 00 00
2025-10-25 13:20:18,70.56,0xff,0xaf,0xff,0x83,0x1b,0x90,ff af ff 83 1b 90 00 00
2025-10-25 13:20:18,70.56,0xff,0xaf,0xff,0x83,0x1b,0x90,ff af ff 83 1b 90 00 00
2025-10-25 13:20:18,70.56,0xff,0xaf,0xff,0x83,0x1b,0x90,ff af ff 83 1b 90 00 00
2025-10-25 13:20:18,70.56,0xff,0xaf,0xff,0x83,0x1b,0x90,ff af ff 83 1b 90 00 00
2025-10-25 13:20:19,70.56,0xff,0xaf,0xff,0x83,0x1b,0x90,ff af ff 83 1b 90 00 00
2025-10-25 13:20:19,70.56,0xff,0xaf,0xff,0x83,0x1b,0x90,ff af ff 83 1b 90 00 00
2025-10-25 13:20:19,70.56,0xff,0xaf,0xff,0x83,0x1b,0x90,ff af ff 83 1b 90 00 00
2025-10-25 13:20:19,70.56,0xff,0xaf,0xff,0x83,0x1b,0x90,ff af ff 83 1b 90 00 00
2025-10-25 13:20:19,70.56,0xff,0xaf,0xff,0x83,0x1b,0x90,ff af ff 83 1b 90 00 00
2025-10-25 13:20:19,70.56,0xff,0xaf,0xff,0x83,0x1b,0x90,ff af ff 83 1b 90 00 00
2025-10-25 13:20:19,70.56,0xff,0xaf,0xff,0x83,0x1b,0x90,ff af ff 83 1b 90 00 00
2025-10-25 13:20:19,70.56,0xff,0xaf,0xff,0x83,0x1b,0x90,ff af ff 83 1b 90 00 00
2025-10-25 13:20:19,70.56,0xff,0xaf,0xff,0x83,0x1b,0x90,ff af ff 83 1b 90 00 00
2025-10-25 13:20:19,70.56,0xff,0xaf,0xff,0x83,0x1b,0x90,ff af ff 83 1b 90 00 00
2025-10-25 13:20:19,70.25,0xff,0xaf,0xff,0xa9,0x1b,0x71,ff af ff a9 1b 71 00 00
2025-10-25 13:20:19,70.25,0xff,0xaf,0xff,0xa9,0x1b,0x71,ff af ff a9 1b 71 00 00
2025-10-25 13:20:19,70.37,0xff,0xa3,0xff,0xb5,0x1b,0x7d,ff a3 ff b5 1b 7d 00 00
2025-10-25 13:20:19,70.37,0xff,0xa3,0xff,0xb5,0x1b,0x7d,ff a3 ff b5 1b 7d 00 00
2025-10-25 13:20:19,70.37,0xff,0xa3,0xff,0xb5,0x1b,0x7d,ff a3 ff b5 1b 7d 00 00
2025-10-25 13:20:19,70.25,0xff,0xaf,0xff,0xa9,0x1b,0x71,ff af ff a9 1b 71 00 00
2025-10-25 13:20:19,70.25,0xff,0xaf,0xff,0xa9,0x1b,0x71,ff af ff a9 1b 71 00 00
2025-10-25 13:20:19,70.25,0xff,0xaf,0xff,0xa9,0x1b,0x71,ff af ff a9 1b 71 00 00
2025-10-25 13:20:19,70.56,0xff,0xbc,0xff,0x77,0x1b,0x90,ff bc ff 77 1b 90 00 00
2025-10-25 13:20:19,70.56,0xff,0xbc,0xff,0x77,0x1b,0x90,ff bc ff 77 1b 90 00 00
2025-10-25 13:20:19,70.56,0xff,0xd5,0xff,0x90,0x1b,0x90,ff d5 ff 90 1b 90 00 00
2025-10-25 13:20:19,70.56,0xff,0xd5,0xff,0x90,0x1b,0x90,ff d5 ff 90 1b 90 00 00
2025-10-25 13:20:19,70.56,0xff,0xd5,0xff,0x90,0x1b,0x90,ff d5 ff 90 1b 90 00 00
2025-10-25 13:20:19,70.25,0xff,0xaf,0xff,0xa9,0x1b,0x71,ff af ff a9 1b 71 00 00
2025-10-25 13:20:19,70.25,0xff,0xaf,0xff,0xa9,0x1b,0x71,ff af ff a9 1b 71 00 00
2025-10-25 13:20:19,70.25,0xff,0xaf,0xff,0xa9,0x1b,0x71,ff af ff a9 1b 71 00 00
2025-10-25 13:20:19,70.37,0xff,0x9c,0xff,0xbc,0x1b,0x7d,ff 9c ff bc 1b 7d 00 00
2025-10-25 13:20:19,70.37,0xff,0x9c,0xff,0xbc,0x1b,0x7d,ff 9c ff bc 1b 7d 00 00
2025-10-25 13:20:19,70.37,0xff,0x9c,0xff,0xbc,0x1b,0x7d,ff 9c ff bc 1b 7d 00 00
2025-10-25 13:20:19,70.37,0xff,0x9c,0xff,0xbc,0x1b,0x7d,ff 9c ff bc 1b 7d 00 00
2025-10-25 13:20:19,70.37,0xff,0x9c,0xff,0xbc,0x1b,0x7d,ff 9c ff bc 1b 7d 00 00
2025-10-25 13:20:19,70.56,0xff,0xa9,0xff,0x83,0x1b,0x90,ff a9 ff 83 1b 90 00 00
2025-10-25 13:20:19,70.56,0xff,0xa9,0xff,0x83,0x1b,0x90,ff a9 ff 83 1b 90 00 00
2025-10-25 13:20:19,71.93,0xff,0xaf,0xff,0x83,0x1c,0x19,ff af ff 83 1c 19 00 00
2025-10-25 13:20:19,71.93,0xff,0xaf,0xff,0x83,0x1c,0x19,ff af ff 83 1c 19 00 00
2025-10-25 13:20:19,71.93,0xff,0xaf,0xff,0x83,0x1c,0x19,ff af ff 83 1c 19 00 00
2025-10-25 13:20:19,72.31,0xff,0xa3,0xff,0x8a,0x1c,0x3f,ff a3 ff 8a 1c 3f 00 00
2025-10-25 13:20:19,72.31,0xff,0xa3,0xff,0x8a,0x1c,0x3f,ff a3 ff 8a 1c 3f 00 00
2025-10-25 13:20:19,72.81,0xff,0x9c,0xff,0x96,0x1c,0x71,ff 9c ff 96 1c 71 00 00
2025-10-25 13:20:19,72.81,0xff,0x9c,0xff,0x96,0x1c,0x71,ff 9c ff 96 1c 71 00 00
2025-10-25 13:20:19,72.81,0xff,0x9c,0xff,0x96,0x1c,0x71,ff 9c ff 96 1c 71 00 00
2025-10-25 13:20:19,73,0xff,0xa9,0xff,0x83,0x1c,0x84,ff a9 ff 83 1c 84 00 00
2025-10-25 13:20:19,73,0xff,0xa9,0xff,0x83,0x1c,0x84,ff a9 ff 83 1c 84 00 00
2025-10-25 13:20:19,73,0xff,0xa9,0xff,0x83,0x1c,0x84,ff a9 ff 83 1c 84 00 00
2025-10-25 13:20:19,73.37,0xff,0xc8,0xff,0x5e,0x1c,0xa9,ff c8 ff 5e 1c a9 00 00
2025-10-25 13:20:19,73.37,0xff,0xc8,0xff,0x5e,0x1c,0xa9,ff c8 ff 5e 1c a9 00 00
2025-10-25 13:20:19,73.68,0xff,0xc2,0xff,0x5e,0x1c,0xc8,ff c2 ff 5e 1c c8 00 00
2025-10-25 13:20:19,73.68,0xff,0xc2,0xff,0x5e,0x1c,0xc8,ff c2 ff 5e 1c c8 00 00
2025-10-25 13:20:19,73.68,0xff,0xc2,0xff,0x5e,0x1c,0xc8,ff c2 ff 5e 1c c8 00 00
2025-10-25 13:20:19,73.68,0xff,0xc2,0xff,0x5e,0x1c,0xc8,ff c2 ff 5e 1c c8 00 00
2025-10-25 13:20:19,73.68,0xff,0xc2,0xff,0x5e,0x1c,0xc8,ff c2 ff 5e 1c c8 00 00
2025-10-25 13:20:19,73.68,0xff,0xc2,0xff,0x5e,0x1c,0xc8,ff c2 ff 5e 1c c8 00 00
2025-10-25 13:20:20,73.68,0xff,0xc2,0xff,0x5e,0x1c,0xc8,ff c2 ff 5e 1c c8 00 00
2025-10-25 13:20:20,73.68,0xff,0xc2,0xff,0x5e,0x1c,0xc8,ff c2 ff 5e 1c c8 00 00
2025-10-25 13:20:20,73.68,0xff,0xc2,0xff,0x5e,0x1c,0xc8,ff c2 ff 5e 1c c8 00 00
2025-10-25 13:20:20,73.68,0xff,0xc2,0xff,0x5e,0x1c,0xc8,ff c2 ff 5e 1c c8 00 00
2025-10-25 13:20:20,73.68,0xff,0xc2,0xff,0x5e,0x1c,0xc8,ff c2 ff 5e 1c c8 00 00
2025-10-25 13:20:20,73.68,0xff,0xc2,0xff,0x5e,0x1c,0xc8,ff c2 ff 5e 1c c8 00 00
2025-10-25 13:20:20,73.68,0xff,0xc2,0xff,0x5e,0x1c,0xc8,ff c2 ff 5e 1c c8 00 00
2025-10-25 13:20:20,73.68,0xff,0xc2,0xff,0x5e,0x1c,0xc8,ff c2 ff 5e 1c c8 00 00
2025-10-25 13:20:20,73.68,0xff,0xc2,0xff,0x5e,0x1c,0xc8,ff c2 ff 5e 1c c8 00 00
2025-10-25 13:20:20,73.68,0xff,0xc2,0xff,0x5e,0x1c,0xc8,ff c2 ff 5e 1c c8 00 00
2025-10-25 13:20:20,73.68,0xff,0xc2,0xff,0x5e,0x1c,0xc8,ff c2 ff 5e 1c c8 00 00
2025-10-25 13:20:20,73.68,0xff,0xc2,0xff,0x5e,0x1c,0xc8,ff c2 ff 5e 1c c8 00 00
2025-10-25 13:20:20,73.68,0xff,0xc2,0xff,0x5e,0x1c,0xc8,ff c2 ff 5e 1c c8 00 00
2025-10-25 13:20:20,73.37,0xff,0xa9,0xff,0x83,0x1c,0xa9,ff a9 ff 83 1c a9 00 00
2025-10-25 13:20:20,73.37,0xff,0xa9,0xff,0x83,0x1c,0xa9,ff a9 ff 83 1c a9 00 00
2025-10-25 13:20:20,73,0xff,0xa9,0xff,0xa9,0x1c,0x84,ff a9 ff a9 1c 84 00 00
2025-10-25 13:20:20,73,0xff,0xa9,0xff,0xa9,0x1c,0x84,ff a9 ff a9 1c 84 00 00
2025-10-25 13:20:20,73,0xff,0xa9,0xff,0xa9,0x1c,0x84,ff a9 ff a9 1c 84 00 00
2025-10-25 13:20:20,73.43,0xff,0x90,0xff,0x9c,0x1c,0xaf,ff 90 ff 9c 1c af 00 00
2025-10-25 13:20:20,73.43,0xff,0x90,0xff,0x9c,0x1c,0xaf,ff 90 ff 9c 1c af 00 00
2025-10-25 13:20:20,73.43,0xff,0xa3,0xff,0x90,0x1c,0xaf,ff a3 ff 90 1c af 00 00
2025-10-25 13:20:20,73.43,0xff,0xa3,0xff,0x90,0x1c,0xaf,ff a3 ff 90 1c af 00 00
2025-10-25 13:20:20,73.43,0xff,0xa3,0xff,0x90,0x1c,0xaf,ff a3 ff 90 1c af 00 00
2025-10-25 13:20:20,73.37,0xff,0xaf,0xff,0x83,0x1c,0xa9,ff af ff 83 1c a9 00 00
2025-10-25 13:20:20,73.37,0xff,0xaf,0xff,0x83,0x1c,0xa9,ff af ff 83 1c a9 00 00
2025-10-25 13:20:20,73.43,0xff,0xa3,0xff,0x8a,0x1c,0xaf,ff a3 ff 8a 1c af 00 00
2025-10-25 13:20:20,73.43,0xff,0xa3,0xff,0x8a,0x1c,0xaf,ff a3 ff 8a 1c af 00 00
2025-10-25 13:20:20,73.43,0xff,0xa3,0xff,0x8a,0x1c,0xaf,ff a3 ff 8a 1c af 00 00
2025-10-25 13:20:20,73.43,0xff,0x96,0xff,0x96,0x1c,0xaf,ff 96 ff 96 1c af 00 00
2025-10-25 13:20:20,73.43,0xff,0x96,0xff,0x96,0x1c,0xaf,ff 96 ff 96 1c af 00 00
2025-10-25 13:20:20,73.43,0xff,0x96,0xff,0x96,0x1c,0xaf,ff 96 ff 96 1c af 00 00
2025-10-25 13:20:20,73.43,0xff,0x96,0xff,0x96,0x1c,0xaf,ff 96 ff 96 1c af 00 00
2025-10-25 13:20:20,73.43,0xff,0x96,0xff,0x96,0x1c,0xaf,ff 96 ff 96 1c af 00 00
2025-10-25 13:20:20,73.43,0xff,0x96,0xff,0x96,0x1c,0xaf,ff 96 ff 96 1c af 00 00
2025-10-25 13:20:20,73.43,0xff,0x96,0xff,0x96,0x1c,0xaf,ff 96 ff 96 1c af 00 00
2025-10-25 13:20:20,73.43,0xff,0x96,0xff,0x96,0x1c,0xaf,ff 96 ff 96 1c af 00 00
2025-10-25 13:20:20,73.43,0xff,0x90,0xff,0x7d,0x1c,0xaf,ff 90 ff 7d 1c af 00 00
2025-10-25 13:20:20,73.43,0xff,0x90,0xff,0x7d,0x1c,0xaf,ff 90 ff 7d 1c af 00 00
2025-10-25 13:20:20,73.43,0xff,0x90,0xff,0x7d,0x1c,0xaf,ff 90 ff 7d 1c af 00 00
2025-10-25 13:20:20,75,0xff,0xa3,0xff,0x6a,0x1d,0x4c,ff a3 ff 6a 1d 4c 00 00
2025-10-25 13:20:20,75,0xff,0xa3,0xff,0x6a,0x1d,0x4c,ff a3 ff 6a 1d 4c 00 00
2025-10-25 13:20:20,75.37,0xff,0xb5,0xff,0x7d,0x1d,0x71,ff b5 ff 7d 1d 71 00 00
2025-10-25 13:20:20,75.37,0xff,0xb5,0xff,0x7d,0x1d,0x71,ff b5 ff 7d 1d 71 00 00
2025-10-25 13:20:20,75.68,0xff,0xb5,0xff,0xa3,0x1d,0x90,ff b5 ff a3 1d 90 00 00
2025-10-25 13:20:20,75.68,0xff,0xb5,0xff,0xa3,0x1d,0x90,ff b5 ff a3 1d 90 00 00
2025-10-25 13:20:20,76,0xff,0xbc,0xff,0x9c,0x1d,0xb0,ff bc ff 9c 1d b0 00 00
2025-10-25 13:20:20,76,0xff,0xbc,0xff,0x9c,0x1d,0xb0,ff bc ff 9c 1d b0 00 00
2025-10-25 13:20:20,76,0xff,0xbc,0xff,0x9c,0x1d,0xb0,ff bc ff 9c 1d b0 00 00
2025-10-25 13:20:20,76.75,0xff,0x9c,0xff,0x71,0x1d,0xfb,ff 9c ff 71 1d fb 00 00
2025-10-25 13:20:20,76.75,0xff,0x9c,0xff,0x71,0x1d,0xfb,ff 9c ff 71 1d fb 00 00
2025-10-25 13:20:20,76.68,0xff,0xaf,0xff,0x64,0x1d,0xf4,ff af ff 64 1d f4 00 00
2025-10-25 13:20:21,76.68,0xff,0xaf,0xff,0x64,0x1d,0xf4,ff af ff 64 1d f4 00 00
2025-10-25 13:20:21,76.68,0xff,0xaf,0xff,0x64,0x1d,0xf4,ff af ff 64 1d f4 00 00
2025-10-25 13:20:21,76.68,0xff,0xa9,0xff,0x6a,0x1d,0xf4,ff a9 ff 6a 1d f4 00 00
2025-10-25 13:20:21,76.68,0xff,0xa9,0xff,0x6a,0x1d,0xf4,ff a9 ff 6a 1d f4 00 00
2025-10-25 13:20:21,76.43,0xff,0xa3,0xff,0x8a,0x1d,0xdb,ff a3 ff 8a 1d db 00 00
2025-10-25 13:20:21,76.43,0xff,0xa3,0xff,0x8a,0x1d,0xdb,ff a3 ff 8a 1d db 00 00
2025-10-25 13:20:21,76.43,0xff,0xa3,0xff,0x8a,0x1d,0xdb,ff a3 ff 8a 1d db 00 00
2025-10-25 13:20:21,76,0xff,0xa9,0xff,0xa9,0x1d,0xb0,ff a9 ff a9 1d b0 00 00
2025-10-25 13:20:21,76,0xff,0xa9,0xff,0xa9,0x1d,0xb0,ff a9 ff a9 1d b0 00 00
2025-10-25 13:20:21,76,0xff,0xa9,0xff,0xa9,0x1d,0xb0,ff a9 ff a9 1d b0 00 00
2025-10-25 13:20:21,76,0xff,0xa9,0xff,0xaf,0x1d,0xb0,ff a9 ff af 1d b0 00 00
2025-10-25 13:20:21,76,0xff,0xa9,0xff,0xaf,0x1d,0xb0,ff a9 ff af 1d b0 00 00
2025-10-25 13:20:21,76.37,0xff,0xbc,0xff,0x9c,0x1d,0xd5,ff bc ff 9c 1d d5 00 00
2025-10-25 13:20:21,76.37,0xff,0xbc,0xff,0x9c,0x1d,0xd5,ff bc ff 9c 1d d5 00 00
2025-10-25 13:20:21,76.37,0xff,0xbc,0xff,0x9c,0x1d,0xd5,ff bc ff 9c 1d d5 00 00
2025-10-25 13:20:21,76.37,0xff,0xb5,0xff,0x7d,0x1d,0xd5,ff b5 ff 7d 1d d5 00 00
2025-10-25 13:20:21,76.37,0xff,0xb5,0xff,0x7d,0x1d,0xd5,ff b5 ff 7d 1d d5 00 00
2025-10-25 13:20:21,76.37,0xff,0xaf,0xff,0x83,0x1d,0xd5,ff af ff 83 1d d5 00 00
2025-10-25 13:20:21,76.37,0xff,0xaf,0xff,0x83,0x1d,0xd5,ff af ff 83 1d d5 00 00
2025-10-25 13:20:21,76.37,0xff,0xaf,0xff,0x83,0x1d,0xd5,ff af ff 83 1d d5 00 00
2025-10-25 13:20:21,76.37,0xff,0xa3,0xff,0x8a,0x1d,0xd5,ff a3 ff 8a 1d d5 00 00
2025-10-25 13:20:21,76.37,0xff,0xa3,0xff,0x8a,0x1d,0xd5,ff a3 ff 8a 1d d5 00 00
2025-10-25 13:20:21,76.37,0xff,0xa3,0xff,0x8a,0x1d,0xd5,ff a3 ff 8a 1d d5 00 00
2025-10-25 13:20:21,76.37,0xff,0xa3,0xff,0x8a,0x1d,0xd5,ff a3 ff 8a 1d d5 00 00
2025-10-25 13:20:21,76.37,0xff,0xa3,0xff,0x8a,0x1d,0xd5,ff a3 ff 8a 1d d5 00 00
2025-10-25 13:20:21,76.37,0xff,0xa3,0xff,0x8a,0x1d,0xd5,ff a3 ff 8a 1d d5 00 00
2025-10-25 13:20:21,76.37,0xff,0xa3,0xff,0x8a,0x1d,0xd5,ff a3 ff 8a 1d d5 00 00
2025-10-25 13:20:21,76.37,0xff,0xa3,0xff,0x8a,0x1d,0xd5,ff a3 ff 8a 1d d5 00 00
2025-10-25 13:20:21,76.37,0xff,0xa3,0xff,0x8a,0x1d,0xd5,ff a3 ff 8a 1d d5 00 00
2025-10-25 13:20:21,76.37,0xff,0xa3,0xff,0x8a,0x1d,0xd5,ff a3 ff 8a 1d d5 00 00
2025-10-25 13:20:21,76.37,0xff,0xa3,0xff,0x8a,0x1d,0xd5,ff a3 ff 8a 1d d5 00 00
2025-10-25 13:20:21,76.37,0xff,0xa3,0xff,0x8a,0x1d,0xd5,ff a3 ff 8a 1d d5 00 00
2025-10-25 13:20:21,76.37,0xff,0xa3,0xff,0x8a,0x1d,0xd5,ff a3 ff 8a 1d d5 00 00
2025-10-25 13:20:21,76.37,0xff,0xa3,0xff,0x8a,0x1d,0xd5,ff a3 ff 8a 1d d5 00 00
2025-10-25 13:20:21,76.37,0xff,0xa3,0xff,0x8a,0x1d,0xd5,ff a3 ff 8a 1d d5 00 00
2025-10-25 13:20:21,76.37,0xff,0xa3,0xff,0x8a,0x1d,0xd5,ff a3 ff 8a 1d d5 00 00
2025-10-25 13:20:21,76.37,0xff,0xa3,0xff,0x8a,0x1d,0xd5,ff a3 ff 8a 1d d5 00 00
2025-10-25 13:20:21,76.37,0xff,0xa3,0xff,0x8a,0x1d,0xd5,ff a3 ff 8a 1d d5 00 00
2025-10-25 13:20:21,76.37,0xff,0xa3,0xff,0x8a,0x1d,0xd5,ff a3 ff 8a 1d d5 00 00
2025-10-25 13:20:21,76.37,0xff,0xa3,0xff,0x8a,0x1d,0xd5,ff a3 ff 8a 1d d5 00 00
2025-10-25 13:20:21,76.37,0xff,0xa3,0xff,0x8a,0x1d,0xd5,ff a3 ff 8a 1d d5 00 00
2025-10-25 13:20:21,76.37,0xff,0xa3,0xff,0x8a,0x1d,0xd5,ff a3 ff 8a 1d d5 00 00
2025-10-25 13:20:21,76.37,0xff,0xa3,0xff,0x8a,0x1d,0xd5,ff a3 ff 8a 1d d5 00 00
2025-10-25 13:20:21,76.37,0xff,0xa3,0xff,0x8a,0x1d,0xd5,ff a3 ff 8a 1d d5 00 00
2025-10-25 13:20:21,76.37,0xff,0xa3,0xff,0x8a,0x1d,0xd5,ff a3 ff 8a 1d d5 00 00
2025-10-25 13:20:21,76.37,0xff,0xa3,0xff,0x8a,0x1d,0xd5,ff a3 ff 8a 1d d5 00 00
2025-10-25 13:20:21,76.37,0xff,0xa3,0xff,0x8a,0x1d,0xd5,ff a3 ff 8a 1d d5 00 00
2025-10-25 13:20:21,76.37,0xff,0xa3,0xff,0x8a,0x1d,0xd5,ff a3 ff 8a 1d d5 00 00
2025-10-25 13:20:21,76.37,0xff,0xa3,0xff,0x8a,0x1d,0xd5,ff a3 ff 8a 1d d5 00 00
2025-10-25 13:20:21,76.37,0xff,0xa3,0xff,0x8a,0x1d,0xd5,ff a3 ff 8a 1d d5 00 00
2025-10-25 13:20:21,76.37,0xff,0xa3,0xff,0x8a,0x1d,0xd5,ff a3 ff 8a 1d d5 00 00
2025-10-25 13:20:21,76.37,0xff,0xa3,0xff,0x8a,0x1d,0xd5,ff a3 ff 8a 1d d5 00 00
2025-10-25 13:20:21,77.93,0xff,0xa3,0xff,0x8a,0x1e,0x71,ff a3 ff 8a 1e 71 00 00
2025-10-25 13:20:22,77.93,0xff,0xa3,0xff,0x8a,0x1e,0x71,ff a3 ff 8a 1e 71 00 00
2025-10-25 13:20:22,78.93,0xff,0xa3,0xff,0x8a,0x1e,0xd5,ff a3 ff 8a 1e d5 00 00
2025-10-25 13:20:22,78.93,0xff,0xa3,0xff,0x8a,0x1e,0xd5,ff a3 ff 8a 1e d5 00 00
2025-10-25 13:20:22,78.93,0xff,0xa3,0xff,0x8a,0x1e,0xd5,ff a3 ff 8a 1e d5 00 00
2025-10-25 13:20:22,79.18,0xff,0xa3,0xff,0x8a,0x1e,0xee,ff a3 ff 8a 1e ee 00 00
2025-10-25 13:20:22,79.18,0xff,0xa3,0xff,0x8a,0x1e,0xee,ff a3 ff 8a 1e ee 00 00
2025-10-25 13:20:22,79.31,0xff,0xa3,0xff,0x8a,0x1e,0xfb,ff a3 ff 8a 1e fb 00 00
2025-10-25 13:20:22,79.31,0xff,0xa3,0xff,0x8a,0x1e,0xfb,ff a3 ff 8a 1e fb 00 00
2025-10-25 13:20:22,79.31,0xff,0xa3,0xff,0x8a,0x1e,0xfb,ff a3 ff 8a 1e fb 00 00
2025-10-25 13:20:22,79.18,0xff,0xa3,0xff,0x8a,0x1e,0xee,ff a3 ff 8a 1e ee 00 00
2025-10-25 13:20:22,79.18,0xff,0xa3,0xff,0x8a,0x1e,0xee,ff a3 ff 8a 1e ee 00 00
2025-10-25 13:20:22,79.18,0xff,0xa3,0xff,0x8a,0x1e,0xee,ff a3 ff 8a 1e ee 00 00
2025-10-25 13:20:22,79.18,0xff,0xa3,0xff,0x8a,0x1e,0xee,ff a3 ff 8a 1e ee 00 00
2025-10-25 13:20:22,79.18,0xff,0xa3,0xff,0x8a,0x1e,0xee,ff a3 ff 8a 1e ee 00 00
2025-10-25 13:20:22,79.18,0xff,0xa3,0xff,0x8a,0x1e,0xee,ff a3 ff 8a 1e ee 00 00
2025-10-25 13:20:22,79.18,0xff,0xa3,0xff,0x8a,0x1e,0xee,ff a3 ff 8a 1e ee 00 00
2025-10-25 13:20:22,79.18,0xff,0xa3,0xff,0x8a,0x1e,0xee,ff a3 ff 8a 1e ee 00 00
2025-10-25 13:20:22,79.18,0xff,0xa3,0xff,0x8a,0x1e,0xee,ff a3 ff 8a 1e ee 00 00
2025-10-25 13:20:22,79.18,0xff,0xa3,0xff,0x8a,0x1e,0xee,ff a3 ff 8a 1e ee 00 00
2025-10-25 13:20:22,79.18,0xff,0xa3,0xff,0x8a,0x1e,0xee,ff a3 ff 8a 1e ee 00 00
2025-10-25 13:20:22,79.18,0xff,0xa3,0xff,0x8a,0x1e,0xee,ff a3 ff 8a 1e ee 00 00
2025-10-25 13:20:22,79.18,0xff,0xa3,0xff,0x8a,0x1e,0xee,ff a3 ff 8a 1e ee 00 00
2025-10-25 13:20:22,79.18,0xff,0xa3,0xff,0x8a,0x1e,0xee,ff a3 ff 8a 1e ee 00 00
2025-10-25 13:20:22,79.18,0xff,0xa3,0xff,0x8a,0x1e,0xee,ff a3 ff 8a 1e ee 00 00
2025-10-25 13:20:22,79.18,0xff,0xa3,0xff,0x8a,0x1e,0xee,ff a3 ff 8a 1e ee 00 00
2025-10-25 13:20:22,79.18,0xff,0xa3,0xff,0x8a,0x1e,0xee,ff a3 ff 8a 1e ee 00 00
2025-10-25 13:20:22,79.18,0xff,0xa3,0xff,0x8a,0x1e,0xee,ff a3 ff 8a 1e ee 00 00
2025-10-25 13:20:22,79.18,0xff,0xa3,0xff,0x8a,0x1e,0xee,ff a3 ff 8a 1e ee 00 00
2025-10-25 13:20:22,79.18,0xff,0xa3,0xff,0x8a,0x1e,0xee,ff a3 ff 8a 1e ee 00 00
2025-10-25 13:20:22,79.18,0xff,0xa3,0xff,0x8a,0x1e,0xee,ff a3 ff 8a 1e ee 00 00
2025-10-25 13:20:22,79.18,0xff,0xa3,0xff,0x8a,0x1e,0xee,ff a3 ff 8a 1e ee 00 00
2025-10-25 13:20:22,79.18,0xff,0xa3,0xff,0x8a,0x1e,0xee,ff a3 ff 8a 1e ee 00 00
2025-10-25 13:20:22,79.18,0xff,0xa3,0xff,0x8a,0x1e,0xee,ff a3 ff 8a 1e ee 00 00
2025-10-25 13:20:22,79.18,0xff,0xa3,0xff,0x8a,0x1e,0xee,ff a3 ff 8a 1e ee 00 00
2025-10-25 13:20:22,79.18,0xff,0xa3,0xff,0x8a,0x1e,0xee,ff a3 ff 8a 1e ee 00 00
2025-10-25 13:20:22,79.18,0xff,0xa3,0xff,0x8a,0x1e,0xee,ff a3 ff 8a 1e ee 00 00
2025-10-25 13:20:22,79.18,0xff,0xa3,0xff,0x8a,0x1e,0xee,ff a3 ff 8a 1e ee 00 00
2025-10-25 13:20:22,79.18,0xff,0xa3,0xff,0x8a,0x1e,0xee,ff a3 ff 8a 1e ee 00 00
2025-10-25 13:20:22,79.18,0xff,0xa3,0xff,0x8a,0x1e,0xee,ff a3 ff 8a 1e ee 00 00
2025-10-25 13:20:22,79.18,0xff,0xa3,0xff,0x8a,0x1e,0xee,ff a3 ff 8a 1e ee 00 00
2025-10-25 13:20:22,80.56,0xff,0xa3,0xff,0x8a,0x1f,0x78,ff a3 ff 8a 1f 78 00 00
2025-10-25 13:20:22,80.56,0xff,0xa3,0xff,0x8a,0x1f,0x78,ff a3 ff 8a 1f 78 00 00
2025-10-25 13:20:22,80.56,0xff,0xa3,0xff,0x8a,0x1f,0x78,ff a3 ff 8a 1f 78 00 00
2025-10-25 13:20:22,81.25,0xff,0xa3,0xff,0x8a,0x1f,0xbd,ff a3 ff 8a 1f bd 00 00
2025-10-25 13:20:22,81.25,0xff,0xa3,0xff,0x8a,0x1f,0xbd,ff a3 ff 8a 1f bd 00 00
2025-10-25 13:20:22,81.25,0xff,0xa3,0xff,0x8a,0x1f,0xbd,ff a3 ff 8a 1f bd 00 00
2025-10-25 13:20:22,81.5,0xff,0xa3,0xff,0x8a,0x1f,0xd6,ff a3 ff 8a 1f d6 00 00
2025-10-25 13:20:22,81.5,0xff,0xa3,0xff,0x8a,0x1f,0xd6,ff a3 ff 8a 1f d6 00 00
2025-10-25 13:20:22,81.5,0xff,0xa3,0xff,0x8a,0x1f,0xd6,ff a3 ff 8a 1f d6 00 00
2025-10-25 13:20:22,81.5,0xff,0xa3,0xff,0x8a,0x1f,0xd6,ff a3 ff 8a 1f d6 00 00
2025-10-25 13:20:22,81.5,0xff,0xa3,0xff,0x8a,0x1f,0xd6,ff a3 ff 8a 1f d6 00 00
2025-10-25 13:20:22,81.87,0xff,0xa3,0xff,0x8a,0x1f,0xfb,ff a3 ff 8a 1f fb 00 00
2025-10-25 13:20:23,81.87,0xff,0xa3,0xff,0x8a,0x1f,0xfb,ff a3 ff 8a 1f fb 00 00
2025-10-25 13:20:23,81.87,0xff,0xa3,0xff,0x8a,0x1f,0xfb,ff a3 ff 8a 1f fb 00 00
2025-10-25 13:20:23,81.87,0xff,0xa3,0xff,0x8a,0x1f,0xfb,ff a3 ff 8a 1f fb 00 00
2025-10-25 13:20:23,81.87,0xff,0xa3,0xff,0x8a,0x1f,0xfb,ff a3 ff 8a 1f fb 00 00
2025-10-25 13:20:23,81.93,0xff,0xa3,0xff,0x8a,0x20,0x01,ff a3 ff 8a 20 01 00 00
2025-10-25 13:20:23,81.93,0xff,0xa3,0xff,0x8a,0x20,0x01,ff a3 ff 8a 20 01 00 00
2025-10-25 13:20:23,81.93,0xff,0xa3,0xff,0x8a,0x20,0x01,ff a3 ff 8a 20 01 00 00
2025-10-25 13:20:23,81.93,0xff,0xa3,0xff,0x8a,0x20,0x01,ff a3 ff 8a 20 01 00 00
2025-10-25 13:20:23,81.93,0xff,0xa3,0xff,0x8a,0x20,0x01,ff a3 ff 8a 20 01 00 00
2025-10-25 13:20:23,81.93,0xff,0xa3,0xff,0x8a,0x20,0x01,ff a3 ff 8a 20 01 00 00
2025-10-25 13:20:23,81.93,0xff,0xa3,0xff,0x8a,0x20,0x01,ff a3 ff 8a 20 01 00 00
2025-10-25 13:20:23,81.93,0xff,0xa3,0xff,0x8a,0x20,0x01,ff a3 ff 8a 20 01 00 00
2025-10-25 13:20:23,81.93,0xff,0xa3,0xff,0x8a,0x20,0x01,ff a3 ff 8a 20 01 00 00
2025-10-25 13:20:23,81.93,0xff,0xa3,0xff,0x8a,0x20,0x01,ff a3 ff 8a 20 01 00 00
2025-10-25 13:20:23,81.93,0xff,0xa3,0xff,0x8a,0x20,0x01,ff a3 ff 8a 20 01 00 00
2025-10-25 13:20:23,81.93,0xff,0xa3,0xff,0x8a,0x20,0x01,ff a3 ff 8a 20 01 00 00
2025-10-25 13:20:23,81.93,0xff,0xa3,0xff,0x8a,0x20,0x01,ff a3 ff 8a 20 01 00 00
2025-10-25 13:20:23,81.93,0xff,0xa3,0xff,0x8a,0x20,0x01,ff a3 ff 8a 20 01 00 00
2025-10-25 13:20:23,81.93,0xff,0xa3,0xff,0x8a,0x20,0x01,ff a3 ff 8a 20 01 00 00
2025-10-25 13:20:23,81.93,0xff,0xa3,0xff,0x8a,0x20,0x01,ff a3 ff 8a 20 01 00 00
2025-10-25 13:20:23,81.93,0xff,0xa3,0xff,0x8a,0x20,0x01,ff a3 ff 8a 20 01 00 00
2025-10-25 13:20:23,81.93,0xff,0xa3,0xff,0x8a,0x20,0x01,ff a3 ff 8a 20 01 00 00
2025-10-25 13:20:23,83.31,0xff,0xa3,0xff,0x8a,0x20,0x8b,ff a3 ff 8a 20 8b 00 00
2025-10-25 13:20:23,83.31,0xff,0xa3,0xff,0x8a,0x20,0x8b,ff a3 ff 8a 20 8b 00 00
2025-10-25 13:20:23,83.31,0xff,0xa3,0xff,0x8a,0x20,0x8b,ff a3 ff 8a 20 8b 00 00
2025-10-25 13:20:23,84.06,0xff,0xa3,0xff,0x8a,0x20,0xd6,ff a3 ff 8a 20 d6 00 00
2025-10-25 13:20:23,84.06,0xff,0xa3,0xff,0x8a,0x20,0xd6,ff a3 ff 8a 20 d6 00 00
2025-10-25 13:20:23,85.12,0xff,0xa3,0xff,0x8a,0x21,0x40,ff a3 ff 8a 21 40 00 00
2025-10-25 13:20:23,85.12,0xff,0xa3,0xff,0x8a,0x21,0x40,ff a3 ff 8a 21 40 00 00
2025-10-25 13:20:23,85.12,0xff,0xa3,0xff,0x8a,0x21,0x40,ff a3 ff 8a 21 40 00 00
2025-10-25 13:20:23,85.12,0xff,0xa3,0xff,0x8a,0x21,0x40,ff a3 ff 8a 21 40 00 00
2025-10-25 13:20:23,85.12,0xff,0xa3,0xff,0x8a,0x21,0x40,ff a3 ff 8a 21 40 00 00
2025-10-25 13:20:23,85.12,0xff,0xa3,0xff,0x8a,0x21,0x40,ff a3 ff 8a 21 40 00 00
2025-10-25 13:20:23,85.12,0xff,0xa3,0xff,0x8a,0x21,0x40,ff a3 ff 8a 21 40 00 00
2025-10-25 13:20:23,85.12,0xff,0xa3,0xff,0x8a,0x21,0x40,ff a3 ff 8a 21 40 00 00
2025-10-25 13:20:23,85.5,0xff,0xa3,0xff,0x8a,0x21,0x66,ff a3 ff 8a 21 66 00 00
2025-10-25 13:20:23,85.5,0xff,0xa3,0xff,0x8a,0x21,0x66,ff a3 ff 8a 21 66 00 00
2025-10-25 13:20:23,85.5,0xff,0xa3,0xff,0x8a,0x21,0x66,ff a3 ff 8a 21 66 00 00
2025-10-25 13:20:23,85.43,0xff,0xa3,0xff,0x8a,0x21,0x5f,ff a3 ff 8a 21 5f 00 00
2025-10-25 13:20:23,85.43,0xff,0xa3,0xff,0x8a,0x21,0x5f,ff a3 ff 8a 21 5f 00 00
2025-10-25 13:20:23,85.43,0xff,0xa3,0xff,0x8a,0x21,0x5f,ff a3 ff 8a 21 5f 00 00
2025-10-25 13:20:23,85.43,0xff,0xa3,0xff,0x8a,0x21,0x5f,ff a3 ff 8a 21 5f 00 00
2025-10-25 13:20:23,85.43,0xff,0xa3,0xff,0x8a,0x21,0x5f,ff a3 ff 8a 21 5f 00 00
2025-10-25 13:20:23,85.43,0xff,0xa3,0xff,0x8a,0x21,0x5f,ff a3 ff 8a 21 5f 00 00
2025-10-25 13:20:23,85.43,0xff,0xa3,0xff,0x8a,0x21,0x5f,ff a3 ff 8a 21 5f 00 00
2025-10-25 13:20:23,85.43,0xff,0xa3,0xff,0x8a,0x21,0x5f,ff a3 ff 8a 21 5f 00 00
2025-10-25 13:20:23,85.43,0xff,0xa3,0xff,0x8a,0x21,0x5f,ff a3 ff 8a 21 5f 00 00
2025-10-25 13:20:23,85.43,0xff,0xa3,0xff,0x8a,0x21,0x5f,ff a3 ff 8a 21 5f 00 00
2025-10-25 13:20:23,85.43,0xff,0xa3,0xff,0x8a,0x21,0x5f,ff a3 ff 8a 21 5f 00 00
2025-10-25 13:20:23,85.43,0xff,0xa3,0xff,0x8a,0x21,0x5f,ff a3 ff 8a 21 5f 00 00
2025-10-25 13:20:23,85.43,0xff,0xa3,0xff,0x8a,0x21,0x5f,ff a3 ff 8a 21 5f 00 00
2025-10-25 13:20:23,85.43,0xff,0xa3,0xff,0x8a,0x21,0x5f,ff a3 ff 8a 21 5f 00 00
2025-10-25 13:20:24,85.43,0xff,0xa3,0xff,0x8a,0x21,0x5f,ff a3 ff 8a 21 5f 00 00
2025-10-25 13:20:24,85.43,0xff,0xa3,0xff,0x8a,0x21,0x5f,ff a3 ff 8a 21 5f 00 00
2025-10-25 13:20:24,85.43,0xff,0xa3,0xff,0x8a,0x21,0x5f,ff a3 ff 8a 21 5f 00 00
2025-10-25 13:20:24,85.43,0xff,0xa3,0xff,0x8a,0x21,0x5f,ff a3 ff 8a 21 5f 00 00
2025-10-25 13:20:24,85.43,0xff,0xa3,0xff,0x8a,0x21,0x5f,ff a3 ff 8a 21 5f 00 00
2025-10-25 13:20:24,85.43,0xff,0xa3,0xff,0x8a,0x21,0x5f,ff a3 ff 8a 21 5f 00 00
2025-10-25 13:20:24,85.43,0xff,0xa3,0xff,0x8a,0x21,0x5f,ff a3 ff 8a 21 5f 00 00
2025-10-25 13:20:24,85.43,0xff,0xa3,0xff,0x8a,0x21,0x5f,ff a3 ff 8a 21 5f 00 00
2025-10-25 13:20:24,85.43,0xff,0xa3,0xff,0x8a,0x21,0x5f,ff a3 ff 8a 21 5f 00 00
2025-10-25 13:20:24,85.43,0xff,0xa3,0xff,0x8a,0x21,0x5f,ff a3 ff 8a 21 5f 00 00
2025-10-25 13:20:24,85.43,0xff,0xa3,0xff,0x8a,0x21,0x5f,ff a3 ff 8a 21 5f 00 00
2025-10-25 13:20:24,85.43,0xff,0xa3,0xff,0x8a,0x21,0x5f,ff a3 ff 8a 21 5f 00 00
2025-10-25 13:20:24,85.43,0xff,0xa3,0xff,0x8a,0x21,0x5f,ff a3 ff 8a 21 5f 00 00
2025-10-25 13:20:24,85.43,0xff,0xa3,0xff,0x8a,0x21,0x5f,ff a3 ff 8a 21 5f 00 00
2025-10-25 13:20:24,85.43,0xff,0xa3,0xff,0x8a,0x21,0x5f,ff a3 ff 8a 21 5f 00 00
2025-10-25 13:20:24,85.43,0xff,0xa3,0xff,0x8a,0x21,0x5f,ff a3 ff 8a 21 5f 00 00
2025-10-25 13:20:24,85.43,0xff,0xa3,0xff,0x8a,0x21,0x5f,ff a3 ff 8a 21 5f 00 00
2025-10-25 13:20:24,85.43,0xff,0xa3,0xff,0x8a,0x21,0x5f,ff a3 ff 8a 21 5f 00 00
2025-10-25 13:20:24,85.43,0xff,0xa3,0xff,0x8a,0x21,0x5f,ff a3 ff 8a 21 5f 00 00
2025-10-25 13:20:24,85.43,0xff,0xa3,0xff,0x8a,0x21,0x5f,ff a3 ff 8a 21 5f 00 00
2025-10-25 13:20:24,85.43,0xff,0xa3,0xff,0x8a,0x21,0x5f,ff a3 ff 8a 21 5f 00 00
2025-10-25 13:20:24,85.43,0xff,0xa3,0xff,0x8a,0x21,0x5f,ff a3 ff 8a 21 5f 00 00
2025-10-25 13:20:24,85.43,0xff,0xa3,0xff,0x8a,0x21,0x5f,ff a3 ff 8a 21 5f 00 00
2025-10-25 13:20:24,85.43,0xff,0xa3,0xff,0x8a,0x21,0x5f,ff a3 ff 8a 21 5f 00 00
2025-10-25 13:20:24,85.43,0xff,0xa3,0xff,0x8a,0x21,0x5f,ff a3 ff 8a 21 5f 00 00
2025-10-25 13:20:24,85.43,0xff,0xa3,0xff,0x8a,0x21,0x5f,ff a3 ff 8a 21 5f 00 00
2025-10-25 13:20:24,85.43,0xff,0xa3,0xff,0x8a,0x21,0x5f,ff a3 ff 8a 21 5f 00 00
2025-10-25 13:20:24,85.43,0xff,0xa3,0xff,0x8a,0x21,0x5f,ff a3 ff 8a 21 5f 00 00
2025-10-25 13:20:24,85.43,0xff,0xa3,0xff,0x8a,0x21,0x5f,ff a3 ff 8a 21 5f 00 00
2025-10-25 13:20:24,85.43,0xff,0xa3,0xff,0x8a,0x21,0x5f,ff a3 ff 8a 21 5f 00 00
2025-10-25 13:20:24,85.43,0xff,0xa3,0xff,0x8a,0x21,0x5f,ff a3 ff 8a 21 5f 00 00
2025-10-25 13:20:24,85.43,0xff,0xa3,0xff,0x8a,0x21,0x5f,ff a3 ff 8a 21 5f 00 00
2025-10-25 13:20:24,85.43,0xff,0xa3,0xff,0x8a,0x21,0x5f,ff a3 ff 8a 21 5f 00 00
2025-10-25 13:20:24,85.43,0xff,0xa3,0xff,0x8a,0x21,0x5f,ff a3 ff 8a 21 5f 00 00
2025-10-25 13:20:24,85.43,0xff,0xa3,0xff,0x8a,0x21,0x5f,ff a3 ff 8a 21 5f 00 00
2025-10-25 13:20:24,85.43,0xff,0xa3,0xff,0x8a,0x21,0x5f,ff a3 ff 8a 21 5f 00 00
2025-10-25 13:20:24,85.43,0xff,0xa3,0xff,0x8a,0x21,0x5f,ff a3 ff 8a 21 5f 00 00
2025-10-25 13:20:24,85.43,0xff,0xa3,0xff,0x8a,0x21,0x5f,ff a3 ff 8a 21 5f 00 00
2025-10-25 13:20:24,86.93,0xff,0xa3,0xff,0x8a,0x21,0xf5,ff a3 ff 8a 21 f5 00 00
2025-10-25 13:20:24,86.93,0xff,0xa3,0xff,0x8a,0x21,0xf5,ff a3 ff 8a 21 f5 00 00
2025-10-25 13:20:24,86.93,0xff,0xa3,0xff,0x8a,0x21,0xf5,ff a3 ff 8a 21 f5 00 00
2025-10-25 13:20:24,88.06,0xff,0x64,0xff,0x8a,0x22,0x66,ff 64 ff 8a 22 66 00 00
2025-10-25 13:20:24,88.06,0xff,0x64,0xff,0x8a,0x22,0x66,ff 64 ff 8a 22 66 00 00
2025-10-25 13:20:24,88.43,0xff,0x6a,0xff,0xa9,0x22,0x8b,ff 6a ff a9 22 8b 00 00
2025-10-25 13:20:24,88.43,0xff,0x6a,0xff,0xa9,0x22,0x8b,ff 6a ff a9 22 8b 00 00
2025-10-25 13:20:24,88.43,0xff,0x6a,0xff,0xa9,0x22,0x8b,ff 6a ff a9 22 8b 00 00
2025-10-25 13:20:24,88.06,0xff,0x83,0xff,0xaf,0x22,0x66,ff 83 ff af 22 66 00 00
2025-10-25 13:20:24,88.06,0xff,0x83,0xff,0xaf,0x22,0x66,ff 83 ff af 22 66 00 00
2025-10-25 13:20:24,88.06,0xff,0x83,0xff,0xaf,0x22,0x66,ff 83 ff af 22 66 00 00
2025-10-25 13:20:24,88.81,0xff,0x8a,0xff,0xa3,0x22,0xb1,ff 8a ff a3 22 b1 00 00
2025-10-25 13:20:24,88.81,0xff,0x8a,0xff,0xa3,0x22,0xb1,ff 8a ff a3 22 b1 00 00
2025-10-25 13:20:24,88.43,0xff,0xa9,0xff,0xaf,0x22,0x8b,ff a9 ff af 22 8b 00 00
2025-10-25 13:20:25,88.43,0xff,0xa9,0xff,0xaf,0x22,0x8b,ff a9 ff af 22 8b 00 00
2025-10-25 13:20:25,88.43,0xff,0xa9,0xff,0xa9,0x22,0x8b,ff a9 ff a9 22 8b 00 00
2025-10-25 13:20:25,88.43,0xff,0xa9,0xff,0xa9,0x22,0x8b,ff a9 ff a9 22 8b 00 00
2025-10-25 13:20:25,88.43,0xff,0xa9,0xff,0xa9,0x22,0x8b,ff a9 ff a9 22 8b 00 00
2025-10-25 13:20:25,88.43,0xff,0xa9,0xff,0xa9,0x22,0x8b,ff a9 ff a9 22 8b 00 00
2025-10-25 13:20:25,88.43,0xff,0xa9,0xff,0xa9,0x22,0x8b,ff a9 ff a9 22 8b 00 00
2025-10-25 13:20:25,88.43,0xff,0xa9,0xff,0xa9,0x22,0x8b,ff a9 ff a9 22 8b 00 00
2025-10-25 13:20:25,88.43,0xff,0xa9,0xff,0xa9,0x22,0x8b,ff a9 ff a9 22 8b 00 00
2025-10-25 13:20:25,88.43,0xff,0xa9,0xff,0xa9,0x22,0x8b,ff a9 ff a9 22 8b 00 00
2025-10-25 13:20:25,88.81,0xff,0xb5,0xff,0x7d,0x22,0xb1,ff b5 ff 7d 22 b1 00 00
2025-10-25 13:20:25,88.81,0xff,0xb5,0xff,0x7d,0x22,0xb1,ff b5 ff 7d 22 b1 00 00
2025-10-25 13:20:25,88.81,0xff,0xb5,0xff,0x7d,0x22,0xb1,ff b5 ff 7d 22 b1 00 00
2025-10-25 13:20:25,88.81,0xff,0xb5,0xff,0x7d,0x22,0xb1,ff b5 ff 7d 22 b1 00 00
2025-10-25 13:20:25,88.81,0xff,0xb5,0xff,0x7d,0x22,0xb1,ff b5 ff 7d 22 b1 00 00
2025-10-25 13:20:25,88.81,0xff,0xb5,0xff,0x7d,0x22,0xb1,ff b5 ff 7d 22 b1 00 00
2025-10-25 13:20:25,88.81,0xff,0xa9,0xff,0x8a,0x22,0xb1,ff a9 ff 8a 22 b1 00 00
2025-10-25 13:20:25,88.81,0xff,0xa9,0xff,0x8a,0x22,0xb1,ff a9 ff 8a 22 b1 00 00
2025-10-25 13:20:25,88.81,0xff,0xa9,0xff,0x8a,0x22,0xb1,ff a9 ff 8a 22 b1 00 00
2025-10-25 13:20:25,88.81,0xff,0xa3,0xff,0x8a,0x22,0xb1,ff a3 ff 8a 22 b1 00 00
2025-10-25 13:20:25,88.81,0xff,0xa3,0xff,0x8a,0x22,0xb1,ff a3 ff 8a 22 b1 00 00
2025-10-25 13:20:25,89.18,0xff,0x9c,0xff,0x71,0x22,0xd6,ff 9c ff 71 22 d6 00 00
2025-10-25 13:20:25,89.18,0xff,0x9c,0xff,0x71,0x22,0xd6,ff 9c ff 71 22 d6 00 00
2025-10-25 13:20:25,89.18,0xff,0xa3,0xff,0x6a,0x22,0xd6,ff a3 ff 6a 22 d6 00 00
2025-10-25 13:20:25,89.18,0xff,0xa3,0xff,0x6a,0x22,0xd6,ff a3 ff 6a 22 d6 00 00
2025-10-25 13:20:25,89.18,0xff,0xa3,0xff,0x6a,0x22,0xd6,ff a3 ff 6a 22 d6 00 00
2025-10-25 13:20:25,89.18,0xff,0x9c,0xff,0x71,0x22,0xd6,ff 9c ff 71 22 d6 00 00
2025-10-25 13:20:25,89.18,0xff,0x9c,0xff,0x71,0x22,0xd6,ff 9c ff 71 22 d6 00 00
2025-10-25 13:20:25,89.18,0xff,0x9c,0xff,0x71,0x22,0xd6,ff 9c ff 71 22 d6 00 00
2025-10-25 13:20:25,89.18,0xff,0x9c,0xff,0x71,0x22,0xd6,ff 9c ff 71 22 d6 00 00
2025-10-25 13:20:25,89.18,0xff,0x9c,0xff,0x71,0x22,0xd6,ff 9c ff 71 22 d6 00 00
2025-10-25 13:20:25,89.18,0xff,0x9c,0xff,0x71,0x22,0xd6,ff 9c ff 71 22 d6 00 00
2025-10-25 13:20:25,89.18,0xff,0x9c,0xff,0x71,0x22,0xd6,ff 9c ff 71 22 d6 00 00
2025-10-25 13:20:25,89.18,0xff,0x9c,0xff,0x71,0x22,0xd6,ff 9c ff 71 22 d6 00 00
2025-10-25 13:20:25,89.18,0xff,0x9c,0xff,0x71,0x22,0xd6,ff 9c ff 71 22 d6 00 00
2025-10-25 13:20:25,89.18,0xff,0x9c,0xff,0x71,0x22,0xd6,ff 9c ff 71 22 d6 00 00
2025-10-25 13:20:25,89.18,0xff,0x9c,0xff,0x71,0x22,0xd6,ff 9c ff 71 22 d6 00 00
2025-10-25 13:20:25,89.18,0xff,0x9c,0xff,0x71,0x22,0xd6,ff 9c ff 71 22 d6 00 00
2025-10-25 13:20:25,89.18,0xff,0x9c,0xff,0x71,0x22,0xd6,ff 9c ff 71 22 d6 00 00
2025-10-25 13:20:25,89.18,0xff,0x9c,0xff,0x71,0x22,0xd6,ff 9c ff 71 22 d6 00 00
2025-10-25 13:20:25,89.18,0xff,0x9c,0xff,0x71,0x22,0xd6,ff 9c ff 71 22 d6 00 00
2025-10-25 13:20:25,89.18,0xff,0x9c,0xff,0x71,0x22,0xd6,ff 9c ff 71 22 d6 00 00
2025-10-25 13:20:25,89.18,0xff,0x9c,0xff,0x71,0x22,0xd6,ff 9c ff 71 22 d6 00 00
2025-10-25 13:20:25,89.18,0xff,0x9c,0xff,0x71,0x22,0xd6,ff 9c ff 71 22 d6 00 00
2025-10-25 13:20:25,89.18,0xff,0x9c,0xff,0x71,0x22,0xd6,ff 9c ff 71 22 d6 00 00
2025-10-25 13:20:25,89.18,0xff,0x9c,0xff,0x71,0x22,0xd6,ff 9c ff 71 22 d6 00 00
2025-10-25 13:20:25,89.18,0xff,0x9c,0xff,0x71,0x22,0xd6,ff 9c ff 71 22 d6 00 00
2025-10-25 13:20:25,89.18,0xff,0x9c,0xff,0x71,0x22,0xd6,ff 9c ff 71 22 d6 00 00
2025-10-25 13:20:25,89.18,0xff,0x9c,0xff,0x71,0x22,0xd6,ff 9c ff 71 22 d6 00 00
2025-10-25 13:20:25,89.18,0xff,0x9c,0xff,0x71,0x22,0xd6,ff 9c ff 71 22 d6 00 00
2025-10-25 13:20:25,89.18,0xff,0x9c,0xff,0x71,0x22,0xd6,ff 9c ff 71 22 d6 00 00
2025-10-25 13:20:25,89.18,0xff,0x9c,0xff,0x71,0x22,0xd6,ff 9c ff 71 22 d6 00 00
2025-10-25 13:20:25,89.18,0xff,0x9c,0xff,0x71,0x22,0xd6,ff 9c ff 71 22 d6 00 00
2025-10-25 13:20:26,89.18,0xff,0x9c,0xff,0x71,0x22,0xd6,ff 9c ff 71 22 d6 00 00
2025-10-25 13:20:26,89.18,0xff,0x9c,0xff,0x71,0x22,0xd6,ff 9c ff 71 22 d6 00 00
2025-10-25 13:20:26,89.18,0xff,0x9c,0xff,0x71,0x22,0xd6,ff 9c ff 71 22 d6 00 00
2025-10-25 13:20:26,89.18,0xff,0x9c,0xff,0x71,0x22,0xd6,ff 9c ff 71 22 d6 00 00
2025-10-25 13:20:26,89.18,0xff,0x9c,0xff,0x71,0x22,0xd6,ff 9c ff 71 22 d6 00 00
2025-10-25 13:20:26,89.18,0xff,0x9c,0xff,0x71,0x22,0xd6,ff 9c ff 71 22 d6 00 00
2025-10-25 13:20:26,89.18,0xff,0x9c,0xff,0x71,0x22,0xd6,ff 9c ff 71 22 d6 00 00
2025-10-25 13:20:26,89.18,0xff,0x9c,0xff,0x71,0x22,0xd6,ff 9c ff 71 22 d6 00 00
2025-10-25 13:20:26,89.18,0xff,0x9c,0xff,0x71,0x22,0xd6,ff 9c ff 71 22 d6 00 00
2025-10-25 13:20:26,89.18,0xff,0x9c,0xff,0x71,0x22,0xd6,ff 9c ff 71 22 d6 00 00
2025-10-25 13:20:26,89.18,0xff,0x9c,0xff,0x71,0x22,0xd6,ff 9c ff 71 22 d6 00 00
2025-10-25 13:20:26,89.18,0xff,0x9c,0xff,0x71,0x22,0xd6,ff 9c ff 71 22 d6 00 00
2025-10-25 13:20:26,89.18,0xff,0x9c,0xff,0x71,0x22,0xd6,ff 9c ff 71 22 d6 00 00
2025-10-25 13:20:26,89.18,0xff,0x9c,0xff,0x71,0x22,0xd6,ff 9c ff 71 22 d6 00 00
2025-10-25 13:20:26,89.18,0xff,0x9c,0xff,0x71,0x22,0xd6,ff 9c ff 71 22 d6 00 00
2025-10-25 13:20:26,89.18,0xff,0x9c,0xff,0x71,0x22,0xd6,ff 9c ff 71 22 d6 00 00
2025-10-25 13:20:26,89.18,0xff,0x9c,0xff,0x71,0x22,0xd6,ff 9c ff 71 22 d6 00 00
2025-10-25 13:20:26,89.18,0xff,0x9c,0xff,0x71,0x22,0xd6,ff 9c ff 71 22 d6 00 00
2025-10-25 13:20:26,89.56,0xff,0x9c,0xff,0x71,0x22,0xfc,ff 9c ff 71 22 fc 00 00
2025-10-25 13:20:26,89.56,0xff,0x9c,0xff,0x71,0x22,0xfc,ff 9c ff 71 22 fc 00 00
2025-10-25 13:20:26,89.56,0xff,0x9c,0xff,0x71,0x22,0xfc,ff 9c ff 71 22 fc 00 00
2025-10-25 13:20:26,89.56,0xff,0x9c,0xff,0x71,0x22,0xfc,ff 9c ff 71 22 fc 00 00
2025-10-25 13:20:26,89.56,0xff,0x9c,0xff,0x71,0x22,0xfc,ff 9c ff 71 22 fc 00 00
2025-10-25 13:20:26,90.37,0xff,0x9c,0xff,0x71,0x23,0x4d,ff 9c ff 71 23 4d 00 00
2025-10-25 13:20:26,90.37,0xff,0x9c,0xff,0x71,0x23,0x4d,ff 9c ff 71 23 4d 00 00
2025-10-25 13:20:26,90.75,0xff,0x9c,0xff,0x71,0x23,0x73,ff 9c ff 71 23 73 00 00
2025-10-25 13:20:26,90.75,0xff,0x9c,0xff,0x71,0x23,0x73,ff 9c ff 71 23 73 00 00
2025-10-25 13:20:26,90.75,0xff,0x9c,0xff,0x71,0x23,0x73,ff 9c ff 71 23 73 00 00
2025-10-25 13:20:26,90.75,0xff,0x9c,0xff,0x71,0x23,0x73,ff 9c ff 71 23 73 00 00
2025-10-25 13:20:26,90.75,0xff,0x9c,0xff,0x71,0x23,0x73,ff 9c ff 71 23 73 00 00
2025-10-25 13:20:26,90.75,0xff,0x9c,0xff,0x71,0x23,0x73,ff 9c ff 71 23 73 00 00
2025-10-25 13:20:26,90.75,0xff,0x9c,0xff,0x71,0x23,0x73,ff 9c ff 71 23 73 00 00
2025-10-25 13:20:26,90.75,0xff,0x9c,0xff,0x71,0x23,0x73,ff 9c ff 71 23 73 00 00
2025-10-25 13:20:26,90.75,0xff,0x9c,0xff,0x71,0x23,0x73,ff 9c ff 71 23 73 00 00
2025-10-25 13:20:26,90.75,0xff,0x9c,0xff,0x71,0x23,0x73,ff 9c ff 71 23 73 00 00
2025-10-25 13:20:26,90.75,0xff,0x9c,0xff,0x71,0x23,0x73,ff 9c ff 71 23 73 00 00
2025-10-25 13:20:26,90.75,0xff,0x9c,0xff,0x71,0x23,0x73,ff 9c ff 71 23 73 00 00
2025-10-25 13:20:26,90.75,0xff,0x9c,0xff,0x71,0x23,0x73,ff 9c ff 71 23 73 00 00
2025-10-25 13:20:26,90.75,0xff,0x9c,0xff,0x71,0x23,0x73,ff 9c ff 71 23 73 00 00
2025-10-25 13:20:26,90.75,0xff,0x9c,0xff,0x71,0x23,0x73,ff 9c ff 71 23 73 00 00
2025-10-25 13:20:26,90.75,0xff,0x9c,0xff,0x71,0x23,0x73,ff 9c ff 71 23 73 00 00
2025-10-25 13:20:26,90.75,0xff,0x9c,0xff,0x71,0x23,0x73,ff 9c ff 71 23 73 00 00
2025-10-25 13:20:26,90.75,0xff,0x9c,0xff,0x71,0x23,0x73,ff 9c ff 71 23 73 00 00
2025-10-25 13:20:26,90.75,0xff,0x9c,0xff,0x71,0x23,0x73,ff 9c ff 71 23 73 00 00
2025-10-25 13:20:26,90.75,0xff,0x9c,0xff,0x71,0x23,0x73,ff 9c ff 71 23 73 00 00
2025-10-25 13:20:26,90.75,0xff,0x9c,0xff,0x71,0x23,0x73,ff 9c ff 71 23 73 00 00
2025-10-25 13:20:26,90.75,0xff,0x9c,0xff,0x71,0x23,0x73,ff 9c ff 71 23 73 00 00
2025-10-25 13:20:26,90.75,0xff,0x9c,0xff,0x71,0x23,0x73,ff 9c ff 71 23 73 00 00
2025-10-25 13:20:26,90.75,0xff,0x9c,0xff,0x71,0x23,0x73,ff 9c ff 71 23 73 00 00
2025-10-25 13:20:26,90.75,0xff,0x9c,0xff,0x71,0x23,0x73,ff 9c ff 71 23 73 00 00
2025-10-25 13:20:26,90.75,0xff,0x9c,0xff,0x71,0x23,0x73,ff 9c ff 71 23 73 00 00
2025-10-25 13:20:26,90.75,0xff,0x9c,0xff,0x71,0x23,0x73,ff 9c ff 71 23 73 00 00
2025-10-25 13:20:26,90.75,0xff,0x9c,0xff,0x71,0x23,0x73,ff 9c ff 71 23 73 00 00
2025-10-25 13:20:27,90.75,0xff,0x9c,0xff,0x71,0x23,0x73,ff 9c ff 71 23 73 00 00
2025-10-25 13:20:27,90.75,0xff,0x9c,0xff,0x71,0x23,0x73,ff 9c ff 71 23 73 00 00
2025-10-25 13:20:27,90.75,0xff,0x9c,0xff,0x71,0x23,0x73,ff 9c ff 71 23 73 00 00
2025-10-25 13:20:27,90.75,0xff,0x9c,0xff,0x71,0x23,0x73,ff 9c ff 71 23 73 00 00
2025-10-25 13:20:27,90.75,0xff,0x9c,0xff,0x71,0x23,0x73,ff 9c ff 71 23 73 00 00
2025-10-25 13:20:27,90.75,0xff,0x9c,0xff,0x71,0x23,0x73,ff 9c ff 71 23 73 00 00
2025-10-25 13:20:27,92.31,0xff,0x9c,0xff,0x71,0x24,0x0f,ff 9c ff 71 24 0f 00 00
2025-10-25 13:20:27,92.31,0xff,0x9c,0xff,0x71,0x24,0x0f,ff 9c ff 71 24 0f 00 00
2025-10-25 13:20:27,92.31,0xff,0x9c,0xff,0x71,0x24,0x0f,ff 9c ff 71 24 0f 00 00
2025-10-25 13:20:27,93.12,0xff,0x9c,0xff,0x71,0x24,0x60,ff 9c ff 71 24 60 00 00
2025-10-25 13:20:27,93.12,0xff,0x9c,0xff,0x71,0x24,0x60,ff 9c ff 71 24 60 00 00
2025-10-25 13:20:27,93.12,0xff,0x9c,0xff,0x71,0x24,0x60,ff 9c ff 71 24 60 00 00
2025-10-25 13:20:27,93.12,0xff,0x9c,0xff,0x71,0x24,0x60,ff 9c ff 71 24 60 00 00
2025-10-25 13:20:27,93.12,0xff,0x9c,0xff,0x71,0x24,0x60,ff 9c ff 71 24 60 00 00
2025-10-25 13:20:27,93.56,0xff,0x9c,0xff,0x71,0x24,0x8c,ff 9c ff 71 24 8c 00 00
2025-10-25 13:20:27,93.56,0xff,0x9c,0xff,0x71,0x24,0x8c,ff 9c ff 71 24 8c 00 00
2025-10-25 13:20:27,93.56,0xff,0x9c,0xff,0x71,0x24,0x8c,ff 9c ff 71 24 8c 00 00
2025-10-25 13:20:27,93.93,0xff,0x9c,0xff,0x71,0x24,0xb1,ff 9c ff 71 24 b1 00 00
2025-10-25 13:20:27,93.93,0xff,0x9c,0xff,0x71,0x24,0xb1,ff 9c ff 71 24 b1 00 00
2025-10-25 13:20:27,94.31,0xff,0x9c,0xff,0x71,0x24,0xd7,ff 9c ff 71 24 d7 00 00
2025-10-25 13:20:27,94.31,0xff,0x9c,0xff,0x71,0x24,0xd7,ff 9c ff 71 24 d7 00 00
2025-10-25 13:20:27,94.31,0xff,0x9c,0xff,0x71,0x24,0xd7,ff 9c ff 71 24 d7 00 00
2025-10-25 13:20:27,94.31,0xff,0x9c,0xff,0x71,0x24,0xd7,ff 9c ff 71 24 d7 00 00
2025-10-25 13:20:27,94.31,0xff,0x9c,0xff,0x71,0x24,0xd7,ff 9c ff 71 24 d7 00 00
2025-10-25 13:20:27,94.31,0xff,0x9c,0xff,0x71,0x24,0xd7,ff 9c ff 71 24 d7 00 00
2025-10-25 13:20:27,94.31,0xff,0x9c,0xff,0x71,0x24,0xd7,ff 9c ff 71 24 d7 00 00
2025-10-25 13:20:27,94.31,0xff,0x9c,0xff,0x71,0x24,0xd7,ff 9c ff 71 24 d7 00 00
2025-10-25 13:20:27,94.31,0xff,0x9c,0xff,0x71,0x24,0xd7,ff 9c ff 71 24 d7 00 00
2025-10-25 13:20:27,94.31,0xff,0x9c,0xff,0x71,0x24,0xd7,ff 9c ff 71 24 d7 00 00
2025-10-25 13:20:27,94.31,0xff,0x9c,0xff,0x71,0x24,0xd7,ff 9c ff 71 24 d7 00 00
2025-10-25 13:20:27,94.31,0xff,0x9c,0xff,0x71,0x24,0xd7,ff 9c ff 71 24 d7 00 00
2025-10-25 13:20:27,94.31,0xff,0x9c,0xff,0x71,0x24,0xd7,ff 9c ff 71 24 d7 00 00
2025-10-25 13:20:27,94.31,0xff,0x9c,0xff,0x71,0x24,0xd7,ff 9c ff 71 24 d7 00 00
2025-10-25 13:20:27,94.31,0xff,0x9c,0xff,0x71,0x24,0xd7,ff 9c ff 71 24 d7 00 00
2025-10-25 13:20:27,94.31,0xff,0x9c,0xff,0x71,0x24,0xd7,ff 9c ff 71 24 d7 00 00
2025-10-25 13:20:27,94.31,0xff,0x9c,0xff,0x71,0x24,0xd7,ff 9c ff 71 24 d7 00 00
2025-10-25 13:20:27,94.31,0xff,0x9c,0xff,0x71,0x24,0xd7,ff 9c ff 71 24 d7 00 00
2025-10-25 13:20:27,94.31,0xff,0x9c,0xff,0x71,0x24,0xd7,ff 9c ff 71 24 d7 00 00
2025-10-25 13:20:27,94.31,0xff,0x9c,0xff,0x71,0x24,0xd7,ff 9c ff 71 24 d7 00 00
2025-10-25 13:20:27,94.31,0xff,0x9c,0xff,0x71,0x24,0xd7,ff 9c ff 71 24 d7 00 00
2025-10-25 13:20:27,94.31,0xff,0x9c,0xff,0x71,0x24,0xd7,ff 9c ff 71 24 d7 00 00
2025-10-25 13:20:27,94.31,0xff,0x9c,0xff,0x71,0x24,0xd7,ff 9c ff 71 24 d7 00 00
2025-10-25 13:20:27,94.31,0xff,0x9c,0xff,0x71,0x24,0xd7,ff 9c ff 71 24 d7 00 00
2025-10-25 13:20:27,94.31,0xff,0x9c,0xff,0x71,0x24,0xd7,ff 9c ff 71 24 d7 00 00
2025-10-25 13:20:27,94.31,0xff,0x9c,0xff,0x71,0x24,0xd7,ff 9c ff 71 24 d7 00 00
2025-10-25 13:20:27,94.31,0xff,0x9c,0xff,0x71,0x24,0xd7,ff 9c ff 71 24 d7 00 00
2025-10-25 13:20:27,94.31,0xff,0x9c,0xff,0x71,0x24,0xd7,ff 9c ff 71 24 d7 00 00
2025-10-25 13:20:27,94.31,0xff,0x9c,0xff,0x71,0x24,0xd7,ff 9c ff 71 24 d7 00 00
2025-10-25 13:20:27,94.31,0xff,0x9c,0xff,0x71,0x24,0xd7,ff 9c ff 71 24 d7 00 00
2025-10-25 13:20:27,94.31,0xff,0x9c,0xff,0x71,0x24,0xd7,ff 9c ff 71 24 d7 00 00
2025-10-25 13:20:28,94.31,0xff,0x9c,0xff,0x71,0x24,0xd7,ff 9c ff 71 24 d7 00 00
2025-10-25 13:20:28,94.31,0xff,0x9c,0xff,0x71,0x24,0xd7,ff 9c ff 71 24 d7 00 00
2025-10-25 13:20:28,94.31,0xff,0x9c,0xff,0x71,0x24,0xd7,ff 9c ff 71 24 d7 00 00
2025-10-25 13:20:28,94.31,0xff,0x9c,0xff,0x71,0x24,0xd7,ff 9c ff 71 24 d7 00 00
2025-10-25 13:20:28,94.31,0xff,0x9c,0xff,0x71,0x24,0xd7,ff 9c ff 71 24 d7 00 00
2025-10-25 13:20:28,94.31,0xff,0x9c,0xff,0x71,0x24,0xd7,ff 9c ff 71 24 d7 00 00
2025-10-25 13:20:28,94.31,0xff,0x9c,0xff,0x71,0x24,0xd7,ff 9c ff 71 24 d7 00 00
2025-10-25 13:20:28,94.31,0xff,0x9c,0xff,0x71,0x24,0xd7,ff 9c ff 71 24 d7 00 00
2025-10-25 13:20:28,94.31,0xff,0x9c,0xff,0x71,0x24,0xd7,ff 9c ff 71 24 d7 00 00
2025-10-25 13:20:28,94.31,0xff,0x9c,0xff,0x71,0x24,0xd7,ff 9c ff 71 24 d7 00 00
2025-10-25 13:20:28,94.31,0xff,0x9c,0xff,0x71,0x24,0xd7,ff 9c ff 71 24 d7 00 00
2025-10-25 13:20:28,94.31,0xff,0x9c,0xff,0x71,0x24,0xd7,ff 9c ff 71 24 d7 00 00
2025-10-25 13:20:28,94.31,0xff,0x9c,0xff,0x71,0x24,0xd7,ff 9c ff 71 24 d7 00 00
2025-10-25 13:20:28,94.31,0xff,0x9c,0xff,0x71,0x24,0xd7,ff 9c ff 71 24 d7 00 00
2025-10-25 13:20:28,94.31,0xff,0x9c,0xff,0x71,0x24,0xd7,ff 9c ff 71 24 d7 00 00
2025-10-25 13:20:28,94.31,0xff,0x9c,0xff,0x71,0x24,0xd7,ff 9c ff 71 24 d7 00 00
2025-10-25 13:20:28,94.31,0xff,0x9c,0xff,0x71,0x24,0xd7,ff 9c ff 71 24 d7 00 00
2025-10-25 13:20:28,94.31,0xff,0x9c,0xff,0x71,0x24,0xd7,ff 9c ff 71 24 d7 00 00
2025-10-25 13:20:28,94.31,0xff,0x9c,0xff,0x71,0x24,0xd7,ff 9c ff 71 24 d7 00 00
2025-10-25 13:20:28,94.31,0xff,0x9c,0xff,0x71,0x24,0xd7,ff 9c ff 71 24 d7 00 00
2025-10-25 13:20:28,94.31,0xff,0x9c,0xff,0x71,0x24,0xd7,ff 9c ff 71 24 d7 00 00
2025-10-25 13:20:28,94.31,0xff,0x9c,0xff,0x71,0x24,0xd7,ff 9c ff 71 24 d7 00 00
2025-10-25 13:20:28,94.31,0xff,0x9c,0xff,0x71,0x24,0xd7,ff 9c ff 71 24 d7 00 00
2025-10-25 13:20:28,94.31,0xff,0x9c,0xff,0x71,0x24,0xd7,ff 9c ff 71 24 d7 00 00
2025-10-25 13:20:28,95.68,0xff,0x9c,0xff,0x71,0x25,0x60,ff 9c ff 71 25 60 00 00
2025-10-25 13:20:28,95.68,0xff,0x9c,0xff,0x71,0x25,0x60,ff 9c ff 71 25 60 00 00
2025-10-25 13:20:28,95.68,0xff,0x9c,0xff,0x71,0x25,0x60,ff 9c ff 71 25 60 00 00
2025-10-25 13:20:28,96.12,0xff,0x9c,0xff,0x71,0x25,0x8c,ff 9c ff 71 25 8c 00 00
2025-10-25 13:20:28,96.12,0xff,0x9c,0xff,0x71,0x25,0x8c,ff 9c ff 71 25 8c 00 00
2025-10-25 13:20:28,96.12,0xff,0x9c,0xff,0x71,0x25,0x8c,ff 9c ff 71 25 8c 00 00
2025-10-25 13:20:28,96.56,0xff,0x9c,0xff,0x71,0x25,0xb8,ff 9c ff 71 25 b8 00 00
2025-10-25 13:20:28,96.56,0xff,0x9c,0xff,0x71,0x25,0xb8,ff 9c ff 71 25 b8 00 00
2025-10-25 13:20:28,96.56,0xff,0x9c,0xff,0x71,0x25,0xb8,ff 9c ff 71 25 b8 00 00
2025-10-25 13:20:28,96.56,0xff,0x9c,0xff,0x71,0x25,0xb8,ff 9c ff 71 25 b8 00 00
2025-10-25 13:20:28,96.56,0xff,0x9c,0xff,0x71,0x25,0xb8,ff 9c ff 71 25 b8 00 00
2025-10-25 13:20:28,96.18,0xff,0x9c,0xff,0x71,0x25,0x92,ff 9c ff 71 25 92 00 00
2025-10-25 13:20:28,96.18,0xff,0x9c,0xff,0x71,0x25,0x92,ff 9c ff 71 25 92 00 00
2025-10-25 13:20:28,96.18,0xff,0x9c,0xff,0x71,0x25,0x92,ff 9c ff 71 25 92 00 00
2025-10-25 13:20:28,96.56,0xff,0x9c,0xff,0x71,0x25,0xb8,ff 9c ff 71 25 b8 00 00
2025-10-25 13:20:28,96.56,0xff,0x9c,0xff,0x71,0x25,0xb8,ff 9c ff 71 25 b8 00 00
2025-10-25 13:20:28,97.06,0xff,0x9c,0xff,0x71,0x25,0xea,ff 9c ff 71 25 ea 00 00
2025-10-25 13:20:28,97.06,0xff,0x9c,0xff,0x71,0x25,0xea,ff 9c ff 71 25 ea 00 00
2025-10-25 13:20:28,97.06,0xff,0x9c,0xff,0x71,0x25,0xea,ff 9c ff 71 25 ea 00 00
2025-10-25 13:20:28,97.06,0xff,0x9c,0xff,0x71,0x25,0xea,ff 9c ff 71 25 ea 00 00
2025-10-25 13:20:28,97.06,0xff,0x9c,0xff,0x71,0x25,0xea,ff 9c ff 71 25 ea 00 00
2025-10-25 13:20:28,97.06,0xff,0x9c,0xff,0x71,0x25,0xea,ff 9c ff 71 25 ea 00 00
2025-10-25 13:20:28,97.06,0xff,0x9c,0xff,0x71,0x25,0xea,ff 9c ff 71 25 ea 00 00
2025-10-25 13:20:28,97.06,0xff,0x9c,0xff,0x71,0x25,0xea,ff 9c ff 71 25 ea 00 00
2025-10-25 13:20:28,97.06,0xff,0x9c,0xff,0x71,0x25,0xea,ff 9c ff 71 25 ea 00 00
2025-10-25 13:20:28,97.06,0xff,0x9c,0xff,0x71,0x25,0xea,ff 9c ff 71 25 ea 00 00
2025-10-25 13:20:28,97.06,0xff,0x9c,0xff,0x71,0x25,0xea,ff 9c ff 71 25 ea 00 00
2025-10-25 13:20:28,97.06,0xff,0x9c,0xff,0x71,0x25,0xea,ff 9c ff 71 25 ea 00 00
2025-10-25 13:20:29,97.06,0xff,0x9c,0xff,0x71,0x25,0xea,ff 9c ff 71 25 ea 00 00
2025-10-25 13:20:29,97.06,0xff,0x9c,0xff,0x71,0x25,0xea,ff 9c ff 71 25 ea 00 00
2025-10-25 13:20:29,97.06,0xff,0x9c,0xff,0x71,0x25,0xea,ff 9c ff 71 25 ea 00 00
2025-10-25 13:20:29,97.06,0xff,0x9c,0xff,0x71,0x25,0xea,ff 9c ff 71 25 ea 00 00
2025-10-25 13:20:29,97.06,0xff,0x9c,0xff,0x71,0x25,0xea,ff 9c ff 71 25 ea 00 00
2025-10-25 13:20:29,97.06,0xff,0x9c,0xff,0x71,0x25,0xea,ff 9c ff 71 25 ea 00 00
2025-10-25 13:20:29,97.06,0xff,0x9c,0xff,0x71,0x25,0xea,ff 9c ff 71 25 ea 00 00
2025-10-25 13:20:29,97.06,0xff,0x9c,0xff,0x71,0x25,0xea,ff 9c ff 71 25 ea 00 00
2025-10-25 13:20:29,97.06,0xff,0x9c,0xff,0x71,0x25,0xea,ff 9c ff 71 25 ea 00 00
2025-10-25 13:20:29,97.06,0xff,0x9c,0xff,0x71,0x25,0xea,ff 9c ff 71 25 ea 00 00
2025-10-25 13:20:29,97.06,0xff,0x9c,0xff,0x71,0x25,0xea,ff 9c ff 71 25 ea 00 00
2025-10-25 13:20:29,97.06,0xff,0x9c,0xff,0x71,0x25,0xea,ff 9c ff 71 25 ea 00 00
2025-10-25 13:20:29,97.06,0xff,0x9c,0xff,0x71,0x25,0xea,ff 9c ff 71 25 ea 00 00
2025-10-25 13:20:29,97.06,0xff,0x9c,0xff,0x71,0x25,0xea,ff 9c ff 71 25 ea 00 00
2025-10-25 13:20:29,97.06,0xff,0x9c,0xff,0x71,0x25,0xea,ff 9c ff 71 25 ea 00 00
2025-10-25 13:20:29,97.06,0xff,0x9c,0xff,0x71,0x25,0xea,ff 9c ff 71 25 ea 00 00
2025-10-25 13:20:29,97.06,0xff,0x9c,0xff,0x71,0x25,0xea,ff 9c ff 71 25 ea 00 00
2025-10-25 13:20:29,97.06,0xff,0x9c,0xff,0x71,0x25,0xea,ff 9c ff 71 25 ea 00 00
2025-10-25 13:20:29,97.06,0xff,0x9c,0xff,0x71,0x25,0xea,ff 9c ff 71 25 ea 00 00
2025-10-25 13:20:29,97.06,0xff,0x9c,0xff,0x71,0x25,0xea,ff 9c ff 71 25 ea 00 00
2025-10-25 13:20:29,97.06,0xff,0x9c,0xff,0x71,0x25,0xea,ff 9c ff 71 25 ea 00 00
2025-10-25 13:20:29,97.06,0xff,0x9c,0xff,0x71,0x25,0xea,ff 9c ff 71 25 ea 00 00
2025-10-25 13:20:29,97.06,0xff,0x9c,0xff,0x71,0x25,0xea,ff 9c ff 71 25 ea 00 00
2025-10-25 13:20:29,97.06,0xff,0x9c,0xff,0x71,0x25,0xea,ff 9c ff 71 25 ea 00 00
2025-10-25 13:20:29,97.06,0xff,0x9c,0xff,0x71,0x25,0xea,ff 9c ff 71 25 ea 00 00
2025-10-25 13:20:29,97.06,0xff,0x9c,0xff,0x71,0x25,0xea,ff 9c ff 71 25 ea 00 00
2025-10-25 13:20:29,97.06,0xff,0x9c,0xff,0x71,0x25,0xea,ff 9c ff 71 25 ea 00 00
2025-10-25 13:20:29,98.75,0xff,0x9c,0xff,0x71,0x26,0x93,ff 9c ff 71 26 93 00 00
2025-10-25 13:20:29,98.75,0xff,0x9c,0xff,0x71,0x26,0x93,ff 9c ff 71 26 93 00 00
2025-10-25 13:20:29,98.75,0xff,0x9c,0xff,0x71,0x26,0x93,ff 9c ff 71 26 93 00 00
2025-10-25 13:20:29,100.12,0xff,0x9c,0xff,0x71,0x27,0x1c,ff 9c ff 71 27 1c 00 00
2025-10-25 13:20:29,100.12,0xff,0x9c,0xff,0x71,0x27,0x1c,ff 9c ff 71 27 1c 00 00
2025-10-25 13:20:29,100.12,0xff,0x9c,0xff,0x71,0x27,0x1c,ff 9c ff 71 27 1c 00 00
2025-10-25 13:20:29,100.12,0xff,0x9c,0xff,0x71,0x27,0x1c,ff 9c ff 71 27 1c 00 00
2025-10-25 13:20:29,100.12,0xff,0x9c,0xff,0x71,0x27,0x1c,ff 9c ff 71 27 1c 00 00
2025-10-25 13:20:29,100.12,0xff,0x9c,0xff,0x71,0x27,0x1c,ff 9c ff 71 27 1c 00 00
2025-10-25 13:20:29,100.12,0xff,0x9c,0xff,0x71,0x27,0x1c,ff 9c ff 71 27 1c 00 00
2025-10-25 13:20:29,100.93,0xff,0x9c,0xff,0x71,0x27,0x6d,ff 9c ff 71 27 6d 00 00
2025-10-25 13:20:29,100.93,0xff,0x9c,0xff,0x71,0x27,0x6d,ff 9c ff 71 27 6d 00 00
2025-10-25 13:20:29,100.93,0xff,0x9c,0xff,0x71,0x27,0x6d,ff 9c ff 71 27 6d 00 00
2025-10-25 13:20:29,101.5,0xff,0x9c,0xff,0x71,0x27,0xa6,ff 9c ff 71 27 a6 00 00
2025-10-25 13:20:29,101.5,0xff,0x9c,0xff,0x71,0x27,0xa6,ff 9c ff 71 27 a6 00 00
2025-10-25 13:20:29,101.5,0xff,0x9c,0xff,0x71,0x27,0xa6,ff 9c ff 71 27 a6 00 00
2025-10-25 13:20:29,101.5,0xff,0x9c,0xff,0x71,0x27,0xa6,ff 9c ff 71 27 a6 00 00
2025-10-25 13:20:29,101.5,0xff,0x9c,0xff,0x71,0x27,0xa6,ff 9c ff 71 27 a6 00 00
2025-10-25 13:20:29,101.5,0xff,0x9c,0xff,0x71,0x27,0xa6,ff 9c ff 71 27 a6 00 00
2025-10-25 13:20:29,101.5,0xff,0x9c,0xff,0x71,0x27,0xa6,ff 9c ff 71 27 a6 00 00
2025-10-25 13:20:29,101.5,0xff,0x9c,0xff,0x71,0x27,0xa6,ff 9c ff 71 27 a6 00 00
2025-10-25 13:20:29,101.5,0xff,0x9c,0xff,0x71,0x27,0xa6,ff 9c ff 71 27 a6 00 00
2025-10-25 13:20:29,101.5,0xff,0x9c,0xff,0x71,0x27,0xa6,ff 9c ff 71 27 a6 00 00
2025-10-25 13:20:29,101.5,0xff,0x9c,0xff,0x71,0x27,0xa6,ff 9c ff 71 27 a6 00 00
2025-10-25 13:20:29,101.5,0xff,0x9c,0xff,0x71,0x27,0xa6,ff 9c ff 71 27 a6 00 00
2025-10-25 13:20:30,101.5,0xff,0x9c,0xff,0x71,0x27,0xa6,ff 9c ff 71 27 a6 00 00
2025-10-25 13:20:30,101.5,0xff,0x9c,0xff,0x71,0x27,0xa6,ff 9c ff 71 27 a6 00 00
2025-10-25 13:20:30,101.5,0xff,0x9c,0xff,0x71,0x27,0xa6,ff 9c ff 71 27 a6 00 00
2025-10-25 13:20:30,101.5,0xff,0x9c,0xff,0x71,0x27,0xa6,ff 9c ff 71 27 a6 00 00
2025-10-25 13:20:30,101.5,0xff,0x9c,0xff,0x71,0x27,0xa6,ff 9c ff 71 27 a6 00 00
2025-10-25 13:20:30,101.5,0xff,0x9c,0xff,0x71,0x27,0xa6,ff 9c ff 71 27 a6 00 00
2025-10-25 13:20:30,101.5,0xff,0x9c,0xff,0x71,0x27,0xa6,ff 9c ff 71 27 a6 00 00
2025-10-25 13:20:30,101.5,0xff,0x9c,0xff,0x71,0x27,0xa6,ff 9c ff 71 27 a6 00 00
2025-10-25 13:20:30,101.5,0xff,0x9c,0xff,0x71,0x27,0xa6,ff 9c ff 71 27 a6 00 00
2025-10-25 13:20:30,101.5,0xff,0x9c,0xff,0x71,0x27,0xa6,ff 9c ff 71 27 a6 00 00
2025-10-25 13:20:30,101.5,0xff,0x9c,0xff,0x71,0x27,0xa6,ff 9c ff 71 27 a6 00 00
2025-10-25 13:20:30,101.5,0xff,0x9c,0xff,0x71,0x27,0xa6,ff 9c ff 71 27 a6 00 00
2025-10-25 13:20:30,101.5,0xff,0x9c,0xff,0x71,0x27,0xa6,ff 9c ff 71 27 a6 00 00
2025-10-25 13:20:30,101.5,0xff,0x9c,0xff,0x71,0x27,0xa6,ff 9c ff 71 27 a6 00 00
2025-10-25 13:20:30,101.5,0xff,0x9c,0xff,0x71,0x27,0xa6,ff 9c ff 71 27 a6 00 00
2025-10-25 13:20:30,101.5,0xff,0x9c,0xff,0x71,0x27,0xa6,ff 9c ff 71 27 a6 00 00
2025-10-25 13:20:30,101.5,0xff,0x9c,0xff,0x71,0x27,0xa6,ff 9c ff 71 27 a6 00 00
2025-10-25 13:20:30,101.5,0xff,0x9c,0xff,0x71,0x27,0xa6,ff 9c ff 71 27 a6 00 00
2025-10-25 13:20:30,101.5,0xff,0x9c,0xff,0x71,0x27,0xa6,ff 9c ff 71 27 a6 00 00
2025-10-25 13:20:30,101.5,0xff,0x9c,0xff,0x71,0x27,0xa6,ff 9c ff 71 27 a6 00 00
2025-10-25 13:20:30,101.5,0xff,0x9c,0xff,0x71,0x27,0xa6,ff 9c ff 71 27 a6 00 00
2025-10-25 13:20:30,101.5,0xff,0x9c,0xff,0x71,0x27,0xa6,ff 9c ff 71 27 a6 00 00
2025-10-25 13:20:30,101.5,0xff,0x9c,0xff,0x71,0x27,0xa6,ff 9c ff 71 27 a6 00 00
2025-10-25 13:20:30,101.5,0xff,0x9c,0xff,0x71,0x27,0xa6,ff 9c ff 71 27 a6 00 00
2025-10-25 13:20:30,101.5,0xff,0x9c,0xff,0x71,0x27,0xa6,ff 9c ff 71 27 a6 00 00
2025-10-25 13:20:30,101.5,0xff,0x9c,0xff,0x71,0x27,0xa6,ff 9c ff 71 27 a6 00 00
2025-10-25 13:20:30,101.5,0xff,0x9c,0xff,0x71,0x27,0xa6,ff 9c ff 71 27 a6 00 00
2025-10-25 13:20:30,101.5,0xff,0x9c,0xff,0x71,0x27,0xa6,ff 9c ff 71 27 a6 00 00
2025-10-25 13:20:30,101.5,0xff,0x9c,0xff,0x71,0x27,0xa6,ff 9c ff 71 27 a6 00 00
2025-10-25 13:20:30,101.5,0xff,0x9c,0xff,0x71,0x27,0xa6,ff 9c ff 71 27 a6 00 00
2025-10-25 13:20:30,101.5,0xff,0x9c,0xff,0x71,0x27,0xa6,ff 9c ff 71 27 a6 00 00
2025-10-25 13:20:30,101.5,0xff,0x9c,0xff,0x71,0x27,0xa6,ff 9c ff 71 27 a6 00 00
2025-10-25 13:20:30,103.37,0xff,0x9c,0xff,0x71,0x28,0x61,ff 9c ff 71 28 61 00 00
2025-10-25 13:20:30,103.37,0xff,0x9c,0xff,0x71,0x28,0x61,ff 9c ff 71 28 61 00 00
2025-10-25 13:20:30,103.37,0xff,0x9c,0xff,0x71,0x28,0x61,ff 9c ff 71 28 61 00 00
2025-10-25 13:20:30,104.31,0xff,0x9c,0xff,0x71,0x28,0xbf,ff 9c ff 71 28 bf 00 00
2025-10-25 13:20:30,104.31,0xff,0x9c,0xff,0x71,0x28,0xbf,ff 9c ff 71 28 bf 00 00
2025-10-25 13:20:30,104.31,0xff,0x9c,0xff,0x71,0x28,0xbf,ff 9c ff 71 28 bf 00 00
2025-10-25 13:20:30,104.81,0xff,0x9c,0xff,0x71,0x28,0xf1,ff 9c ff 71 28 f1 00 00
2025-10-25 13:20:30,104.81,0xff,0x9c,0xff,0x71,0x28,0xf1,ff 9c ff 71 28 f1 00 00
2025-10-25 13:20:30,105.37,0xff,0x9c,0xff,0x71,0x29,0x29,ff 9c ff 71 29 29 00 00
2025-10-25 13:20:30,105.37,0xff,0x9c,0xff,0x71,0x29,0x29,ff 9c ff 71 29 29 00 00
2025-10-25 13:20:30,105.37,0xff,0x9c,0xff,0x71,0x29,0x29,ff 9c ff 71 29 29 00 00
2025-10-25 13:20:30,105.5,0xff,0x9c,0xff,0x71,0x29,0x36,ff 9c ff 71 29 36 00 00
2025-10-25 13:20:30,105.5,0xff,0x9c,0xff,0x71,0x29,0x36,ff 9c ff 71 29 36 00 00
2025-10-25 13:20:30,105.93,0xff,0x9c,0xff,0x71,0x29,0x61,ff 9c ff 71 29 61 00 00
2025-10-25 13:20:30,105.93,0xff,0x9c,0xff,0x71,0x29,0x61,ff 9c ff 71 29 61 00 00
2025-10-25 13:20:30,105.93,0xff,0x9c,0xff,0x71,0x29,0x61,ff 9c ff 71 29 61 00 00
2025-10-25 13:20:30,106.18,0xff,0xa9,0xff,0xa9,0x29,0x7a,ff a9 ff a9 29 7a 00 00
2025-10-25 13:20:30,106.18,0xff,0xa9,0xff,0xa9,0x29,0x7a,ff a9 ff a9 29 7a 00 00
2025-10-25 13:20:30,106.18,0xff,0xa9,0xff,0xa9,0x29,0x7a,ff a9 ff a9 29 7a 00 00
2025-10-25 13:20:30,106,0xff,0xa3,0xff,0xb5,0x29,0x68,ff a3 ff b5 29 68 00 00
2025-10-25 13:20:31,106,0xff,0xa3,0xff,0xb5,0x29,0x68,ff a3 ff b5 29 68 00 00
2025-10-25 13:20:31,106.18,0xff,0xa9,0xff,0xa9,0x29,0x7a,ff a9 ff a9 29 7a 00 00
2025-10-25 13:20:31,106.18,0xff,0xa9,0xff,0xa9,0x29,0x7a,ff a9 ff a9 29 7a 00 00
2025-10-25 13:20:31,106.18,0xff,0xa9,0xff,0xa9,0x29,0x7a,ff a9 ff a9 29 7a 00 00
2025-10-25 13:20:31,106.56,0xff,0xc8,0xff,0x96,0x29,0xa0,ff c8 ff 96 29 a0 00 00
2025-10-25 13:20:31,106.56,0xff,0xc8,0xff,0x96,0x29,0xa0,ff c8 ff 96 29 a0 00 00
2025-10-25 13:20:31,106.56,0xff,0xc8,0xff,0x96,0x29,0xa0,ff c8 ff 96 29 a0 00 00
2025-10-25 13:20:31,106.56,0xff,0xbc,0xff,0x96,0x29,0xa0,ff bc ff 96 29 a0 00 00
2025-10-25 13:20:31,106.56,0xff,0xbc,0xff,0x96,0x29,0xa0,ff bc ff 96 29 a0 00 00
2025-10-25 13:20:31,106.18,0xff,0xaf,0xff,0xa9,0x29,0x7a,ff af ff a9 29 7a 00 00
2025-10-25 13:20:31,106.18,0xff,0xaf,0xff,0xa9,0x29,0x7a,ff af ff a9 29 7a 00 00
2025-10-25 13:20:31,106.18,0xff,0xaf,0xff,0xa9,0x29,0x7a,ff af ff a9 29 7a 00 00
2025-10-25 13:20:31,106,0xff,0x9c,0xff,0xb5,0x29,0x68,ff 9c ff b5 29 68 00 00
2025-10-25 13:20:31,106,0xff,0x9c,0xff,0xb5,0x29,0x68,ff 9c ff b5 29 68 00 00
2025-10-25 13:20:31,106,0xff,0x9c,0xff,0xb5,0x29,0x68,ff 9c ff b5 29 68 00 00
2025-10-25 13:20:31,106,0xff,0x9c,0xff,0xb5,0x29,0x68,ff 9c ff b5 29 68 00 00
2025-10-25 13:20:31,106,0xff,0x9c,0xff,0xb5,0x29,0x68,ff 9c ff b5 29 68 00 00
2025-10-25 13:20:31,106.56,0xff,0xc8,0xff,0x96,0x29,0xa0,ff c8 ff 96 29 a0 00 00
2025-10-25 13:20:31,106.56,0xff,0xc8,0xff,0x96,0x29,0xa0,ff c8 ff 96 29 a0 00 00
2025-10-25 13:20:31,107,0xff,0xa9,0xff,0x51,0x29,0xcc,ff a9 ff 51 29 cc 00 00
2025-10-25 13:20:31,107,0xff,0xa9,0xff,0x51,0x29,0xcc,ff a9 ff 51 29 cc 00 00
2025-10-25 13:20:31,107,0xff,0xa9,0xff,0x51,0x29,0xcc,ff a9 ff 51 29 cc 00 00
2025-10-25 13:20:31,106.87,0xff,0x90,0xff,0x5e,0x29,0xbf,ff 90 ff 5e 29 bf 00 00
2025-10-25 13:20:31,106.87,0xff,0x90,0xff,0x5e,0x29,0xbf,ff 90 ff 5e 29 bf 00 00
2025-10-25 13:20:31,106.87,0xff,0x90,0xff,0x5e,0x29,0xbf,ff 90 ff 5e 29 bf 00 00
2025-10-25 13:20:31,106.43,0xff,0x8a,0xff,0x83,0x29,0x93,ff 8a ff 83 29 93 00 00
2025-10-25 13:20:31,106.43,0xff,0x8a,0xff,0x83,0x29,0x93,ff 8a ff 83 29 93 00 00
2025-10-25 13:20:31,106.43,0xff,0x8a,0xff,0x7d,0x29,0x93,ff 8a ff 7d 29 93 00 00
2025-10-25 13:20:31,106.43,0xff,0x8a,0xff,0x7d,0x29,0x93,ff 8a ff 7d 29 93 00 00
2025-10-25 13:20:31,106.43,0xff,0x8a,0xff,0x7d,0x29,0x93,ff 8a ff 7d 29 93 00 00
2025-10-25 13:20:31,106.87,0xff,0x8a,0xff,0x64,0x29,0xbf,ff 8a ff 64 29 bf 00 00
2025-10-25 13:20:31,106.87,0xff,0x8a,0xff,0x64,0x29,0xbf,ff 8a ff 64 29 bf 00 00
2025-10-25 13:20:31,106.87,0xff,0x8a,0xff,0x64,0x29,0xbf,ff 8a ff 64 29 bf 00 00
2025-10-25 13:20:31,107.31,0xff,0x9c,0xff,0x45,0x29,0xeb,ff 9c ff 45 29 eb 00 00
2025-10-25 13:20:31,107.31,0xff,0x9c,0xff,0x45,0x29,0xeb,ff 9c ff 45 29 eb 00 00
2025-10-25 13:20:31,107.43,0xff,0xc2,0xff,0x32,0x29,0xf7,ff c2 ff 32 29 f7 00 00
2025-10-25 13:20:31,107.43,0xff,0xc2,0xff,0x32,0x29,0xf7,ff c2 ff 32 29 f7 00 00
2025-10-25 13:20:31,107.43,0xff,0xc2,0xff,0x32,0x29,0xf7,ff c2 ff 32 29 f7 00 00
2025-10-25 13:20:31,107,0xff,0xce,0xff,0x58,0x29,0xcc,ff ce ff 58 29 cc 00 00
2025-10-25 13:20:31,107,0xff,0xce,0xff,0x58,0x29,0xcc,ff ce ff 58 29 cc 00 00
2025-10-25 13:20:31,106.56,0xff,0xc2,0xff,0x77,0x29,0xa0,ff c2 ff 77 29 a0 00 00
2025-10-25 13:20:31,106.56,0xff,0xc2,0xff,0x77,0x29,0xa0,ff c2 ff 77 29 a0 00 00
2025-10-25 13:20:31,106.56,0xff,0xc2,0xff,0x77,0x29,0xa0,ff c2 ff 77 29 a0 00 00
2025-10-25 13:20:31,106.56,0xff,0xaf,0xff,0x7d,0x29,0xa0,ff af ff 7d 29 a0 00 00
2025-10-25 13:20:31,106.56,0xff,0xaf,0xff,0x7d,0x29,0xa0,ff af ff 7d 29 a0 00 00
2025-10-25 13:20:31,106.56,0xff,0xaf,0xff,0x7d,0x29,0xa0,ff af ff 7d 29 a0 00 00
2025-10-25 13:20:31,106.87,0xff,0x8a,0xff,0x64,0x29,0xbf,ff 8a ff 64 29 bf 00 00
2025-10-25 13:20:31,106.87,0xff,0x8a,0xff,0x64,0x29,0xbf,ff 8a ff 64 29 bf 00 00
2025-10-25 13:20:31,106.87,0xff,0x8a,0xff,0x5e,0x29,0xbf,ff 8a ff 5e 29 bf 00 00
2025-10-25 13:20:31,106.87,0xff,0x8a,0xff,0x5e,0x29,0xbf,ff 8a ff 5e 29 bf 00 00
2025-10-25 13:20:31,106.87,0xff,0x8a,0xff,0x5e,0x29,0xbf,ff 8a ff 5e 29 bf 00 00
2025-10-25 13:20:31,106.43,0xff,0x90,0xff,0x77,0x29,0x93,ff 90 ff 77 29 93 00 00
2025-10-25 13:20:32,106.43,0xff,0x90,0xff,0x77,0x29,0x93,ff 90 ff 77 29 93 00 00
2025-10-25 13:20:32,106.56,0xff,0xa9,0xff,0x8a,0x29,0xa0,ff a9 ff 8a 29 a0 00 00
2025-10-25 13:20:32,106.56,0xff,0xa9,0xff,0x8a,0x29,0xa0,ff a9 ff 8a 29 a0 00 00
2025-10-25 13:20:32,106.56,0xff,0xa9,0xff,0x8a,0x29,0xa0,ff a9 ff 8a 29 a0 00 00
2025-10-25 13:20:32,107,0xff,0xa9,0xff,0x6a,0x29,0xcc,ff a9 ff 6a 29 cc 00 00
2025-10-25 13:20:32,107,0xff,0xa9,0xff,0x6a,0x29,0xcc,ff a9 ff 6a 29 cc 00 00
2025-10-25 13:20:32,107,0xff,0xa9,0xff,0x6a,0x29,0xcc,ff a9 ff 6a 29 cc 00 00
2025-10-25 13:20:32,107.43,0xff,0xbc,0xff,0x4b,0x29,0xf7,ff bc ff 4b 29 f7 00 00
2025-10-25 13:20:32,107.43,0xff,0xbc,0xff,0x4b,0x29,0xf7,ff bc ff 4b 29 f7 00 00
2025-10-25 13:20:32,107,0xff,0xc2,0xff,0x5e,0x29,0xcc,ff c2 ff 5e 29 cc 00 00
2025-10-25 13:20:32,107,0xff,0xc2,0xff,0x5e,0x29,0xcc,ff c2 ff 5e 29 cc 00 00
2025-10-25 13:20:32,107,0xff,0xc2,0xff,0x5e,0x29,0xcc,ff c2 ff 5e 29 cc 00 00
2025-10-25 13:20:32,107,0xff,0xc2,0xff,0x5e,0x29,0xcc,ff c2 ff 5e 29 cc 00 00
2025-10-25 13:20:32,107,0xff,0xc2,0xff,0x5e,0x29,0xcc,ff c2 ff 5e 29 cc 00 00
2025-10-25 13:20:32,107,0xff,0xc2,0xff,0x5e,0x29,0xcc,ff c2 ff 5e 29 cc 00 00
2025-10-25 13:20:32,107,0xff,0xc2,0xff,0x5e,0x29,0xcc,ff c2 ff 5e 29 cc 00 00
2025-10-25 13:20:32,107,0xff,0xc2,0xff,0x5e,0x29,0xcc,ff c2 ff 5e 29 cc 00 00
2025-10-25 13:20:32,107,0xff,0xc2,0xff,0x5e,0x29,0xcc,ff c2 ff 5e 29 cc 00 00
2025-10-25 13:20:32,107,0xff,0xc2,0xff,0x5e,0x29,0xcc,ff c2 ff 5e 29 cc 00 00
2025-10-25 13:20:32,107,0xff,0xc2,0xff,0x5e,0x29,0xcc,ff c2 ff 5e 29 cc 00 00
2025-10-25 13:20:32,107,0xff,0xc2,0xff,0x5e,0x29,0xcc,ff c2 ff 5e 29 cc 00 00
2025-10-25 13:20:32,107,0xff,0xc2,0xff,0x5e,0x29,0xcc,ff c2 ff 5e 29 cc 00 00
2025-10-25 13:20:32,109.25,0xff,0xc2,0xff,0x5e,0x2a,0xad,ff c2 ff 5e 2a ad 00 00
2025-10-25 13:20:32,109.25,0xff,0xc2,0xff,0x5e,0x2a,0xad,ff c2 ff 5e 2a ad 00 00
2025-10-25 13:20:32,109.81,0xff,0xc2,0xff,0x5e,0x2a,0xe5,ff c2 ff 5e 2a e5 00 00
2025-10-25 13:20:32,109.81,0xff,0xc2,0xff,0x5e,0x2a,0xe5,ff c2 ff 5e 2a e5 00 00
2025-10-25 13:20:32,111,0xff,0xc2,0xff,0x5e,0x2b,0x5c,ff c2 ff 5e 2b 5c 00 00
2025-10-25 13:20:32,111,0xff,0xc2,0xff,0x5e,0x2b,0x5c,ff c2 ff 5e 2b 5c 00 00
2025-10-25 13:20:32,111,0xff,0xc2,0xff,0x5e,0x2b,0x5c,ff c2 ff 5e 2b 5c 00 00
2025-10-25 13:20:32,111.62,0xff,0xc2,0xff,0x5e,0x2b,0x9a,ff c2 ff 5e 2b 9a 00 00
2025-10-25 13:20:32,111.62,0xff,0xc2,0xff,0x5e,0x2b,0x9a,ff c2 ff 5e 2b 9a 00 00
2025-10-25 13:20:32,112,0xff,0xc2,0xff,0x5e,0x2b,0xc0,ff c2 ff 5e 2b c0 00 00
2025-10-25 13:20:32,112,0xff,0xc2,0xff,0x5e,0x2b,0xc0,ff c2 ff 5e 2b c0 00 00
2025-10-25 13:20:32,112,0xff,0xc2,0xff,0x5e,0x2b,0xc0,ff c2 ff 5e 2b c0 00 00
2025-10-25 13:20:32,112.18,0xff,0xc2,0xff,0x5e,0x2b,0xd2,ff c2 ff 5e 2b d2 00 00
2025-10-25 13:20:32,112.18,0xff,0xc2,0xff,0x5e,0x2b,0xd2,ff c2 ff 5e 2b d2 00 00
2025-10-25 13:20:32,112.18,0xff,0xc2,0xff,0x5e,0x2b,0xd2,ff c2 ff 5e 2b d2 00 00
2025-10-25 13:20:32,112.18,0xff,0xc2,0xff,0x5e,0x2b,0xd2,ff c2 ff 5e 2b d2 00 00
2025-10-25 13:20:32,112.18,0xff,0xc2,0xff,0x5e,0x2b,0xd2,ff c2 ff 5e 2b d2 00 00
2025-10-25 13:20:32,112.18,0xff,0xc2,0xff,0x5e,0x2b,0xd2,ff c2 ff 5e 2b d2 00 00
2025-10-25 13:20:32,112.18,0xff,0xc2,0xff,0x5e,0x2b,0xd2,ff c2 ff 5e 2b d2 00 00
2025-10-25 13:20:32,112.18,0xff,0xc2,0xff,0x5e,0x2b,0xd2,ff c2 ff 5e 2b d2 00 00
2025-10-25 13:20:32,112.18,0xff,0xc2,0xff,0x5e,0x2b,0xd2,ff c2 ff 5e 2b d2 00 00
2025-10-25 13:20:32,112.18,0xff,0xc2,0xff,0x5e,0x2b,0xd2,ff c2 ff 5e 2b d2 00 00
2025-10-25 13:20:32,112.18,0xff,0xc2,0xff,0x5e,0x2b,0xd2,ff c2 ff 5e 2b d2 00 00
2025-10-25 13:20:32,112.18,0xff,0xc2,0xff,0x5e,0x2b,0xd2,ff c2 ff 5e 2b d2 00 00
2025-10-25 13:20:32,112.18,0xff,0xc2,0xff,0x5e,0x2b,0xd2,ff c2 ff 5e 2b d2 00 00
2025-10-25 13:20:32,112.18,0xff,0xc2,0xff,0x5e,0x2b,0xd2,ff c2 ff 5e 2b d2 00 00
2025-10-25 13:20:32,112.18,0xff,0xc2,0xff,0x5e,0x2b,0xd2,ff c2 ff 5e 2b d2 00 00
2025-10-25 13:20:32,112.18,0xff,0xc2,0xff,0x5e,0x2b,0xd2,ff c2 ff 5e 2b d2 00 00
2025-10-25 13:20:32,112.18,0xff,0xc2,0xff,0x5e,0x2b,0xd2,ff c2 ff 5e 2b d2 00 00
2025-10-25 13:20:33,112.18,0xff,0xc2,0xff,0x5e,0x2b,0xd2,ff c2 ff 5e 2b d2 00 00
2025-10-25 13:20:33,112.18,0xff,0xc2,0xff,0x5e,0x2b,0xd2,ff c2 ff 5e 2b d2 00 00
2025-10-25 13:20:33,112.18,0xff,0xc2,0xff,0x5e,0x2b,0xd2,ff c2 ff 5e 2b d2 00 00
2025-10-25 13:20:33,112.18,0xff,0xc2,0xff,0x5e,0x2b,0xd2,ff c2 ff 5e 2b d2 00 00
2025-10-25 13:20:33,112.18,0xff,0xc2,0xff,0x5e,0x2b,0xd2,ff c2 ff 5e 2b d2 00 00
2025-10-25 13:20:33,112.18,0xff,0xc2,0xff,0x5e,0x2b,0xd2,ff c2 ff 5e 2b d2 00 00
2025-10-25 13:20:33,112.18,0xff,0xc2,0xff,0x5e,0x2b,0xd2,ff c2 ff 5e 2b d2 00 00
2025-10-25 13:20:33,112.18,0xff,0xc2,0xff,0x5e,0x2b,0xd2,ff c2 ff 5e 2b d2 00 00
2025-10-25 13:20:33,112.18,0xff,0xc2,0xff,0x5e,0x2b,0xd2,ff c2 ff 5e 2b d2 00 00
2025-10-25 13:20:33,112.18,0xff,0xc2,0xff,0x5e,0x2b,0xd2,ff c2 ff 5e 2b d2 00 00
2025-10-25 13:20:33,112.18,0xff,0xc2,0xff,0x5e,0x2b,0xd2,ff c2 ff 5e 2b d2 00 00
2025-10-25 13:20:33,112.18,0xff,0xc2,0xff,0x5e,0x2b,0xd2,ff c2 ff 5e 2b d2 00 00
2025-10-25 13:20:33,112.18,0xff,0xc2,0xff,0x5e,0x2b,0xd2,ff c2 ff 5e 2b d2 00 00
2025-10-25 13:20:33,112.18,0xff,0xc2,0xff,0x5e,0x2b,0xd2,ff c2 ff 5e 2b d2 00 00
2025-10-25 13:20:33,112.18,0xff,0xc2,0xff,0x5e,0x2b,0xd2,ff c2 ff 5e 2b d2 00 00
2025-10-25 13:20:33,112.18,0xff,0xc2,0xff,0x5e,0x2b,0xd2,ff c2 ff 5e 2b d2 00 00
2025-10-25 13:20:33,112.18,0xff,0xc2,0xff,0x5e,0x2b,0xd2,ff c2 ff 5e 2b d2 00 00
2025-10-25 13:20:33,112.18,0xff,0xc2,0xff,0x5e,0x2b,0xd2,ff c2 ff 5e 2b d2 00 00
2025-10-25 13:20:33,112.18,0xff,0xc2,0xff,0x5e,0x2b,0xd2,ff c2 ff 5e 2b d2 00 00
2025-10-25 13:20:33,112.18,0xff,0xc2,0xff,0x5e,0x2b,0xd2,ff c2 ff 5e 2b d2 00 00
2025-10-25 13:20:33,112.18,0xff,0xc2,0xff,0x5e,0x2b,0xd2,ff c2 ff 5e 2b d2 00 00
2025-10-25 13:20:33,112.18,0xff,0xc2,0xff,0x5e,0x2b,0xd2,ff c2 ff 5e 2b d2 00 00
2025-10-25 13:20:33,112.18,0xff,0xc2,0xff,0x5e,0x2b,0xd2,ff c2 ff 5e 2b d2 00 00
2025-10-25 13:20:33,112.18,0xff,0xc2,0xff,0x5e,0x2b,0xd2,ff c2 ff 5e 2b d2 00 00
2025-10-25 13:20:33,112.18,0xff,0xc2,0xff,0x5e,0x2b,0xd2,ff c2 ff 5e 2b d2 00 00
2025-10-25 13:20:33,112.18,0xff,0xc2,0xff,0x5e,0x2b,0xd2,ff c2 ff 5e 2b d2 00 00
2025-10-25 13:20:33,112.18,0xff,0xc2,0xff,0x5e,0x2b,0xd2,ff c2 ff 5e 2b d2 00 00
2025-10-25 13:20:33,112.18,0xff,0xc2,0xff,0x5e,0x2b,0xd2,ff c2 ff 5e 2b d2 00 00
2025-10-25 13:20:33,112.18,0xff,0xc2,0xff,0x5e,0x2b,0xd2,ff c2 ff 5e 2b d2 00 00
2025-10-25 13:20:33,112.18,0xff,0xc2,0xff,0x5e,0x2b,0xd2,ff c2 ff 5e 2b d2 00 00
2025-10-25 13:20:33,112.18,0xff,0xc2,0xff,0x5e,0x2b,0xd2,ff c2 ff 5e 2b d2 00 00
2025-10-25 13:20:33,112.18,0xff,0xc2,0xff,0x5e,0x2b,0xd2,ff c2 ff 5e 2b d2 00 00
2025-10-25 13:20:33,112.18,0xff,0xc2,0xff,0x5e,0x2b,0xd2,ff c2 ff 5e 2b d2 00 00
2025-10-25 13:20:33,112.18,0xff,0xc2,0xff,0x5e,0x2b,0xd2,ff c2 ff 5e 2b d2 00 00
2025-10-25 13:20:33,112.18,0xff,0xc2,0xff,0x5e,0x2b,0xd2,ff c2 ff 5e 2b d2 00 00
2025-10-25 13:20:33,112.18,0xff,0xc2,0xff,0x5e,0x2b,0xd2,ff c2 ff 5e 2b d2 00 00
2025-10-25 13:20:33,112.18,0xff,0xc2,0xff,0x5e,0x2b,0xd2,ff c2 ff 5e 2b d2 00 00
2025-10-25 13:20:33,114.18,0xff,0xc2,0xff,0x5e,0x2c,0x9a,ff c2 ff 5e 2c 9a 00 00
2025-10-25 13:20:33,114.18,0xff,0xc2,0xff,0x5e,0x2c,0x9a,ff c2 ff 5e 2c 9a 00 00
2025-10-25 13:20:33,114.18,0xff,0xc2,0xff,0x5e,0x2c,0x9a,ff c2 ff 5e 2c 9a 00 00
2025-10-25 13:20:33,115.87,0xff,0xc2,0xff,0x5e,0x2d,0x43,ff c2 ff 5e 2d 43 00 00
2025-10-25 13:20:33,115.87,0xff,0xc2,0xff,0x5e,0x2d,0x43,ff c2 ff 5e 2d 43 00 00
2025-10-25 13:20:33,116.56,0xff,0xc2,0xff,0x5e,0x2d,0x88,ff c2 ff 5e 2d 88 00 00
2025-10-25 13:20:33,116.56,0xff,0xc2,0xff,0x5e,0x2d,0x88,ff c2 ff 5e 2d 88 00 00
2025-10-25 13:20:33,116.56,0xff,0xc2,0xff,0x5e,0x2d,0x88,ff c2 ff 5e 2d 88 00 00
2025-10-25 13:20:33,116.56,0xff,0xc2,0xff,0x5e,0x2d,0x88,ff c2 ff 5e 2d 88 00 00
2025-10-25 13:20:33,116.56,0xff,0xc2,0xff,0x5e,0x2d,0x88,ff c2 ff 5e 2d 88 00 00
2025-10-25 13:20:33,116.93,0xff,0xc2,0xff,0x5e,0x2d,0xad,ff c2 ff 5e 2d ad 00 00
2025-10-25 13:20:33,116.93,0xff,0xc2,0xff,0x5e,0x2d,0xad,ff c2 ff 5e 2d ad 00 00
2025-10-25 13:20:33,116.93,0xff,0xc2,0xff,0x5e,0x2d,0xad,ff c2 ff 5e 2d ad 00 00
2025-10-25 13:20:33,116.93,0xff,0xc2,0xff,0x5e,0x2d,0xad,ff c2 ff 5e 2d ad 00 00
2025-10-25 13:20:34,116.93,0xff,0xc2,0xff,0x5e,0x2d,0xad,ff c2 ff 5e 2d ad 00 00
2025-10-25 13:20:34,116.93,0xff,0xc2,0xff,0x5e,0x2d,0xad,ff c2 ff 5e 2d ad 00 00
2025-10-25 13:20:34,116.75,0xff,0xc2,0xff,0x5e,0x2d,0x9b,ff c2 ff 5e 2d 9b 00 00
2025-10-25 13:20:34,116.75,0xff,0xc2,0xff,0x5e,0x2d,0x9b,ff c2 ff 5e 2d 9b 00 00
2025-10-25 13:20:34,116.75,0xff,0xc2,0xff,0x5e,0x2d,0x9b,ff c2 ff 5e 2d 9b 00 00
2025-10-25 13:20:34,116.75,0xff,0xc2,0xff,0x5e,0x2d,0x9b,ff c2 ff 5e 2d 9b 00 00
2025-10-25 13:20:34,116.75,0xff,0xc2,0xff,0x5e,0x2d,0x9b,ff c2 ff 5e 2d 9b 00 00
2025-10-25 13:20:34,116.75,0xff,0xc2,0xff,0x5e,0x2d,0x9b,ff c2 ff 5e 2d 9b 00 00
2025-10-25 13:20:34,116.75,0xff,0xc2,0xff,0x5e,0x2d,0x9b,ff c2 ff 5e 2d 9b 00 00
2025-10-25 13:20:34,116.75,0xff,0xc2,0xff,0x5e,0x2d,0x9b,ff c2 ff 5e 2d 9b 00 00
2025-10-25 13:20:34,116.75,0xff,0xc2,0xff,0x5e,0x2d,0x9b,ff c2 ff 5e 2d 9b 00 00
2025-10-25 13:20:34,116.75,0xff,0xc2,0xff,0x5e,0x2d,0x9b,ff c2 ff 5e 2d 9b 00 00
2025-10-25 13:20:34,116.75,0xff,0xc2,0xff,0x5e,0x2d,0x9b,ff c2 ff 5e 2d 9b 00 00
2025-10-25 13:20:34,116.75,0xff,0xc2,0xff,0x5e,0x2d,0x9b,ff c2 ff 5e 2d 9b 00 00
2025-10-25 13:20:34,116.75,0xff,0xc2,0xff,0x5e,0x2d,0x9b,ff c2 ff 5e 2d 9b 00 00
2025-10-25 13:20:34,116.75,0xff,0xc2,0xff,0x5e,0x2d,0x9b,ff c2 ff 5e 2d 9b 00 00
2025-10-25 13:20:34,116.75,0xff,0xc2,0xff,0x5e,0x2d,0x9b,ff c2 ff 5e 2d 9b 00 00
2025-10-25 13:20:34,116.75,0xff,0xc2,0xff,0x5e,0x2d,0x9b,ff c2 ff 5e 2d 9b 00 00
2025-10-25 13:20:34,116.75,0xff,0xc2,0xff,0x5e,0x2d,0x9b,ff c2 ff 5e 2d 9b 00 00
2025-10-25 13:20:34,116.75,0xff,0xc2,0xff,0x5e,0x2d,0x9b,ff c2 ff 5e 2d 9b 00 00
2025-10-25 13:20:34,116.75,0xff,0xc2,0xff,0x5e,0x2d,0x9b,ff c2 ff 5e 2d 9b 00 00
2025-10-25 13:20:34,116.75,0xff,0xc2,0xff,0x5e,0x2d,0x9b,ff c2 ff 5e 2d 9b 00 00
2025-10-25 13:20:34,116.75,0xff,0xc2,0xff,0x5e,0x2d,0x9b,ff c2 ff 5e 2d 9b 00 00
2025-10-25 13:20:34,116.75,0xff,0xc2,0xff,0x5e,0x2d,0x9b,ff c2 ff 5e 2d 9b 00 00
2025-10-25 13:20:34,116.75,0xff,0xc2,0xff,0x5e,0x2d,0x9b,ff c2 ff 5e 2d 9b 00 00
2025-10-25 13:20:34,116.75,0xff,0xc2,0xff,0x5e,0x2d,0x9b,ff c2 ff 5e 2d 9b 00 00
2025-10-25 13:20:34,116.75,0xff,0xc2,0xff,0x5e,0x2d,0x9b,ff c2 ff 5e 2d 9b 00 00
2025-10-25 13:20:34,116.75,0xff,0xc2,0xff,0x5e,0x2d,0x9b,ff c2 ff 5e 2d 9b 00 00
2025-10-25 13:20:34,116.75,0xff,0xc2,0xff,0x5e,0x2d,0x9b,ff c2 ff 5e 2d 9b 00 00
2025-10-25 13:20:34,116.75,0xff,0xc2,0xff,0x5e,0x2d,0x9b,ff c2 ff 5e 2d 9b 00 00
2025-10-25 13:20:34,116.75,0xff,0xc2,0xff,0x5e,0x2d,0x9b,ff c2 ff 5e 2d 9b 00 00
2025-10-25 13:20:34,116.75,0xff,0xc2,0xff,0x5e,0x2d,0x9b,ff c2 ff 5e 2d 9b 00 00
2025-10-25 13:20:34,116.75,0xff,0xc2,0xff,0x5e,0x2d,0x9b,ff c2 ff 5e 2d 9b 00 00
2025-10-25 13:20:34,116.75,0xff,0xc2,0xff,0x5e,0x2d,0x9b,ff c2 ff 5e 2d 9b 00 00
2025-10-25 13:20:34,116.75,0xff,0xc2,0xff,0x5e,0x2d,0x9b,ff c2 ff 5e 2d 9b 00 00
2025-10-25 13:20:34,116.75,0xff,0xc2,0xff,0x5e,0x2d,0x9b,ff c2 ff 5e 2d 9b 00 00
2025-10-25 13:20:34,116.75,0xff,0xc2,0xff,0x5e,0x2d,0x9b,ff c2 ff 5e 2d 9b 00 00
2025-10-25 13:20:34,116.75,0xff,0xc2,0xff,0x5e,0x2d,0x9b,ff c2 ff 5e 2d 9b 00 00
2025-10-25 13:20:34,116.75,0xff,0xc2,0xff,0x5e,0x2d,0x9b,ff c2 ff 5e 2d 9b 00 00
2025-10-25 13:20:34,116.75,0xff,0xc2,0xff,0x5e,0x2d,0x9b,ff c2 ff 5e 2d 9b 00 00
2025-10-25 13:20:34,116.75,0xff,0xc2,0xff,0x5e,0x2d,0x9b,ff c2 ff 5e 2d 9b 00 00
2025-10-25 13:20:34,116.75,0xff,0xc2,0xff,0x5e,0x2d,0x9b,ff c2 ff 5e 2d 9b 00 00
2025-10-25 13:20:34,116.75,0xff,0xc2,0xff,0x5e,0x2d,0x9b,ff c2 ff 5e 2d 9b 00 00
2025-10-25 13:20:34,116.75,0xff,0xc2,0xff,0x5e,0x2d,0x9b,ff c2 ff 5e 2d 9b 00 00
2025-10-25 13:20:34,116.75,0xff,0xc2,0xff,0x5e,0x2d,0x9b,ff c2 ff 5e 2d 9b 00 00
2025-10-25 13:20:34,116.75,0xff,0xc2,0xff,0x5e,0x2d,0x9b,ff c2 ff 5e 2d 9b 00 00
2025-10-25 13:20:34,119.37,0xff,0xc2,0xff,0x5e,0x2e,0xa1,ff c2 ff 5e 2e a1 00 00
2025-10-25 13:20:34,119.37,0xff,0xc2,0xff,0x5e,0x2e,0xa1,ff c2 ff 5e 2e a1 00 00
2025-10-25 13:20:34,120,0xff,0xc2,0xff,0x5e,0x2e,0xe0,ff c2 ff 5e 2e e0 00 00
2025-10-25 13:20:34,120,0xff,0xc2,0xff,0x5e,0x2e,0xe0,ff c2 ff 5e 2e e0 00 00
2025-10-25 13:20:34,120,0xff,0xc2,0xff,0x5e,0x2e,0xe0,ff c2 ff 5e 2e e0 00 00
2025-10-25 13:20:34,120.68,0xff,0xc2,0xff,0x5e,0x2f,0x24,ff c2 ff 5e 2f 24 00 00
2025-10-25 13:20:35,120.68,0xff,0xc2,0xff,0x5e,0x2f,0x24,ff c2 ff 5e 2f 24 00 00
2025-10-25 13:20:35,120.68,0xff,0xc2,0xff,0x5e,0x2f,0x24,ff c2 ff 5e 2f 24 00 00
2025-10-25 13:20:35,120.93,0xff,0xc2,0xff,0x5e,0x2f,0x3d,ff c2 ff 5e 2f 3d 00 00
2025-10-25 13:20:35,120.93,0xff,0xc2,0xff,0x5e,0x2f,0x3d,ff c2 ff 5e 2f 3d 00 00
2025-10-25 13:20:35,120.93,0xff,0xc2,0xff,0x5e,0x2f,0x3d,ff c2 ff 5e 2f 3d 00 00
2025-10-25 13:20:35,120.93,0xff,0xc2,0xff,0x5e,0x2f,0x3d,ff c2 ff 5e 2f 3d 00 00
2025-10-25 13:20:35,120.93,0xff,0xc2,0xff,0x5e,0x2f,0x3d,ff c2 ff 5e 2f 3d 00 00
2025-10-25 13:20:35,120.93,0xff,0xc8,0xff,0x77,0x2f,0x3d,ff c8 ff 77 2f 3d 00 00
2025-10-25 13:20:35,120.93,0xff,0xc8,0xff,0x77,0x2f,0x3d,ff c8 ff 77 2f 3d 00 00
2025-10-25 13:20:35,120.5,0xff,0xc8,0xff,0x90,0x2f,0x12,ff c8 ff 90 2f 12 00 00
2025-10-25 13:20:35,120.5,0xff,0xc8,0xff,0x90,0x2f,0x12,ff c8 ff 90 2f 12 00 00
2025-10-25 13:20:35,120.5,0xff,0xc8,0xff,0x90,0x2f,0x12,ff c8 ff 90 2f 12 00 00
2025-10-25 13:20:35,120.5,0xff,0xb5,0xff,0x7d,0x2f,0x12,ff b5 ff 7d 2f 12 00 00
2025-10-25 13:20:35,120.5,0xff,0xb5,0xff,0x7d,0x2f,0x12,ff b5 ff 7d 2f 12 00 00
2025-10-25 13:20:35,120.5,0xff,0xb5,0xff,0x7d,0x2f,0x12,ff b5 ff 7d 2f 12 00 00
2025-10-25 13:20:35,120.5,0xff,0xaf,0xff,0x83,0x2f,0x12,ff af ff 83 2f 12 00 00
2025-10-25 13:20:35,120.5,0xff,0xaf,0xff,0x83,0x2f,0x12,ff af ff 83 2f 12 00 00
2025-10-25 13:20:35,120.68,0xff,0xa3,0xff,0x6a,0x2f,0x24,ff a3 ff 6a 2f 24 00 00
2025-10-25 13:20:35,120.68,0xff,0xa3,0xff,0x6a,0x2f,0x24,ff a3 ff 6a 2f 24 00 00
2025-10-25 13:20:35,120.68,0xff,0xa3,0xff,0x6a,0x2f,0x24,ff a3 ff 6a 2f 24 00 00
2025-10-25 13:20:35,120.68,0xff,0x8a,0xff,0x64,0x2f,0x24,ff 8a ff 64 2f 24 00 00
2025-10-25 13:20:35,120.68,0xff,0x8a,0xff,0x64,0x2f,0x24,ff 8a ff 64 2f 24 00 00
2025-10-25 13:20:35,120.68,0xff,0x8a,0xff,0x64,0x2f,0x24,ff 8a ff 64 2f 24 00 00
2025-10-25 13:20:35,120.68,0xff,0xa3,0xff,0x6a,0x2f,0x24,ff a3 ff 6a 2f 24 00 00
2025-10-25 13:20:35,120.68,0xff,0xa3,0xff,0x6a,0x2f,0x24,ff a3 ff 6a 2f 24 00 00
2025-10-25 13:20:35,120.68,0xff,0xa3,0xff,0x6a,0x2f,0x24,ff a3 ff 6a 2f 24 00 00
2025-10-25 13:20:35,120.68,0xff,0xa3,0xff,0x6a,0x2f,0x24,ff a3 ff 6a 2f 24 00 00
2025-10-25 13:20:35,120.93,0xff,0xc8,0xff,0x77,0x2f,0x3d,ff c8 ff 77 2f 3d 00 00
2025-10-25 13:20:35,120.93,0xff,0xc8,0xff,0x77,0x2f,0x3d,ff c8 ff 77 2f 3d 00 00
2025-10-25 13:20:35,120.93,0xff,0xc8,0xff,0x77,0x2f,0x3d,ff c8 ff 77 2f 3d 00 00
2025-10-25 13:20:35,120.93,0xff,0xaf,0xff,0x64,0x2f,0x3d,ff af ff 64 2f 3d 00 00
2025-10-25 13:20:35,120.93,0xff,0xaf,0xff,0x64,0x2f,0x3d,ff af ff 64 2f 3d 00 00
2025-10-25 13:20:35,120.93,0xff,0xaf,0xff,0x64,0x2f,0x3d,ff af ff 64 2f 3d 00 00
2025-10-25 13:20:35,120.68,0xff,0x96,0xff,0x77,0x2f,0x24,ff 96 ff 77 2f 24 00 00
2025-10-25 13:20:35,120.68,0xff,0x96,0xff,0x77,0x2f,0x24,ff 96 ff 77 2f 24 00 00
2025-10-25 13:20:35,120,0xff,0x6a,0xff,0x7d,0x2e,0xe0,ff 6a ff 7d 2e e0 00 00
2025-10-25 13:20:35,120,0xff,0x6a,0xff,0x7d,0x2e,0xe0,ff 6a ff 7d 2e e0 00 00
2025-10-25 13:20:35,120,0xff,0x6a,0xff,0x7d,0x2e,0xe0,ff 6a ff 7d 2e e0 00 00
2025-10-25 13:20:35,120.68,0xff,0x77,0xff,0x71,0x2f,0x24,ff 77 ff 71 2f 24 00 00
2025-10-25 13:20:35,120.68,0xff,0x77,0xff,0x71,0x2f,0x24,ff 77 ff 71 2f 24 00 00
2025-10-25 13:20:35,120.68,0xff,0x77,0xff,0x71,0x2f,0x24,ff 77 ff 71 2f 24 00 00
2025-10-25 13:20:35,120.68,0xff,0x8a,0xff,0x51,0x2f,0x24,ff 8a ff 51 2f 24 00 00
2025-10-25 13:20:35,120.68,0xff,0x8a,0xff,0x51,0x2f,0x24,ff 8a ff 51 2f 24 00 00
2025-10-25 13:20:35,121.37,0xff,0xbc,0xff,0x4b,0x2f,0x69,ff bc ff 4b 2f 69 00 00
2025-10-25 13:20:35,121.37,0xff,0xbc,0xff,0x4b,0x2f,0x69,ff bc ff 4b 2f 69 00 00
2025-10-25 13:20:35,121.37,0xff,0xbc,0xff,0x4b,0x2f,0x69,ff bc ff 4b 2f 69 00 00
2025-10-25 13:20:35,121.18,0xff,0xe1,0xff,0x51,0x2f,0x56,ff e1 ff 51 2f 56 00 00
2025-10-25 13:20:35,121.18,0xff,0xe1,0xff,0x51,0x2f,0x56,ff e1 ff 51 2f 56 00 00
2025-10-25 13:20:35,121.18,0xff,0xe1,0xff,0x51,0x2f,0x56,ff e1 ff 51 2f 56 00 00
2025-10-25 13:20:35,121.37,0xff,0xce,0xff,0x45,0x2f,0x69,ff ce ff 45 2f 69 00 00
2025-10-25 13:20:35,121.37,0xff,0xce,0xff,0x45,0x2f,0x69,ff ce ff 45 2f 69 00 00
2025-10-25 13:20:35,120.93,0xff,0xaf,0xff,0x64,0x2f,0x3d,ff af ff 64 2f 3d 00 00
2025-10-25 13:20:36,120.93,0xff,0xaf,0xff,0x64,0x2f,0x3d,ff af ff 64 2f 3d 00 00
2025-10-25 13:20:36,120.93,0xff,0xaf,0xff,0x64,0x2f,0x3d,ff af ff 64 2f 3d 00 00
2025-10-25 13:20:36,120.68,0xff,0x90,0xff,0x77,0x2f,0x24,ff 90 ff 77 2f 24 00 00
2025-10-25 13:20:36,120.68,0xff,0x90,0xff,0x77,0x2f,0x24,ff 90 ff 77 2f 24 00 00
2025-10-25 13:20:36,120.25,0xff,0x90,0xff,0x9c,0x2e,0xf9,ff 90 ff 9c 2e f9 00 00
2025-10-25 13:20:36,120.25,0xff,0x90,0xff,0x9c,0x2e,0xf9,ff 90 ff 9c 2e f9 00 00
2025-10-25 13:20:36,120.25,0xff,0x90,0xff,0x9c,0x2e,0xf9,ff 90 ff 9c 2e f9 00 00
2025-10-25 13:20:36,120.25,0xff,0x9c,0xff,0x90,0x2e,0xf9,ff 9c ff 90 2e f9 00 00
2025-10-25 13:20:36,120.25,0xff,0x9c,0xff,0x90,0x2e,0xf9,ff 9c ff 90 2e f9 00 00
2025-10-25 13:20:36,120.25,0xff,0x9c,0xff,0x90,0x2e,0xf9,ff 9c ff 90 2e f9 00 00
2025-10-25 13:20:36,120.5,0xff,0xb5,0xff,0x7d,0x2f,0x12,ff b5 ff 7d 2f 12 00 00
2025-10-25 13:20:36,120.5,0xff,0xb5,0xff,0x7d,0x2f,0x12,ff b5 ff 7d 2f 12 00 00
2025-10-25 13:20:36,120.93,0xff,0xaf,0xff,0x64,0x2f,0x3d,ff af ff 64 2f 3d 00 00
2025-10-25 13:20:36,120.93,0xff,0xaf,0xff,0x64,0x2f,0x3d,ff af ff 64 2f 3d 00 00
2025-10-25 13:20:36,120.93,0xff,0xaf,0xff,0x64,0x2f,0x3d,ff af ff 64 2f 3d 00 00
2025-10-25 13:20:36,120.93,0xff,0xaf,0xff,0x64,0x2f,0x3d,ff af ff 64 2f 3d 00 00
2025-10-25 13:20:36,120.93,0xff,0xaf,0xff,0x64,0x2f,0x3d,ff af ff 64 2f 3d 00 00
2025-10-25 13:20:36,120.93,0xff,0xaf,0xff,0x64,0x2f,0x3d,ff af ff 64 2f 3d 00 00
2025-10-25 13:20:36,123.25,0xff,0xaf,0xff,0x64,0x30,0x25,ff af ff 64 30 25 00 00
2025-10-25 13:20:36,123.25,0xff,0xaf,0xff,0x64,0x30,0x25,ff af ff 64 30 25 00 00
2025-10-25 13:20:36,124.25,0xff,0xaf,0xff,0x64,0x30,0x89,ff af ff 64 30 89 00 00
2025-10-25 13:20:36,124.25,0xff,0xaf,0xff,0x64,0x30,0x89,ff af ff 64 30 89 00 00
2025-10-25 13:20:36,124.25,0xff,0xaf,0xff,0x64,0x30,0x89,ff af ff 64 30 89 00 00
2025-10-25 13:20:36,125.62,0xff,0xaf,0xff,0x64,0x31,0x12,ff af ff 64 31 12 00 00
2025-10-25 13:20:36,125.62,0xff,0xaf,0xff,0x64,0x31,0x12,ff af ff 64 31 12 00 00
2025-10-25 13:20:36,126,0xff,0xaf,0xff,0x64,0x31,0x38,ff af ff 64 31 38 00 00
2025-10-25 13:20:36,126,0xff,0xaf,0xff,0x64,0x31,0x38,ff af ff 64 31 38 00 00
2025-10-25 13:20:36,126,0xff,0xaf,0xff,0x64,0x31,0x38,ff af ff 64 31 38 00 00
2025-10-25 13:20:36,125.62,0xff,0xaf,0xff,0x64,0x31,0x12,ff af ff 64 31 12 00 00
2025-10-25 13:20:36,125.62,0xff,0xaf,0xff,0x64,0x31,0x12,ff af ff 64 31 12 00 00
2025-10-25 13:20:36,126.37,0xff,0xaf,0xff,0x64,0x31,0x5d,ff af ff 64 31 5d 00 00
2025-10-25 13:20:36,126.37,0xff,0xaf,0xff,0x64,0x31,0x5d,ff af ff 64 31 5d 00 00
2025-10-25 13:20:36,126.37,0xff,0xaf,0xff,0x64,0x31,0x5d,ff af ff 64 31 5d 00 00
2025-10-25 13:20:36,126.37,0xff,0xaf,0xff,0x64,0x31,0x5d,ff af ff 64 31 5d 00 00
2025-10-25 13:20:36,126.37,0xff,0xaf,0xff,0x64,0x31,0x5d,ff af ff 64 31 5d 00 00
2025-10-25 13:20:36,126.37,0xff,0xaf,0xff,0x64,0x31,0x5d,ff af ff 64 31 5d 00 00
2025-10-25 13:20:36,126.37,0xff,0xaf,0xff,0x64,0x31,0x5d,ff af ff 64 31 5d 00 00
2025-10-25 13:20:36,126.37,0xff,0xaf,0xff,0x64,0x31,0x5d,ff af ff 64 31 5d 00 00
2025-10-25 13:20:36,126.37,0xff,0xaf,0xff,0x64,0x31,0x5d,ff af ff 64 31 5d 00 00
2025-10-25 13:20:36,126.37,0xff,0xaf,0xff,0x64,0x31,0x5d,ff af ff 64 31 5d 00 00
2025-10-25 13:20:36,126.37,0xff,0xaf,0xff,0x64,0x31,0x5d,ff af ff 64 31 5d 00 00
2025-10-25 13:20:36,126.37,0xff,0xaf,0xff,0x64,0x31,0x5d,ff af ff 64 31 5d 00 00
2025-10-25 13:20:36,126.37,0xff,0xaf,0xff,0x64,0x31,0x5d,ff af ff 64 31 5d 00 00
2025-10-25 13:20:36,126.37,0xff,0xaf,0xff,0x64,0x31,0x5d,ff af ff 64 31 5d 00 00
2025-10-25 13:20:36,126.37,0xff,0xaf,0xff,0x64,0x31,0x5d,ff af ff 64 31 5d 00 00
2025-10-25 13:20:36,128.37,0xff,0xaf,0xff,0x64,0x32,0x25,ff af ff 64 32 25 00 00
2025-10-25 13:20:36,128.37,0xff,0xaf,0xff,0x64,0x32,0x25,ff af ff 64 32 25 00 00
2025-10-25 13:20:36,128.68,0xff,0xaf,0xff,0x64,0x32,0x44,ff af ff 64 32 44 00 00
2025-10-25 13:20:36,128.68,0xff,0xaf,0xff,0x64,0x32,0x44,ff af ff 64 32 44 00 00
2025-10-25 13:20:36,128.68,0xff,0xaf,0xff,0x64,0x32,0x44,ff af ff 64 32 44 00 00
2025-10-25 13:20:36,129,0xff,0xaf,0xff,0x64,0x32,0x64,ff af ff 64 32 64 00 00
2025-10-25 13:20:37,129,0xff,0xaf,0xff,0x64,0x32,0x64,ff af ff 64 32 64 00 00
2025-10-25 13:20:37,129,0xff,0xaf,0xff,0x64,0x32,0x64,ff af ff 64 32 64 00 00
2025-10-25 13:20:37,129,0xff,0xaf,0xff,0x64,0x32,0x64,ff af ff 64 32 64 00 00
2025-10-25 13:20:37,129,0xff,0xaf,0xff,0x64,0x32,0x64,ff af ff 64 32 64 00 00
2025-10-25 13:20:37,129.43,0xff,0xaf,0xff,0x64,0x32,0x8f,ff af ff 64 32 8f 00 00
2025-10-25 13:20:37,129.43,0xff,0xaf,0xff,0x64,0x32,0x8f,ff af ff 64 32 8f 00 00
2025-10-25 13:20:37,129.43,0xff,0xaf,0xff,0x64,0x32,0x8f,ff af ff 64 32 8f 00 00
2025-10-25 13:20:37,130.18,0xff,0xaf,0xff,0x64,0x32,0xda,ff af ff 64 32 da 00 00
2025-10-25 13:20:37,130.18,0xff,0xaf,0xff,0x64,0x32,0xda,ff af ff 64 32 da 00 00
2025-10-25 13:20:37,130.18,0xff,0xaf,0xff,0x64,0x32,0xda,ff af ff 64 32 da 00 00
2025-10-25 13:20:37,130.5,0xff,0xaf,0xff,0x64,0x32,0xfa,ff af ff 64 32 fa 00 00
2025-10-25 13:20:37,130.5,0xff,0xaf,0xff,0x64,0x32,0xfa,ff af ff 64 32 fa 00 00
2025-10-25 13:20:37,130.5,0xff,0xaf,0xff,0x64,0x32,0xfa,ff af ff 64 32 fa 00 00
2025-10-25 13:20:37,130.5,0xff,0xaf,0xff,0x64,0x32,0xfa,ff af ff 64 32 fa 00 00
2025-10-25 13:20:37,130.5,0xff,0xaf,0xff,0x64,0x32,0xfa,ff af ff 64 32 fa 00 00
2025-10-25 13:20:37,130.5,0xff,0xaf,0xff,0x64,0x32,0xfa,ff af ff 64 32 fa 00 00
2025-10-25 13:20:37,130.5,0xff,0xaf,0xff,0x64,0x32,0xfa,ff af ff 64 32 fa 00 00
2025-10-25 13:20:37,130.5,0xff,0xaf,0xff,0x64,0x32,0xfa,ff af ff 64 32 fa 00 00
2025-10-25 13:20:37,130.5,0xff,0xaf,0xff,0x64,0x32,0xfa,ff af ff 64 32 fa 00 00
2025-10-25 13:20:37,130.5,0xff,0xaf,0xff,0x64,0x32,0xfa,ff af ff 64 32 fa 00 00
2025-10-25 13:20:37,130.5,0xff,0xaf,0xff,0x64,0x32,0xfa,ff af ff 64 32 fa 00 00
2025-10-25 13:20:37,130.5,0xff,0xaf,0xff,0x64,0x32,0xfa,ff af ff 64 32 fa 00 00
2025-10-25 13:20:37,130.5,0xff,0xaf,0xff,0x64,0x32,0xfa,ff af ff 64 32 fa 00 00
2025-10-25 13:20:37,130.5,0xff,0xaf,0xff,0x64,0x32,0xfa,ff af ff 64 32 fa 00 00
2025-10-25 13:20:37,130.5,0xff,0xaf,0xff,0x64,0x32,0xfa,ff af ff 64 32 fa 00 00
2025-10-25 13:20:37,130.5,0xff,0xaf,0xff,0x64,0x32,0xfa,ff af ff 64 32 fa 00 00
2025-10-25 13:20:37,130.5,0xff,0xaf,0xff,0x64,0x32,0xfa,ff af ff 64 32 fa 00 00
2025-10-25 13:20:37,130.5,0xff,0xaf,0xff,0x64,0x32,0xfa,ff af ff 64 32 fa 00 00
2025-10-25 13:20:37,130.5,0xff,0xaf,0xff,0x64,0x32,0xfa,ff af ff 64 32 fa 00 00
2025-10-25 13:20:37,130.5,0xff,0xaf,0xff,0x64,0x32,0xfa,ff af ff 64 32 fa 00 00
2025-10-25 13:20:37,130.5,0xff,0xaf,0xff,0x64,0x32,0xfa,ff af ff 64 32 fa 00 00
2025-10-25 13:20:37,130.5,0xff,0xaf,0xff,0x64,0x32,0xfa,ff af ff 64 32 fa 00 00
2025-10-25 13:20:37,130.5,0xff,0xaf,0xff,0x64,0x32,0xfa,ff af ff 64 32 fa 00 00
2025-10-25 13:20:37,130.5,0xff,0xaf,0xff,0x64,0x32,0xfa,ff af ff 64 32 fa 00 00
2025-10-25 13:20:37,130.5,0xff,0xaf,0xff,0x64,0x32,0xfa,ff af ff 64 32 fa 00 00
2025-10-25 13:20:37,130.5,0xff,0xaf,0xff,0x64,0x32,0xfa,ff af ff 64 32 fa 00 00
2025-10-25 13:20:37,130.5,0xff,0xaf,0xff,0x64,0x32,0xfa,ff af ff 64 32 fa 00 00
2025-10-25 13:20:37,130.5,0xff,0xaf,0xff,0x64,0x32,0xfa,ff af ff 64 32 fa 00 00
2025-10-25 13:20:37,132.68,0xff,0xaf,0xff,0x64,0x33,0xd4,ff af ff 64 33 d4 00 00
2025-10-25 13:20:37,132.68,0xff,0xaf,0xff,0x64,0x33,0xd4,ff af ff 64 33 d4 00 00
2025-10-25 13:20:37,132.68,0xff,0xaf,0xff,0x64,0x33,0xd4,ff af ff 64 33 d4 00 00
2025-10-25 13:20:37,134.18,0xff,0xaf,0xff,0x64,0x34,0x6a,ff af ff 64 34 6a 00 00
2025-10-25 13:20:37,134.18,0xff,0xaf,0xff,0x64,0x34,0x6a,ff af ff 64 34 6a 00 00
2025-10-25 13:20:37,134.18,0xff,0xaf,0xff,0x64,0x34,0x6a,ff af ff 64 34 6a 00 00
2025-10-25 13:20:37,134.56,0xff,0xaf,0xff,0x64,0x34,0x90,ff af ff 64 34 90 00 00
2025-10-25 13:20:37,134.56,0xff,0xaf,0xff,0x64,0x34,0x90,ff af ff 64 34 90 00 00
2025-10-25 13:20:37,134.18,0xff,0xaf,0xff,0x64,0x34,0x6a,ff af ff 64 34 6a 00 00
2025-10-25 13:20:37,134.18,0xff,0xaf,0xff,0x64,0x34,0x6a,ff af ff 64 34 6a 00 00
2025-10-25 13:20:37,134.18,0xff,0xaf,0xff,0x64,0x34,0x6a,ff af ff 64 34 6a 00 00
2025-10-25 13:20:37,133.81,0xff,0xaf,0xff,0x64,0x34,0x45,ff af ff 64 34 45 00 00
2025-10-25 13:20:37,133.81,0xff,0xaf,0xff,0x64,0x34,0x45,ff af ff 64 34 45 00 00
2025-10-25 13:20:37,133.81,0xff,0xaf,0xff,0x64,0x34,0x45,ff af ff 64 34 45 00 00
2025-10-25 13:20:38,135,0xff,0xaf,0xff,0x64,0x34,0xbc,ff af ff 64 34 bc 00 00
2025-10-25 13:20:38,135.75,0xff,0xaf,0xff,0x64,0x35,0x07,ff af ff 64 35 07 00 00
2025-10-25 13:20:38,135.75,0xff,0xaf,0xff,0x64,0x35,0x07,ff af ff 64 35 07 00 00
2025-10-25 13:20:38,135.75,0xff,0xaf,0xff,0x64,0x35,0x07,ff af ff 64 35 07 00 00
2025-10-25 13:20:38,135.75,0xff,0xaf,0xff,0x64,0x35,0x07,ff af ff 64 35 07 00 00
2025-10-25 13:20:38,135.75,0xff,0xaf,0xff,0x64,0x35,0x07,ff af ff 64 35 07 00 00
2025-10-25 13:20:38,135.75,0xff,0xaf,0xff,0x64,0x35,0x07,ff af ff 64 35 07 00 00
2025-10-25 13:20:38,135.75,0xff,0xaf,0xff,0x64,0x35,0x07,ff af ff 64 35 07 00 00
2025-10-25 13:20:38,135.75,0xff,0xaf,0xff,0x64,0x35,0x07,ff af ff 64 35 07 00 00
2025-10-25 13:20:38,135.75,0xff,0xaf,0xff,0x64,0x35,0x07,ff af ff 64 35 07 00 00
2025-10-25 13:20:38,135.75,0xff,0xaf,0xff,0x64,0x35,0x07,ff af ff 64 35 07 00 00
2025-10-25 13:20:38,135.75,0xff,0xaf,0xff,0x64,0x35,0x07,ff af ff 64 35 07 00 00
2025-10-25 13:20:38,135.75,0xff,0xaf,0xff,0x64,0x35,0x07,ff af ff 64 35 07 00 00
2025-10-25 13:20:38,135.75,0xff,0xaf,0xff,0x64,0x35,0x07,ff af ff 64 35 07 00 00
2025-10-25 13:20:38,135.75,0xff,0xaf,0xff,0x64,0x35,0x07,ff af ff 64 35 07 00 00
2025-10-25 13:20:38,135.75,0xff,0xaf,0xff,0x64,0x35,0x07,ff af ff 64 35 07 00 00
2025-10-25 13:20:38,135.75,0xff,0xaf,0xff,0x64,0x35,0x07,ff af ff 64 35 07 00 00
2025-10-25 13:20:38,135.75,0xff,0xaf,0xff,0x64,0x35,0x07,ff af ff 64 35 07 00 00
2025-10-25 13:20:38,135.75,0xff,0xaf,0xff,0x64,0x35,0x07,ff af ff 64 35 07 00 00
2025-10-25 13:20:38,135.75,0xff,0xaf,0xff,0x64,0x35,0x07,ff af ff 64 35 07 00 00
2025-10-25 13:20:38,135.75,0xff,0xaf,0xff,0x64,0x35,0x07,ff af ff 64 35 07 00 00
2025-10-25 13:20:38,135.75,0xff,0xaf,0xff,0x64,0x35,0x07,ff af ff 64 35 07 00 00
2025-10-25 13:20:38,135.75,0xff,0xaf,0xff,0x64,0x35,0x07,ff af ff 64 35 07 00 00
2025-10-25 13:20:38,135.75,0xff,0xaf,0xff,0x64,0x35,0x07,ff af ff 64 35 07 00 00
2025-10-25 13:20:38,135.75,0xff,0xaf,0xff,0x64,0x35,0x07,ff af ff 64 35 07 00 00
2025-10-25 13:20:38,135.75,0xff,0xaf,0xff,0x64,0x35,0x07,ff af ff 64 35 07 00 00
2025-10-25 13:20:38,135.75,0xff,0xaf,0xff,0x64,0x35,0x07,ff af ff 64 35 07 00 00
2025-10-25 13:20:38,136.12,0xff,0xe1,0xff,0x51,0x35,0x2c,ff e1 ff 51 35 2c 00 00
2025-10-25 13:20:38,136.12,0xff,0xe1,0xff,0x51,0x35,0x2c,ff e1 ff 51 35 2c 00 00
2025-10-25 13:20:38,136.12,0xff,0xdb,0xff,0x6a,0x35,0x2c,ff db ff 6a 35 2c 00 00
2025-10-25 13:20:38,136.12,0xff,0xdb,0xff,0x6a,0x35,0x2c,ff db ff 6a 35 2c 00 00
2025-10-25 13:20:38,136.12,0xff,0xdb,0xff,0x6a,0x35,0x2c,ff db ff 6a 35 2c 00 00
2025-10-25 13:20:38,137.68,0xff,0xb5,0xff,0x7d,0x35,0xc8,ff b5 ff 7d 35 c8 00 00
2025-10-25 13:20:38,137.68,0xff,0xb5,0xff,0x7d,0x35,0xc8,ff b5 ff 7d 35 c8 00 00
2025-10-25 13:20:38,137.68,0xff,0xb5,0xff,0x7d,0x35,0xc8,ff b5 ff 7d 35 c8 00 00
2025-10-25 13:20:38,138.81,0xff,0x9c,0xff,0x90,0x36,0x39,ff 9c ff 90 36 39 00 00
2025-10-25 13:20:38,138.81,0xff,0x9c,0xff,0x90,0x36,0x39,ff 9c ff 90 36 39 00 00
2025-10-25 13:20:38,139.62,0xff,0x90,0xff,0x7d,0x36,0x8a,ff 90 ff 7d 36 8a 00 00
2025-10-25 13:20:38,139.62,0xff,0x90,0xff,0x7d,0x36,0x8a,ff 90 ff 7d 36 8a 00 00
2025-10-25 13:20:38,139.62,0xff,0x90,0xff,0x7d,0x36,0x8a,ff 90 ff 7d 36 8a 00 00
2025-10-25 13:20:38,139.93,0xff,0x90,0xff,0x5e,0x36,0xa9,ff 90 ff 5e 36 a9 00 00
2025-10-25 13:20:38,139.93,0xff,0x90,0xff,0x5e,0x36,0xa9,ff 90 ff 5e 36 a9 00 00
2025-10-25 13:20:38,139.93,0xff,0x90,0xff,0x5e,0x36,0xa9,ff 90 ff 5e 36 a9 00 00
2025-10-25 13:20:38,140.37,0xff,0x7d,0xff,0x51,0x36,0xd5,ff 7d ff 51 36 d5 00 00
2025-10-25 13:20:38,140.37,0xff,0x7d,0xff,0x51,0x36,0xd5,ff 7d ff 51 36 d5 00 00
2025-10-25 13:20:38,140.37,0xff,0x7d,0xff,0x51,0x36,0xd5,ff 7d ff 51 36 d5 00 00
2025-10-25 13:20:38,140.37,0xff,0x7d,0xff,0x51,0x36,0xd5,ff 7d ff 51 36 d5 00 00
2025-10-25 13:20:38,141.25,0xff,0xaf,0xff,0x6a,0x37,0x2d,ff af ff 6a 37 2d 00 00
2025-10-25 13:20:38,141.25,0xff,0xaf,0xff,0x6a,0x37,0x2d,ff af ff 6a 37 2d 00 00
2025-10-25 13:20:38,141.25,0xff,0xaf,0xff,0x6a,0x37,0x2d,ff af ff 6a 37 2d 00 00
2025-10-25 13:20:38,140.81,0xff,0x9c,0xff,0x58,0x37,0x01,ff 9c ff 58 37 01 00 00
2025-10-25 13:20:39,140.81,0xff,0x9c,0xff,0x58,0x37,0x01,ff 9c ff 58 37 01 00 00
2025-10-25 13:20:39,140.81,0xff,0x9c,0xff,0x58,0x37,0x01,ff 9c ff 58 37 01 00 00
2025-10-25 13:20:39,141.12,0xff,0x9c,0xff,0x3f,0x37,0x20,ff 9c ff 3f 37 20 00 00
2025-10-25 13:20:39,141.12,0xff,0x9c,0xff,0x3f,0x37,0x20,ff 9c ff 3f 37 20 00 00
2025-10-25 13:20:39,141.12,0xff,0x96,0xff,0x45,0x37,0x20,ff 96 ff 45 37 20 00 00
2025-10-25 13:20:39,141.12,0xff,0x96,0xff,0x45,0x37,0x20,ff 96 ff 45 37 20 00 00
2025-10-25 13:20:39,141.12,0xff,0x96,0xff,0x45,0x37,0x20,ff 96 ff 45 37 20 00 00
2025-10-25 13:20:39,140.81,0xff,0xa3,0xff,0x71,0x37,0x01,ff a3 ff 71 37 01 00 00
2025-10-25 13:20:39,140.81,0xff,0xa3,0xff,0x71,0x37,0x01,ff a3 ff 71 37 01 00 00
2025-10-25 13:20:39,140.81,0xff,0xa3,0xff,0x71,0x37,0x01,ff a3 ff 71 37 01 00 00
2025-10-25 13:20:39,140.87,0xff,0xaf,0xff,0x83,0x37,0x07,ff af ff 83 37 07 00 00
2025-10-25 13:20:39,140.87,0xff,0xaf,0xff,0x83,0x37,0x07,ff af ff 83 37 07 00 00
2025-10-25 13:20:39,140.87,0xff,0xaf,0xff,0x83,0x37,0x07,ff af ff 83 37 07 00 00
2025-10-25 13:20:39,140.87,0xff,0xb5,0xff,0x7d,0x37,0x07,ff b5 ff 7d 37 07 00 00
2025-10-25 13:20:39,140.87,0xff,0xb5,0xff,0x7d,0x37,0x07,ff b5 ff 7d 37 07 00 00
2025-10-25 13:20:39,141.31,0xff,0xd5,0xff,0x90,0x37,0x33,ff d5 ff 90 37 33 00 00
2025-10-25 13:20:39,141.31,0xff,0xd5,0xff,0x90,0x37,0x33,ff d5 ff 90 37 33 00 00
2025-10-25 13:20:39,141.31,0xff,0xd5,0xff,0x90,0x37,0x33,ff d5 ff 90 37 33 00 00
2025-10-25 13:20:39,140.87,0xff,0xaf,0xff,0x83,0x37,0x07,ff af ff 83 37 07 00 00
2025-10-25 13:20:39,140.87,0xff,0xaf,0xff,0x83,0x37,0x07,ff af ff 83 37 07 00 00
2025-10-25 13:20:39,140.81,0xff,0x9c,0xff,0x71,0x37,0x01,ff 9c ff 71 37 01 00 00
2025-10-25 13:20:39,140.81,0xff,0x9c,0xff,0x71,0x37,0x01,ff 9c ff 71 37 01 00 00
2025-10-25 13:20:39,140.81,0xff,0x9c,0xff,0x71,0x37,0x01,ff 9c ff 71 37 01 00 00
2025-10-25 13:20:39,140.43,0xff,0xa3,0xff,0x8a,0x36,0xdb,ff a3 ff 8a 36 db 00 00
2025-10-25 13:20:39,140.43,0xff,0xa3,0xff,0x8a,0x36,0xdb,ff a3 ff 8a 36 db 00 00
2025-10-25 13:20:39,140.43,0xff,0xa3,0xff,0x8a,0x36,0xdb,ff a3 ff 8a 36 db 00 00
2025-10-25 13:20:39,140.43,0xff,0xa3,0xff,0x8a,0x36,0xdb,ff a3 ff 8a 36 db 00 00
2025-10-25 13:20:39,140.43,0xff,0xa3,0xff,0x8a,0x36,0xdb,ff a3 ff 8a 36 db 00 00
2025-10-25 13:20:39,140.87,0xff,0xbc,0xff,0x9c,0x37,0x07,ff bc ff 9c 37 07 00 00
2025-10-25 13:20:39,140.87,0xff,0xbc,0xff,0x9c,0x37,0x07,ff bc ff 9c 37 07 00 00
2025-10-25 13:20:39,140.87,0xff,0xbc,0xff,0x9c,0x37,0x07,ff bc ff 9c 37 07 00 00
2025-10-25 13:20:39,141.25,0xff,0xaf,0xff,0x64,0x37,0x2d,ff af ff 64 37 2d 00 00
2025-10-25 13:20:39,141.25,0xff,0xaf,0xff,0x64,0x37,0x2d,ff af ff 64 37 2d 00 00
2025-10-25 13:20:39,141.56,0xff,0xbc,0xff,0x4b,0x37,0x4c,ff bc ff 4b 37 4c 00 00
2025-10-25 13:20:39,141.56,0xff,0xbc,0xff,0x4b,0x37,0x4c,ff bc ff 4b 37 4c 00 00
2025-10-25 13:20:39,141.56,0xff,0xbc,0xff,0x4b,0x37,0x4c,ff bc ff 4b 37 4c 00 00
2025-10-25 13:20:39,141.56,0xff,0xbc,0xff,0x4b,0x37,0x4c,ff bc ff 4b 37 4c 00 00
2025-10-25 13:20:39,141.56,0xff,0xbc,0xff,0x4b,0x37,0x4c,ff bc ff 4b 37 4c 00 00
2025-10-25 13:20:39,141.56,0xff,0xbc,0xff,0x4b,0x37,0x4c,ff bc ff 4b 37 4c 00 00
2025-10-25 13:20:39,141.56,0xff,0xbc,0xff,0x4b,0x37,0x4c,ff bc ff 4b 37 4c 00 00
2025-10-25 13:20:39,141.56,0xff,0xbc,0xff,0x4b,0x37,0x4c,ff bc ff 4b 37 4c 00 00
2025-10-25 13:20:39,141.56,0xff,0xbc,0xff,0x4b,0x37,0x4c,ff bc ff 4b 37 4c 00 00
2025-10-25 13:20:39,141.56,0xff,0xbc,0xff,0x4b,0x37,0x4c,ff bc ff 4b 37 4c 00 00
2025-10-25 13:20:39,143.62,0xff,0xbc,0xff,0x4b,0x38,0x1a,ff bc ff 4b 38 1a 00 00
2025-10-25 13:20:39,143.62,0xff,0xbc,0xff,0x4b,0x38,0x1a,ff bc ff 4b 38 1a 00 00
2025-10-25 13:20:39,143.62,0xff,0xbc,0xff,0x4b,0x38,0x1a,ff bc ff 4b 38 1a 00 00
2025-10-25 13:20:39,144.56,0xff,0xbc,0xff,0x4b,0x38,0x78,ff bc ff 4b 38 78 00 00
2025-10-25 13:20:39,144.56,0xff,0xbc,0xff,0x4b,0x38,0x78,ff bc ff 4b 38 78 00 00
2025-10-25 13:20:39,144.56,0xff,0xbc,0xff,0x4b,0x38,0x78,ff bc ff 4b 38 78 00 00
2025-10-25 13:20:39,145.68,0xff,0xbc,0xff,0x4b,0x38,0xe8,ff bc ff 4b 38 e8 00 00
2025-10-25 13:20:39,145.68,0xff,0xbc,0xff,0x4b,0x38,0xe8,ff bc ff 4b 38 e8 00 00
2025-10-25 13:20:39,145.68,0xff,0xbc,0xff,0x4b,0x38,0xe8,ff bc ff 4b 38 e8 00 00
2025-10-25 13:20:40,146.43,0xff,0xbc,0xff,0x4b,0x39,0x33,ff bc ff 4b 39 33 00 00
2025-10-25 13:20:40,146.43,0xff,0xbc,0xff,0x4b,0x39,0x33,ff bc ff 4b 39 33 00 00
2025-10-25 13:20:40,147.06,0xff,0xbc,0xff,0x4b,0x39,0x72,ff bc ff 4b 39 72 00 00
2025-10-25 13:20:40,147.06,0xff,0xbc,0xff,0x4b,0x39,0x72,ff bc ff 4b 39 72 00 00
2025-10-25 13:20:40,147.06,0xff,0xbc,0xff,0x4b,0x39,0x72,ff bc ff 4b 39 72 00 00
2025-10-25 13:20:40,147.25,0xff,0xbc,0xff,0x7d,0x39,0x85,ff bc ff 7d 39 85 00 00
2025-10-25 13:20:40,147.25,0xff,0xbc,0xff,0x7d,0x39,0x85,ff bc ff 7d 39 85 00 00
2025-10-25 13:20:40,147.25,0xff,0xbc,0xff,0x7d,0x39,0x85,ff bc ff 7d 39 85 00 00
2025-10-25 13:20:40,147.25,0xff,0x9c,0xff,0x90,0x39,0x85,ff 9c ff 90 39 85 00 00
2025-10-25 13:20:40,147.25,0xff,0x9c,0xff,0x90,0x39,0x85,ff 9c ff 90 39 85 00 00
2025-10-25 13:20:40,147.25,0xff,0x9c,0xff,0x96,0x39,0x85,ff 9c ff 96 39 85 00 00
2025-10-25 13:20:40,147.25,0xff,0x9c,0xff,0x96,0x39,0x85,ff 9c ff 96 39 85 00 00
2025-10-25 13:20:40,147.56,0xff,0x96,0xff,0x77,0x39,0xa4,ff 96 ff 77 39 a4 00 00
2025-10-25 13:20:40,147.56,0xff,0x96,0xff,0x77,0x39,0xa4,ff 96 ff 77 39 a4 00 00
2025-10-25 13:20:40,147.56,0xff,0x96,0xff,0x77,0x39,0xa4,ff 96 ff 77 39 a4 00 00
2025-10-25 13:20:40,147.56,0xff,0xa3,0xff,0x6a,0x39,0xa4,ff a3 ff 6a 39 a4 00 00
2025-10-25 13:20:40,147.56,0xff,0xa3,0xff,0x6a,0x39,0xa4,ff a3 ff 6a 39 a4 00 00
2025-10-25 13:20:40,147.56,0xff,0xa3,0xff,0x6a,0x39,0xa4,ff a3 ff 6a 39 a4 00 00
2025-10-25 13:20:40,148.06,0xff,0xb5,0xff,0x64,0x39,0xd6,ff b5 ff 64 39 d6 00 00
2025-10-25 13:20:40,148.06,0xff,0xb5,0xff,0x64,0x39,0xd6,ff b5 ff 64 39 d6 00 00
2025-10-25 13:20:40,148.06,0xff,0xaf,0xff,0x64,0x39,0xd6,ff af ff 64 39 d6 00 00
2025-10-25 13:20:40,148.06,0xff,0xaf,0xff,0x64,0x39,0xd6,ff af ff 64 39 d6 00 00
2025-10-25 13:20:40,148.06,0xff,0xaf,0xff,0x64,0x39,0xd6,ff af ff 64 39 d6 00 00
2025-10-25 13:20:40,148.06,0xff,0xaf,0xff,0x64,0x39,0xd6,ff af ff 64 39 d6 00 00
2025-10-25 13:20:40,148.06,0xff,0xaf,0xff,0x64,0x39,0xd6,ff af ff 64 39 d6 00 00
2025-10-25 13:20:40,148.06,0xff,0xaf,0xff,0x64,0x39,0xd6,ff af ff 64 39 d6 00 00
2025-10-25 13:20:40,148.06,0xff,0xaf,0xff,0x64,0x39,0xd6,ff af ff 64 39 d6 00 00
2025-10-25 13:20:40,148.06,0xff,0xaf,0xff,0x64,0x39,0xd6,ff af ff 64 39 d6 00 00
2025-10-25 13:20:40,148.06,0xff,0xaf,0xff,0x64,0x39,0xd6,ff af ff 64 39 d6 00 00
2025-10-25 13:20:40,148.06,0xff,0xaf,0xff,0x64,0x39,0xd6,ff af ff 64 39 d6 00 00
2025-10-25 13:20:40,147.75,0xff,0xc2,0xff,0x96,0x39,0xb7,ff c2 ff 96 39 b7 00 00
2025-10-25 13:20:40,147.75,0xff,0xc2,0xff,0x96,0x39,0xb7,ff c2 ff 96 39 b7 00 00
2025-10-25 13:20:40,147.75,0xff,0xc2,0xff,0x96,0x39,0xb7,ff c2 ff 96 39 b7 00 00
2025-10-25 13:20:40,150,0xff,0xbc,0xff,0x9c,0x3a,0x98,ff bc ff 9c 3a 98 00 00
2025-10-25 13:20:40,150,0xff,0xbc,0xff,0x9c,0x3a,0x98,ff bc ff 9c 3a 98 00 00
2025-10-25 13:20:40,150,0xff,0xbc,0xff,0x9c,0x3a,0x98,ff bc ff 9c 3a 98 00 00
2025-10-25 13:20:40,150.81,0xff,0x9c,0xff,0x71,0x3a,0xe9,ff 9c ff 71 3a e9 00 00
2025-10-25 13:20:40,150.81,0xff,0x9c,0xff,0x71,0x3a,0xe9,ff 9c ff 71 3a e9 00 00
2025-10-25 13:20:40,151.81,0xff,0xa9,0xff,0x6a,0x3b,0x4d,ff a9 ff 6a 3b 4d 00 00
2025-10-25 13:20:40,151.81,0xff,0xa9,0xff,0x6a,0x3b,0x4d,ff a9 ff 6a 3b 4d 00 00
2025-10-25 13:20:40,151.81,0xff,0xa9,0xff,0x6a,0x3b,0x4d,ff a9 ff 6a 3b 4d 00 00
2025-10-25 13:20:40,151.31,0xff,0xa3,0xff,0x71,0x3b,0x1b,ff a3 ff 71 3b 1b 00 00
2025-10-25 13:20:40,151.31,0xff,0xa3,0xff,0x71,0x3b,0x1b,ff a3 ff 71 3b 1b 00 00
2025-10-25 13:20:40,151.31,0xff,0xa3,0xff,0x71,0x3b,0x1b,ff a3 ff 71 3b 1b 00 00
2025-10-25 13:20:40,151.56,0xff,0xa9,0xff,0x8a,0x3b,0x34,ff a9 ff 8a 3b 34 00 00
2025-10-25 13:20:40,151.56,0xff,0xa9,0xff,0x8a,0x3b,0x34,ff a9 ff 8a 3b 34 00 00
2025-10-25 13:20:40,151.81,0xff,0xb5,0xff,0x7d,0x3b,0x4d,ff b5 ff 7d 3b 4d 00 00
2025-10-25 13:20:40,151.81,0xff,0xb5,0xff,0x7d,0x3b,0x4d,ff b5 ff 7d 3b 4d 00 00
2025-10-25 13:20:40,151.81,0xff,0xb5,0xff,0x7d,0x3b,0x4d,ff b5 ff 7d 3b 4d 00 00
2025-10-25 13:20:40,151.31,0xff,0xb5,0xff,0x7d,0x3b,0x1b,ff b5 ff 7d 3b 1b 00 00
2025-10-25 13:20:40,151.31,0xff,0xb5,0xff,0x7d,0x3b,0x1b,ff b5 ff 7d 3b 1b 00 00
2025-10-25 13:20:40,151.31,0xff,0xb5,0xff,0x7d,0x3b,0x1b,ff b5 ff 7d 3b 1b 00 00
2025-10-25 13:20:41,151.87,0xff,0xce,0xff,0x45,0x3b,0x53,ff ce ff 45 3b 53 00 00
2025-10-25 13:20:41,151.87,0xff,0xce,0xff,0x45,0x3b,0x53,ff ce ff 45 3b 53 00 00
2025-10-25 13:20:41,151.87,0xff,0xbc,0xff,0x4b,0x3b,0x53,ff bc ff 4b 3b 53 00 00
2025-10-25 13:20:41,151.87,0xff,0xbc,0xff,0x4b,0x3b,0x53,ff bc ff 4b 3b 53 00 00
2025-10-25 13:20:41,151.87,0xff,0xbc,0xff,0x4b,0x3b,0x53,ff bc ff 4b 3b 53 00 00
2025-10-25 13:20:41,151.62,0xff,0xaf,0xff,0x64,0x3b,0x3a,ff af ff 64 3b 3a 00 00
2025-10-25 13:20:41,151.62,0xff,0xaf,0xff,0x64,0x3b,0x3a,ff af ff 64 3b 3a 00 00
2025-10-25 13:20:41,151.31,0xff,0xa9,0xff,0x83,0x3b,0x1b,ff a9 ff 83 3b 1b 00 00
2025-10-25 13:20:41,151.31,0xff,0xa9,0xff,0x83,0x3b,0x1b,ff a9 ff 83 3b 1b 00 00
2025-10-25 13:20:41,151.31,0xff,0xa9,0xff,0x83,0x3b,0x1b,ff a9 ff 83 3b 1b 00 00
2025-10-25 13:20:41,151.06,0xff,0xa3,0xff,0x6a,0x3b,0x02,ff a3 ff 6a 3b 02 00 00
2025-10-25 13:20:41,151.06,0xff,0xa3,0xff,0x6a,0x3b,0x02,ff a3 ff 6a 3b 02 00 00
2025-10-25 13:20:41,151.06,0xff,0x9c,0xff,0x71,0x3b,0x02,ff 9c ff 71 3b 02 00 00
2025-10-25 13:20:41,151.06,0xff,0x9c,0xff,0x71,0x3b,0x02,ff 9c ff 71 3b 02 00 00
2025-10-25 13:20:41,151.06,0xff,0x9c,0xff,0x71,0x3b,0x02,ff 9c ff 71 3b 02 00 00
2025-10-25 13:20:41,151.31,0xff,0xaf,0xff,0x83,0x3b,0x1b,ff af ff 83 3b 1b 00 00
2025-10-25 13:20:41,151.31,0xff,0xaf,0xff,0x83,0x3b,0x1b,ff af ff 83 3b 1b 00 00
2025-10-25 13:20:41,151.31,0xff,0xaf,0xff,0x83,0x3b,0x1b,ff af ff 83 3b 1b 00 00
2025-10-25 13:20:41,151.31,0xff,0xaf,0xff,0x83,0x3b,0x1b,ff af ff 83 3b 1b 00 00
2025-10-25 13:20:41,151.31,0xff,0xaf,0xff,0x83,0x3b,0x1b,ff af ff 83 3b 1b 00 00
2025-10-25 13:20:41,151.31,0xff,0xaf,0xff,0x83,0x3b,0x1b,ff af ff 83 3b 1b 00 00
2025-10-25 13:20:41,151.31,0xff,0xaf,0xff,0x83,0x3b,0x1b,ff af ff 83 3b 1b 00 00
2025-10-25 13:20:41,151.31,0xff,0xaf,0xff,0x83,0x3b,0x1b,ff af ff 83 3b 1b 00 00
2025-10-25 13:20:41,151.31,0xff,0xaf,0xff,0x83,0x3b,0x1b,ff af ff 83 3b 1b 00 00
2025-10-25 13:20:41,151.31,0xff,0xaf,0xff,0x83,0x3b,0x1b,ff af ff 83 3b 1b 00 00
2025-10-25 13:20:41,151.31,0xff,0xaf,0xff,0x83,0x3b,0x1b,ff af ff 83 3b 1b 00 00
2025-10-25 13:20:41,151.31,0xff,0xaf,0xff,0x83,0x3b,0x1b,ff af ff 83 3b 1b 00 00
2025-10-25 13:20:41,151.31,0xff,0xaf,0xff,0x83,0x3b,0x1b,ff af ff 83 3b 1b 00 00
2025-10-25 13:20:41,151.31,0xff,0xaf,0xff,0x83,0x3b,0x1b,ff af ff 83 3b 1b 00 00
2025-10-25 13:20:41,151.31,0xff,0xaf,0xff,0x83,0x3b,0x1b,ff af ff 83 3b 1b 00 00
2025-10-25 13:20:41,151.31,0xff,0xaf,0xff,0x83,0x3b,0x1b,ff af ff 83 3b 1b 00 00
2025-10-25 13:20:41,151.31,0xff,0xaf,0xff,0x83,0x3b,0x1b,ff af ff 83 3b 1b 00 00
2025-10-25 13:20:41,151.31,0xff,0xaf,0xff,0x83,0x3b,0x1b,ff af ff 83 3b 1b 00 00
2025-10-25 13:20:41,151.31,0xff,0xaf,0xff,0x83,0x3b,0x1b,ff af ff 83 3b 1b 00 00
2025-10-25 13:20:41,151.31,0xff,0xaf,0xff,0x83,0x3b,0x1b,ff af ff 83 3b 1b 00 00
2025-10-25 13:20:41,151.31,0xff,0xaf,0xff,0x83,0x3b,0x1b,ff af ff 83 3b 1b 00 00
2025-10-25 13:20:41,151.31,0xff,0xaf,0xff,0x83,0x3b,0x1b,ff af ff 83 3b 1b 00 00
2025-10-25 13:20:41,151.31,0xff,0xaf,0xff,0x83,0x3b,0x1b,ff af ff 83 3b 1b 00 00
2025-10-25 13:20:41,151.31,0xff,0xaf,0xff,0x83,0x3b,0x1b,ff af ff 83 3b 1b 00 00
2025-10-25 13:20:41,151.31,0xff,0xaf,0xff,0x83,0x3b,0x1b,ff af ff 83 3b 1b 00 00
2025-10-25 13:20:41,151.06,0xff,0xa3,0xff,0x51,0x3b,0x02,ff a3 ff 51 3b 02 00 00
2025-10-25 13:20:41,151.06,0xff,0xa3,0xff,0x51,0x3b,0x02,ff a3 ff 51 3b 02 00 00
2025-10-25 13:20:41,151.06,0xff,0xa3,0xff,0x51,0x3b,0x02,ff a3 ff 51 3b 02 00 00
2025-10-25 13:20:41,151.87,0xff,0xaf,0xff,0x38,0x3b,0x53,ff af ff 38 3b 53 00 00
2025-10-25 13:20:41,151.87,0xff,0xaf,0xff,0x38,0x3b,0x53,ff af ff 38 3b 53 00 00
2025-10-25 13:20:41,151.87,0xff,0xc2,0xff,0x45,0x3b,0x53,ff c2 ff 45 3b 53 00 00
2025-10-25 13:20:41,151.87,0xff,0xc2,0xff,0x45,0x3b,0x53,ff c2 ff 45 3b 53 00 00
2025-10-25 13:20:41,151.87,0xff,0xc2,0xff,0x45,0x3b,0x53,ff c2 ff 45 3b 53 00 00
2025-10-25 13:20:41,153.93,0xff,0xbc,0xff,0x5e,0x3c,0x21,ff bc ff 5e 3c 21 00 00
2025-10-25 13:20:41,153.93,0xff,0xbc,0xff,0x5e,0x3c,0x21,ff bc ff 5e 3c 21 00 00
2025-10-25 13:20:41,154.68,0xff,0x9c,0xff,0x58,0x3c,0x6c,ff 9c ff 58 3c 6c 00 00
2025-10-25 13:20:42,154.68,0xff,0x9c,0xff,0x58,0x3c,0x6c,ff 9c ff 58 3c 6c 00 00
2025-10-25 13:20:42,154.68,0xff,0x9c,0xff,0x58,0x3c,0x6c,ff 9c ff 58 3c 6c 00 00
2025-10-25 13:20:42,155.25,0xff,0x9c,0xff,0x58,0x3c,0xa5,ff 9c ff 58 3c a5 00 00
2025-10-25 13:20:42,155.25,0xff,0x9c,0xff,0x58,0x3c,0xa5,ff 9c ff 58 3c a5 00 00
2025-10-25 13:20:42,155.25,0xff,0x9c,0xff,0x58,0x3c,0xa5,ff 9c ff 58 3c a5 00 00
2025-10-25 13:20:42,155.68,0xff,0xa9,0xff,0x4b,0x3c,0xd0,ff a9 ff 4b 3c d0 00 00
2025-10-25 13:20:42,155.68,0xff,0xa9,0xff,0x4b,0x3c,0xd0,ff a9 ff 4b 3c d0 00 00
2025-10-25 13:20:42,156,0xff,0xaf,0xff,0x4b,0x3c,0xf0,ff af ff 4b 3c f0 00 00
2025-10-25 13:20:42,156,0xff,0xaf,0xff,0x4b,0x3c,0xf0,ff af ff 4b 3c f0 00 00
2025-10-25 13:20:42,156,0xff,0xaf,0xff,0x4b,0x3c,0xf0,ff af ff 4b 3c f0 00 00
2025-10-25 13:20:42,156,0xff,0xaf,0xff,0x4b,0x3c,0xf0,ff af ff 4b 3c f0 00 00
2025-10-25 13:20:42,156,0xff,0xaf,0xff,0x4b,0x3c,0xf0,ff af ff 4b 3c f0 00 00
2025-10-25 13:20:42,156,0xff,0xaf,0xff,0x4b,0x3c,0xf0,ff af ff 4b 3c f0 00 00
2025-10-25 13:20:42,156.56,0xff,0xaf,0xff,0x51,0x3d,0x28,ff af ff 51 3d 28 00 00
2025-10-25 13:20:42,156.56,0xff,0xaf,0xff,0x51,0x3d,0x28,ff af ff 51 3d 28 00 00
2025-10-25 13:20:42,156.56,0xff,0xaf,0xff,0x51,0x3d,0x28,ff af ff 51 3d 28 00 00
2025-10-25 13:20:42,156.56,0xff,0xaf,0xff,0x51,0x3d,0x28,ff af ff 51 3d 28 00 00
2025-10-25 13:20:42,156.56,0xff,0xaf,0xff,0x51,0x3d,0x28,ff af ff 51 3d 28 00 00
2025-10-25 13:20:42,156.56,0xff,0xaf,0xff,0x51,0x3d,0x28,ff af ff 51 3d 28 00 00
2025-10-25 13:20:42,156.56,0xff,0xaf,0xff,0x51,0x3d,0x28,ff af ff 51 3d 28 00 00
2025-10-25 13:20:42,156.56,0xff,0xaf,0xff,0x51,0x3d,0x28,ff af ff 51 3d 28 00 00
2025-10-25 13:20:42,156.56,0xff,0xaf,0xff,0x51,0x3d,0x28,ff af ff 51 3d 28 00 00
2025-10-25 13:20:42,156.56,0xff,0xaf,0xff,0x51,0x3d,0x28,ff af ff 51 3d 28 00 00
2025-10-25 13:20:42,156.56,0xff,0xaf,0xff,0x51,0x3d,0x28,ff af ff 51 3d 28 00 00
2025-10-25 13:20:42,156.56,0xff,0xaf,0xff,0x51,0x3d,0x28,ff af ff 51 3d 28 00 00
2025-10-25 13:20:42,156.56,0xff,0xaf,0xff,0x51,0x3d,0x28,ff af ff 51 3d 28 00 00
2025-10-25 13:20:42,156.56,0xff,0xaf,0xff,0x51,0x3d,0x28,ff af ff 51 3d 28 00 00
2025-10-25 13:20:42,156.56,0xff,0xaf,0xff,0x51,0x3d,0x28,ff af ff 51 3d 28 00 00
2025-10-25 13:20:42,158.68,0xff,0xa9,0xff,0x4b,0x3d,0xfc,ff a9 ff 4b 3d fc 00 00
2025-10-25 13:20:42,158.68,0xff,0xa9,0xff,0x4b,0x3d,0xfc,ff a9 ff 4b 3d fc 00 00
2025-10-25 13:20:42,158.68,0xff,0xa9,0xff,0x4b,0x3d,0xfc,ff a9 ff 4b 3d fc 00 00
2025-10-25 13:20:42,160.06,0xff,0xaf,0xff,0x51,0x3e,0x86,ff af ff 51 3e 86 00 00
2025-10-25 13:20:42,160.06,0xff,0xaf,0xff,0x51,0x3e,0x86,ff af ff 51 3e 86 00 00
2025-10-25 13:20:42,160.62,0xff,0xa9,0xff,0x51,0x3e,0xbe,ff a9 ff 51 3e be 00 00
2025-10-25 13:20:42,160.62,0xff,0xa9,0xff,0x51,0x3e,0xbe,ff a9 ff 51 3e be 00 00
2025-10-25 13:20:42,160.62,0xff,0xa9,0xff,0x51,0x3e,0xbe,ff a9 ff 51 3e be 00 00
2025-10-25 13:20:42,161.37,0xff,0xa9,0xff,0x4b,0x3f,0x09,ff a9 ff 4b 3f 09 00 00
2025-10-25 13:20:42,161.37,0xff,0xa9,0xff,0x4b,0x3f,0x09,ff a9 ff 4b 3f 09 00 00
2025-10-25 13:20:42,161.37,0xff,0xa9,0xff,0x4b,0x3f,0x09,ff a9 ff 4b 3f 09 00 00
2025-10-25 13:20:42,161.37,0xff,0xa9,0xff,0x4b,0x3f,0x09,ff a9 ff 4b 3f 09 00 00
2025-10-25 13:20:42,161.37,0xff,0xa9,0xff,0x4b,0x3f,0x09,ff a9 ff 4b 3f 09 00 00
2025-10-25 13:20:42,161.37,0xff,0xa9,0xff,0x4b,0x3f,0x09,ff a9 ff 4b 3f 09 00 00
2025-10-25 13:20:42,161.37,0xff,0xa9,0xff,0x4b,0x3f,0x09,ff a9 ff 4b 3f 09 00 00
2025-10-25 13:20:42,161.37,0xff,0xa9,0xff,0x4b,0x3f,0x09,ff a9 ff 4b 3f 09 00 00
2025-10-25 13:20:42,161.37,0xff,0xa9,0xff,0x4b,0x3f,0x09,ff a9 ff 4b 3f 09 00 00
2025-10-25 13:20:42,161.37,0xff,0xa9,0xff,0x4b,0x3f,0x09,ff a9 ff 4b 3f 09 00 00
2025-10-25 13:20:42,161.37,0xff,0xa9,0xff,0x4b,0x3f,0x09,ff a9 ff 4b 3f 09 00 00
2025-10-25 13:20:42,161.37,0xff,0xa9,0xff,0x4b,0x3f,0x09,ff a9 ff 4b 3f 09 00 00
2025-10-25 13:20:42,161.37,0xff,0xa9,0xff,0x4b,0x3f,0x09,ff a9 ff 4b 3f 09 00 00
2025-10-25 13:20:42,161.37,0xff,0xa9,0xff,0x4b,0x3f,0x09,ff a9 ff 4b 3f 09 00 00
2025-10-25 13:20:42,161.37,0xff,0xa9,0xff,0x4b,0x3f,0x09,ff a9 ff 4b 3f 09 00 00
2025-10-25 13:20:42,161.37,0xff,0xa9,0xff,0x4b,0x3f,0x09,ff a9 ff 4b 3f 09 00 00
2025-10-25 13:20:42,161.37,0xff,0xa9,0xff,0x4b,0x3f,0x09,ff a9 ff 4b 3f 09 00 00
2025-10-25 13:20:43,161.37,0xff,0xa9,0xff,0x4b,0x3f,0x09,ff a9 ff 4b 3f 09 00 00
2025-10-25 13:20:43,161.37,0xff,0xa9,0xff,0x4b,0x3f,0x09,ff a9 ff 4b 3f 09 00 00
2025-10-25 13:20:43,161.37,0xff,0xa9,0xff,0x4b,0x3f,0x09,ff a9 ff 4b 3f 09 00 00
2025-10-25 13:20:43,161.37,0xff,0xa9,0xff,0x4b,0x3f,0x09,ff a9 ff 4b 3f 09 00 00
2025-10-25 13:20:43,161.37,0xff,0xa9,0xff,0x4b,0x3f,0x09,ff a9 ff 4b 3f 09 00 00
2025-10-25 13:20:43,161.37,0xff,0xa9,0xff,0x4b,0x3f,0x09,ff a9 ff 4b 3f 09 00 00
2025-10-25 13:20:43,161.37,0xff,0xa9,0xff,0x4b,0x3f,0x09,ff a9 ff 4b 3f 09 00 00
2025-10-25 13:20:43,161.37,0xff,0xa9,0xff,0x4b,0x3f,0x09,ff a9 ff 4b 3f 09 00 00
2025-10-25 13:20:43,161.37,0xff,0xa9,0xff,0x4b,0x3f,0x09,ff a9 ff 4b 3f 09 00 00
2025-10-25 13:20:43,161.37,0xff,0xa9,0xff,0x4b,0x3f,0x09,ff a9 ff 4b 3f 09 00 00
2025-10-25 13:20:43,161.37,0xff,0xa9,0xff,0x4b,0x3f,0x09,ff a9 ff 4b 3f 09 00 00
2025-10-25 13:20:43,161.37,0xff,0xa9,0xff,0x4b,0x3f,0x09,ff a9 ff 4b 3f 09 00 00
2025-10-25 13:20:43,161.37,0xff,0xa9,0xff,0x4b,0x3f,0x09,ff a9 ff 4b 3f 09 00 00
2025-10-25 13:20:43,161.37,0xff,0xa9,0xff,0x4b,0x3f,0x09,ff a9 ff 4b 3f 09 00 00
2025-10-25 13:20:43,163.62,0xff,0xa9,0xff,0x51,0x3f,0xea,ff a9 ff 51 3f ea 00 00
2025-10-25 13:20:43,163.62,0xff,0xa9,0xff,0x51,0x3f,0xea,ff a9 ff 51 3f ea 00 00
2025-10-25 13:20:43,163.62,0xff,0xa9,0xff,0x51,0x3f,0xea,ff a9 ff 51 3f ea 00 00
2025-10-25 13:20:43,164.93,0xff,0xaf,0xff,0x51,0x40,0x6d,ff af ff 51 40 6d 00 00
2025-10-25 13:20:43,164.93,0xff,0xaf,0xff,0x51,0x40,0x6d,ff af ff 51 40 6d 00 00
2025-10-25 13:20:43,164.93,0xff,0xaf,0xff,0x51,0x40,0x6d,ff af ff 51 40 6d 00 00
2025-10-25 13:20:43,166.06,0xff,0xaf,0xff,0x51,0x40,0xde,ff af ff 51 40 de 00 00
2025-10-25 13:20:43,166.06,0xff,0xaf,0xff,0x51,0x40,0xde,ff af ff 51 40 de 00 00
2025-10-25 13:20:43,166.62,0xff,0xaf,0xff,0x4b,0x41,0x16,ff af ff 4b 41 16 00 00
2025-10-25 13:20:43,166.62,0xff,0xaf,0xff,0x4b,0x41,0x16,ff af ff 4b 41 16 00 00
2025-10-25 13:20:43,166.62,0xff,0xaf,0xff,0x4b,0x41,0x16,ff af ff 4b 41 16 00 00
2025-10-25 13:20:43,167.81,0xff,0xaf,0xff,0x51,0x41,0x8d,ff af ff 51 41 8d 00 00
2025-10-25 13:20:43,167.81,0xff,0xaf,0xff,0x51,0x41,0x8d,ff af ff 51 41 8d 00 00
2025-10-25 13:20:43,167.93,0xff,0xa9,0xff,0x51,0x41,0x99,ff a9 ff 51 41 99 00 00
2025-10-25 13:20:43,167.93,0xff,0xa9,0xff,0x51,0x41,0x99,ff a9 ff 51 41 99 00 00
2025-10-25 13:20:43,167.93,0xff,0xa9,0xff,0x51,0x41,0x99,ff a9 ff 51 41 99 00 00
2025-10-25 13:20:43,168.43,0xff,0xaf,0xff,0x51,0x41,0xcb,ff af ff 51 41 cb 00 00
2025-10-25 13:20:43,168.43,0xff,0xaf,0xff,0x51,0x41,0xcb,ff af ff 51 41 cb 00 00
2025-10-25 13:20:43,168.43,0xff,0xaf,0xff,0x51,0x41,0xcb,ff af ff 51 41 cb 00 00
2025-10-25 13:20:43,168.43,0xff,0xaf,0xff,0x51,0x41,0xcb,ff af ff 51 41 cb 00 00
2025-10-25 13:20:43,168.43,0xff,0xaf,0xff,0x51,0x41,0xcb,ff af ff 51 41 cb 00 00
2025-10-25 13:20:43,168.43,0xff,0xaf,0xff,0x51,0x41,0xcb,ff af ff 51 41 cb 00 00
2025-10-25 13:20:43,168.43,0xff,0xaf,0xff,0x51,0x41,0xcb,ff af ff 51 41 cb 00 00
2025-10-25 13:20:43,168.43,0xff,0xaf,0xff,0x51,0x41,0xcb,ff af ff 51 41 cb 00 00
2025-10-25 13:20:43,168.43,0xff,0xaf,0xff,0x51,0x41,0xcb,ff af ff 51 41 cb 00 00
2025-10-25 13:20:43,168.43,0xff,0xaf,0xff,0x51,0x41,0xcb,ff af ff 51 41 cb 00 00
2025-10-25 13:20:43,168.43,0xff,0xaf,0xff,0x51,0x41,0xcb,ff af ff 51 41 cb 00 00
2025-10-25 13:20:43,168.43,0xff,0xaf,0xff,0x51,0x41,0xcb,ff af ff 51 41 cb 00 00
2025-10-25 13:20:43,168.43,0xff,0xaf,0xff,0x51,0x41,0xcb,ff af ff 51 41 cb 00 00
2025-10-25 13:20:43,168.43,0xff,0xaf,0xff,0x51,0x41,0xcb,ff af ff 51 41 cb 00 00
2025-10-25 13:20:43,168.43,0xff,0xaf,0xff,0x51,0x41,0xcb,ff af ff 51 41 cb 00 00
2025-10-25 13:20:43,168.43,0xff,0xaf,0xff,0x51,0x41,0xcb,ff af ff 51 41 cb 00 00
2025-10-25 13:20:43,168.43,0xff,0xaf,0xff,0x51,0x41,0xcb,ff af ff 51 41 cb 00 00
2025-10-25 13:20:43,168.43,0xff,0xaf,0xff,0x51,0x41,0xcb,ff af ff 51 41 cb 00 00
2025-10-25 13:20:43,168.43,0xff,0xaf,0xff,0x51,0x41,0xcb,ff af ff 51 41 cb 00 00
2025-10-25 13:20:43,168.43,0xff,0xaf,0xff,0x51,0x41,0xcb,ff af ff 51 41 cb 00 00
2025-10-25 13:20:43,168.43,0xff,0xaf,0xff,0x51,0x41,0xcb,ff af ff 51 41 cb 00 00
2025-10-25 13:20:44,168.43,0xff,0xaf,0xff,0x51,0x41,0xcb,ff af ff 51 41 cb 00 00
2025-10-25 13:20:44,168.43,0xff,0xaf,0xff,0x51,0x41,0xcb,ff af ff 51 41 cb 00 00
2025-10-25 13:20:44,168.43,0xff,0xaf,0xff,0x51,0x41,0xcb,ff af ff 51 41 cb 00 00
2025-10-25 13:20:44,168.43,0xff,0xaf,0xff,0x51,0x41,0xcb,ff af ff 51 41 cb 00 00
2025-10-25 13:20:44,168.43,0xff,0xaf,0xff,0x51,0x41,0xcb,ff af ff 51 41 cb 00 00
2025-10-25 13:20:44,170.81,0xff,0xa9,0xff,0x51,0x42,0xb9,ff a9 ff 51 42 b9 00 00
2025-10-25 13:20:44,170.81,0xff,0xa9,0xff,0x51,0x42,0xb9,ff a9 ff 51 42 b9 00 00
2025-10-25 13:20:44,172.56,0xff,0xaf,0xff,0x51,0x43,0x68,ff af ff 51 43 68 00 00
2025-10-25 13:20:44,172.56,0xff,0xaf,0xff,0x51,0x43,0x68,ff af ff 51 43 68 00 00
2025-10-25 13:20:44,172.56,0xff,0xaf,0xff,0x51,0x43,0x68,ff af ff 51 43 68 00 00
2025-10-25 13:20:44,173.25,0xff,0xa9,0xff,0x4b,0x43,0xad,ff a9 ff 4b 43 ad 00 00
2025-10-25 13:20:44,173.25,0xff,0xa9,0xff,0x4b,0x43,0xad,ff a9 ff 4b 43 ad 00 00
2025-10-25 13:20:44,173.25,0xff,0xa9,0xff,0x4b,0x43,0xad,ff a9 ff 4b 43 ad 00 00
2025-10-25 13:20:44,173.37,0xff,0xaf,0xff,0x4b,0x43,0xb9,ff af ff 4b 43 b9 00 00
2025-10-25 13:20:44,173.37,0xff,0xaf,0xff,0x4b,0x43,0xb9,ff af ff 4b 43 b9 00 00
2025-10-25 13:20:44,173.37,0xff,0xaf,0xff,0x4b,0x43,0xb9,ff af ff 4b 43 b9 00 00
2025-10-25 13:20:44,173.37,0xff,0xaf,0xff,0x4b,0x43,0xb9,ff af ff 4b 43 b9 00 00
2025-10-25 13:20:44,173.37,0xff,0xaf,0xff,0x4b,0x43,0xb9,ff af ff 4b 43 b9 00 00
2025-10-25 13:20:44,174,0xff,0xa9,0xff,0x4b,0x43,0xf8,ff a9 ff 4b 43 f8 00 00
2025-10-25 13:20:44,174,0xff,0xa9,0xff,0x4b,0x43,0xf8,ff a9 ff 4b 43 f8 00 00
2025-10-25 13:20:44,174.43,0xff,0xaf,0xff,0x51,0x44,0x23,ff af ff 51 44 23 00 00
2025-10-25 13:20:44,174.43,0xff,0xaf,0xff,0x51,0x44,0x23,ff af ff 51 44 23 00 00
2025-10-25 13:20:44,174.43,0xff,0xaf,0xff,0x51,0x44,0x23,ff af ff 51 44 23 00 00
2025-10-25 13:20:44,174.43,0xff,0xaf,0xff,0x51,0x44,0x23,ff af ff 51 44 23 00 00
2025-10-25 13:20:44,174.43,0xff,0xaf,0xff,0x51,0x44,0x23,ff af ff 51 44 23 00 00
2025-10-25 13:20:44,174.43,0xff,0xaf,0xff,0x51,0x44,0x23,ff af ff 51 44 23 00 00
2025-10-25 13:20:44,174.43,0xff,0xaf,0xff,0x51,0x44,0x23,ff af ff 51 44 23 00 00
2025-10-25 13:20:44,174.43,0xff,0xaf,0xff,0x51,0x44,0x23,ff af ff 51 44 23 00 00
2025-10-25 13:20:44,174.43,0xff,0xaf,0xff,0x51,0x44,0x23,ff af ff 51 44 23 00 00
2025-10-25 13:20:44,174.43,0xff,0xaf,0xff,0x51,0x44,0x23,ff af ff 51 44 23 00 00
2025-10-25 13:20:44,174.43,0xff,0xaf,0xff,0x51,0x44,0x23,ff af ff 51 44 23 00 00
2025-10-25 13:20:44,174.43,0xff,0xaf,0xff,0x51,0x44,0x23,ff af ff 51 44 23 00 00
2025-10-25 13:20:44,174.43,0xff,0xaf,0xff,0x51,0x44,0x23,ff af ff 51 44 23 00 00
2025-10-25 13:20:44,174.43,0xff,0xaf,0xff,0x51,0x44,0x23,ff af ff 51 44 23 00 00
2025-10-25 13:20:44,174.43,0xff,0xaf,0xff,0x51,0x44,0x23,ff af ff 51 44 23 00 00
2025-10-25 13:20:44,174.43,0xff,0xaf,0xff,0x51,0x44,0x23,ff af ff 51 44 23 00 00
2025-10-25 13:20:44,174.43,0xff,0xaf,0xff,0x51,0x44,0x23,ff af ff 51 44 23 00 00
2025-10-25 13:20:44,174.43,0xff,0xaf,0xff,0x51,0x44,0x23,ff af ff 51 44 23 00 00
2025-10-25 13:20:44,174.43,0xff,0xaf,0xff,0x51,0x44,0x23,ff af ff 51 44 23 00 00
2025-10-25 13:20:44,174.43,0xff,0xaf,0xff,0x51,0x44,0x23,ff af ff 51 44 23 00 00
2025-10-25 13:20:44,174.43,0xff,0xaf,0xff,0x51,0x44,0x23,ff af ff 51 44 23 00 00
2025-10-25 13:20:44,174.43,0xff,0xaf,0xff,0x51,0x44,0x23,ff af ff 51 44 23 00 00
2025-10-25 13:20:44,174.43,0xff,0xaf,0xff,0x51,0x44,0x23,ff af ff 51 44 23 00 00
2025-10-25 13:20:44,174.43,0xff,0xc2,0xff,0x77,0x44,0x23,ff c2 ff 77 44 23 00 00
2025-10-25 13:20:44,174.43,0xff,0xc2,0xff,0x77,0x44,0x23,ff c2 ff 77 44 23 00 00
2025-10-25 13:20:44,174.43,0xff,0xc2,0xff,0x77,0x44,0x23,ff c2 ff 77 44 23 00 00
2025-10-25 13:20:44,174.37,0xff,0xb5,0xff,0x7d,0x44,0x1d,ff b5 ff 7d 44 1d 00 00
2025-10-25 13:20:44,174.37,0xff,0xb5,0xff,0x7d,0x44,0x1d,ff b5 ff 7d 44 1d 00 00
2025-10-25 13:20:44,174.43,0xff,0xaf,0xff,0x64,0x44,0x23,ff af ff 64 44 23 00 00
2025-10-25 13:20:44,174.43,0xff,0xaf,0xff,0x64,0x44,0x23,ff af ff 64 44 23 00 00
2025-10-25 13:20:44,174.43,0xff,0xaf,0xff,0x64,0x44,0x23,ff af ff 64 44 23 00 00
2025-10-25 13:20:44,173.93,0xff,0xa3,0xff,0x51,0x43,0xf1,ff a3 ff 51 43 f1 00 00
2025-10-25 13:20:45,173.93,0xff,0xa3,0xff,0x51,0x43,0xf1,ff a3 ff 51 43 f1 00 00
2025-10-25 13:20:45,173.93,0xff,0xa3,0xff,0x51,0x43,0xf1,ff a3 ff 51 43 f1 00 00
2025-10-25 13:20:45,173.93,0xff,0xa3,0xff,0x51,0x43,0xf1,ff a3 ff 51 43 f1 00 00
2025-10-25 13:20:45,173.93,0xff,0xa3,0xff,0x51,0x43,0xf1,ff a3 ff 51 43 f1 00 00
2025-10-25 13:20:45,174.43,0xff,0xb5,0xff,0x64,0x44,0x23,ff b5 ff 64 44 23 00 00
2025-10-25 13:20:45,174.43,0xff,0xb5,0xff,0x64,0x44,0x23,ff b5 ff 64 44 23 00 00
2025-10-25 13:20:45,174.43,0xff,0xb5,0xff,0x64,0x44,0x23,ff b5 ff 64 44 23 00 00
2025-10-25 13:20:45,174.43,0xff,0xc8,0xff,0x77,0x44,0x23,ff c8 ff 77 44 23 00 00
2025-10-25 13:20:45,174.43,0xff,0xc8,0xff,0x77,0x44,0x23,ff c8 ff 77 44 23 00 00
2025-10-25 13:20:45,174.43,0xff,0xc8,0xff,0x77,0x44,0x23,ff c8 ff 77 44 23 00 00
2025-10-25 13:20:45,174.43,0xff,0xc8,0xff,0x77,0x44,0x23,ff c8 ff 77 44 23 00 00
2025-10-25 13:20:45,174.43,0xff,0xc8,0xff,0x77,0x44,0x23,ff c8 ff 77 44 23 00 00
2025-10-25 13:20:45,174.43,0xff,0xc8,0xff,0x77,0x44,0x23,ff c8 ff 77 44 23 00 00
2025-10-25 13:20:45,174.43,0xff,0xc8,0xff,0x77,0x44,0x23,ff c8 ff 77 44 23 00 00
2025-10-25 13:20:45,174.43,0xff,0xc8,0xff,0x77,0x44,0x23,ff c8 ff 77 44 23 00 00
2025-10-25 13:20:45,174.43,0xff,0xc8,0xff,0x77,0x44,0x23,ff c8 ff 77 44 23 00 00
2025-10-25 13:20:45,174.43,0xff,0xc8,0xff,0x77,0x44,0x23,ff c8 ff 77 44 23 00 00
2025-10-25 13:20:45,174.43,0xff,0xc8,0xff,0x77,0x44,0x23,ff c8 ff 77 44 23 00 00
2025-10-25 13:20:45,174.43,0xff,0xc8,0xff,0x77,0x44,0x23,ff c8 ff 77 44 23 00 00
2025-10-25 13:20:45,174.43,0xff,0xc8,0xff,0x77,0x44,0x23,ff c8 ff 77 44 23 00 00
2025-10-25 13:20:45,174.43,0xff,0xc8,0xff,0x77,0x44,0x23,ff c8 ff 77 44 23 00 00
2025-10-25 13:20:45,174.43,0xff,0xc8,0xff,0x77,0x44,0x23,ff c8 ff 77 44 23 00 00
2025-10-25 13:20:45,174.43,0xff,0xc8,0xff,0x77,0x44,0x23,ff c8 ff 77 44 23 00 00
2025-10-25 13:20:45,174.43,0xff,0xc8,0xff,0x77,0x44,0x23,ff c8 ff 77 44 23 00 00
2025-10-25 13:20:45,174.43,0xff,0xc8,0xff,0x77,0x44,0x23,ff c8 ff 77 44 23 00 00
2025-10-25 13:20:45,174.43,0xff,0xc8,0xff,0x77,0x44,0x23,ff c8 ff 77 44 23 00 00
2025-10-25 13:20:45,174.43,0xff,0xc8,0xff,0x77,0x44,0x23,ff c8 ff 77 44 23 00 00
2025-10-25 13:20:45,174.43,0xff,0xc8,0xff,0x77,0x44,0x23,ff c8 ff 77 44 23 00 00
2025-10-25 13:20:45,174.43,0xff,0xc8,0xff,0x77,0x44,0x23,ff c8 ff 77 44 23 00 00
2025-10-25 13:20:45,174.43,0xff,0xc8,0xff,0x77,0x44,0x23,ff c8 ff 77 44 23 00 00
2025-10-25 13:20:45,174.43,0xff,0xc8,0xff,0x77,0x44,0x23,ff c8 ff 77 44 23 00 00
2025-10-25 13:20:45,174.43,0xff,0xc8,0xff,0x77,0x44,0x23,ff c8 ff 77 44 23 00 00
2025-10-25 13:20:45,174.43,0xff,0xc8,0xff,0x77,0x44,0x23,ff c8 ff 77 44 23 00 00
2025-10-25 13:20:45,174.43,0xff,0xc8,0xff,0x77,0x44,0x23,ff c8 ff 77 44 23 00 00
2025-10-25 13:20:45,174.43,0xff,0xc8,0xff,0x77,0x44,0x23,ff c8 ff 77 44 23 00 00
2025-10-25 13:20:45,174.43,0xff,0xc8,0xff,0x77,0x44,0x23,ff c8 ff 77 44 23 00 00
2025-10-25 13:20:45,174.43,0xff,0xc8,0xff,0x77,0x44,0x23,ff c8 ff 77 44 23 00 00
2025-10-25 13:20:45,174.43,0xff,0xc8,0xff,0x77,0x44,0x23,ff c8 ff 77 44 23 00 00
2025-10-25 13:20:45,174.43,0xff,0xc8,0xff,0x77,0x44,0x23,ff c8 ff 77 44 23 00 00
2025-10-25 13:20:45,174.43,0xff,0xc8,0xff,0x77,0x44,0x23,ff c8 ff 77 44 23 00 00
2025-10-25 13:20:45,174.43,0xff,0xc8,0xff,0x77,0x44,0x23,ff c8 ff 77 44 23 00 00
2025-10-25 13:20:45,174.43,0xff,0xc8,0xff,0x77,0x44,0x23,ff c8 ff 77 44 23 00 00
2025-10-25 13:20:45,174.43,0xff,0xc8,0xff,0x77,0x44,0x23,ff c8 ff 77 44 23 00 00
2025-10-25 13:20:45,174.43,0xff,0xc8,0xff,0x77,0x44,0x23,ff c8 ff 77 44 23 00 00
2025-10-25 13:20:45,174.43,0xff,0xc8,0xff,0x77,0x44,0x23,ff c8 ff 77 44 23 00 00
2025-10-25 13:20:45,174.43,0xff,0xc8,0xff,0x77,0x44,0x23,ff c8 ff 77 44 23 00 00
2025-10-25 13:20:45,174.43,0xff,0xc8,0xff,0x77,0x44,0x23,ff c8 ff 77 44 23 00 00
2025-10-25 13:20:45,174.43,0xff,0xc8,0xff,0x77,0x44,0x23,ff c8 ff 77 44 23 00 00
2025-10-25 13:20:45,174.43,0xff,0xc8,0xff,0x77,0x44,0x23,ff c8 ff 77 44 23 00 00
2025-10-25 13:20:45,174.43,0xff,0xc8,0xff,0x77,0x44,0x23,ff c8 ff 77 44 23 00 00
2025-10-25 13:20:45,174.43,0xff,0xc8,0xff,0x77,0x44,0x23,ff c8 ff 77 44 23 00 00
2025-10-25 13:20:45,176.87,0xff,0xc8,0xff,0x77,0x45,0x17,ff c8 ff 77 45 17 00 00
2025-10-25 13:20:46,176.87,0xff,0xc8,0xff,0x77,0x45,0x17,ff c8 ff 77 45 17 00 00
2025-10-25 13:20:46,176.87,0xff,0xc8,0xff,0x77,0x45,0x17,ff c8 ff 77 45 17 00 00
2025-10-25 13:20:46,178.75,0xff,0xc8,0xff,0x77,0x45,0xd3,ff c8 ff 77 45 d3 00 00
2025-10-25 13:20:46,178.75,0xff,0xc8,0xff,0x77,0x45,0xd3,ff c8 ff 77 45 d3 00 00
2025-10-25 13:20:46,178.75,0xff,0xc8,0xff,0x77,0x45,0xd3,ff c8 ff 77 45 d3 00 00
2025-10-25 13:20:46,178.75,0xff,0xc8,0xff,0x77,0x45,0xd3,ff c8 ff 77 45 d3 00 00
2025-10-25 13:20:46,178.75,0xff,0xc8,0xff,0x77,0x45,0xd3,ff c8 ff 77 45 d3 00 00
2025-10-25 13:20:46,178.75,0xff,0xc8,0xff,0x77,0x45,0xd3,ff c8 ff 77 45 d3 00 00
2025-10-25 13:20:46,178.75,0xff,0xc8,0xff,0x77,0x45,0xd3,ff c8 ff 77 45 d3 00 00
2025-10-25 13:20:46,179.06,0xff,0xc8,0xff,0x77,0x45,0xf2,ff c8 ff 77 45 f2 00 00
2025-10-25 13:20:46,179.06,0xff,0xc8,0xff,0x77,0x45,0xf2,ff c8 ff 77 45 f2 00 00
2025-10-25 13:20:46,179.06,0xff,0xc8,0xff,0x77,0x45,0xf2,ff c8 ff 77 45 f2 00 00
2025-10-25 13:20:46,179.06,0xff,0xc8,0xff,0x77,0x45,0xf2,ff c8 ff 77 45 f2 00 00
2025-10-25 13:20:46,179.06,0xff,0xc8,0xff,0x77,0x45,0xf2,ff c8 ff 77 45 f2 00 00
2025-10-25 13:20:46,179.06,0xff,0xc8,0xff,0x77,0x45,0xf2,ff c8 ff 77 45 f2 00 00
2025-10-25 13:20:46,180.87,0xff,0xc8,0xff,0x77,0x46,0xa7,ff c8 ff 77 46 a7 00 00
2025-10-25 13:20:46,180.87,0xff,0xc8,0xff,0x77,0x46,0xa7,ff c8 ff 77 46 a7 00 00
2025-10-25 13:20:46,180.87,0xff,0xc8,0xff,0x77,0x46,0xa7,ff c8 ff 77 46 a7 00 00
2025-10-25 13:20:46,180.87,0xff,0xc8,0xff,0x77,0x46,0xa7,ff c8 ff 77 46 a7 00 00
2025-10-25 13:20:46,180.87,0xff,0xc8,0xff,0x77,0x46,0xa7,ff c8 ff 77 46 a7 00 00
2025-10-25 13:20:46,180.87,0xff,0xc8,0xff,0x77,0x46,0xa7,ff c8 ff 77 46 a7 00 00
2025-10-25 13:20:46,180.87,0xff,0xc8,0xff,0x77,0x46,0xa7,ff c8 ff 77 46 a7 00 00
2025-10-25 13:20:46,180.87,0xff,0xc8,0xff,0x77,0x46,0xa7,ff c8 ff 77 46 a7 00 00
2025-10-25 13:20:46,180.87,0xff,0xc8,0xff,0x77,0x46,0xa7,ff c8 ff 77 46 a7 00 00
2025-10-25 13:20:46,180.87,0xff,0xc8,0xff,0x77,0x46,0xa7,ff c8 ff 77 46 a7 00 00
2025-10-25 13:20:46,180.87,0xff,0xc8,0xff,0x77,0x46,0xa7,ff c8 ff 77 46 a7 00 00
2025-10-25 13:20:46,180.87,0xff,0xc8,0xff,0x77,0x46,0xa7,ff c8 ff 77 46 a7 00 00
2025-10-25 13:20:46,180.87,0xff,0xc8,0xff,0x77,0x46,0xa7,ff c8 ff 77 46 a7 00 00
2025-10-25 13:20:46,180.87,0xff,0xc8,0xff,0x77,0x46,0xa7,ff c8 ff 77 46 a7 00 00
2025-10-25 13:20:46,180.87,0xff,0xc8,0xff,0x77,0x46,0xa7,ff c8 ff 77 46 a7 00 00
2025-10-25 13:20:46,180.87,0xff,0xc8,0xff,0x77,0x46,0xa7,ff c8 ff 77 46 a7 00 00
2025-10-25 13:20:46,180.87,0xff,0xc8,0xff,0x77,0x46,0xa7,ff c8 ff 77 46 a7 00 00
2025-10-25 13:20:46,180.87,0xff,0xc8,0xff,0x77,0x46,0xa7,ff c8 ff 77 46 a7 00 00
2025-10-25 13:20:46,180.87,0xff,0xc8,0xff,0x77,0x46,0xa7,ff c8 ff 77 46 a7 00 00
2025-10-25 13:20:46,180.87,0xff,0xc8,0xff,0x77,0x46,0xa7,ff c8 ff 77 46 a7 00 00
2025-10-25 13:20:46,180.87,0xff,0xc8,0xff,0x77,0x46,0xa7,ff c8 ff 77 46 a7 00 00
2025-10-25 13:20:46,180.87,0xff,0xc8,0xff,0x77,0x46,0xa7,ff c8 ff 77 46 a7 00 00
2025-10-25 13:20:46,180.87,0xff,0xc8,0xff,0x77,0x46,0xa7,ff c8 ff 77 46 a7 00 00
2025-10-25 13:20:46,183.06,0xff,0xc8,0xff,0x77,0x47,0x82,ff c8 ff 77 47 82 00 00
2025-10-25 13:20:46,183.06,0xff,0xc8,0xff,0x77,0x47,0x82,ff c8 ff 77 47 82 00 00
2025-10-25 13:20:46,183.06,0xff,0xc8,0xff,0x77,0x47,0x82,ff c8 ff 77 47 82 00 00
2025-10-25 13:20:46,183.56,0xff,0xc8,0xff,0x77,0x47,0xb4,ff c8 ff 77 47 b4 00 00
2025-10-25 13:20:46,183.56,0xff,0xc8,0xff,0x77,0x47,0xb4,ff c8 ff 77 47 b4 00 00
2025-10-25 13:20:46,184.12,0xff,0xc8,0xff,0x77,0x47,0xec,ff c8 ff 77 47 ec 00 00
2025-10-25 13:20:46,184.12,0xff,0xc8,0xff,0x77,0x47,0xec,ff c8 ff 77 47 ec 00 00
2025-10-25 13:20:46,184.12,0xff,0xc8,0xff,0x77,0x47,0xec,ff c8 ff 77 47 ec 00 00
2025-10-25 13:20:46,184.12,0xff,0xc8,0xff,0x77,0x47,0xec,ff c8 ff 77 47 ec 00 00
2025-10-25 13:20:46,184.12,0xff,0xc8,0xff,0x77,0x47,0xec,ff c8 ff 77 47 ec 00 00
2025-10-25 13:20:46,185.31,0xff,0xc8,0xff,0x77,0x48,0x63,ff c8 ff 77 48 63 00 00
2025-10-25 13:20:46,185.31,0xff,0xc8,0xff,0x77,0x48,0x63,ff c8 ff 77 48 63 00 00
2025-10-25 13:20:46,185.31,0xff,0xc8,0xff,0x77,0x48,0x63,ff c8 ff 77 48 63 00 00
2025-10-25 13:20:46,185.31,0xff,0xc8,0xff,0x77,0x48,0x63,ff c8 ff 77 48 63 00 00
2025-10-25 13:20:47,185.31,0xff,0xc8,0xff,0x77,0x48,0x63,ff c8 ff 77 48 63 00 00
2025-10-25 13:20:47,185.93,0xff,0xc8,0xff,0x77,0x48,0xa1,ff c8 ff 77 48 a1 00 00
2025-10-25 13:20:47,185.93,0xff,0xc8,0xff,0x77,0x48,0xa1,ff c8 ff 77 48 a1 00 00
2025-10-25 13:20:47,185.93,0xff,0xc8,0xff,0x77,0x48,0xa1,ff c8 ff 77 48 a1 00 00
2025-10-25 13:20:47,185.93,0xff,0xc8,0xff,0x77,0x48,0xa1,ff c8 ff 77 48 a1 00 00
2025-10-25 13:20:47,185.93,0xff,0xc8,0xff,0x77,0x48,0xa1,ff c8 ff 77 48 a1 00 00
2025-10-25 13:20:47,185.93,0xff,0xc8,0xff,0x77,0x48,0xa1,ff c8 ff 77 48 a1 00 00
2025-10-25 13:20:47,185.93,0xff,0xc8,0xff,0x77,0x48,0xa1,ff c8 ff 77 48 a1 00 00
2025-10-25 13:20:47,185.93,0xff,0xc8,0xff,0x77,0x48,0xa1,ff c8 ff 77 48 a1 00 00
2025-10-25 13:20:47,185.93,0xff,0xc8,0xff,0x77,0x48,0xa1,ff c8 ff 77 48 a1 00 00
2025-10-25 13:20:47,185.93,0xff,0xc8,0xff,0x77,0x48,0xa1,ff c8 ff 77 48 a1 00 00
2025-10-25 13:20:47,185.93,0xff,0xc8,0xff,0x77,0x48,0xa1,ff c8 ff 77 48 a1 00 00
2025-10-25 13:20:47,185.93,0xff,0xc8,0xff,0x77,0x48,0xa1,ff c8 ff 77 48 a1 00 00
2025-10-25 13:20:47,185.93,0xff,0xc8,0xff,0x77,0x48,0xa1,ff c8 ff 77 48 a1 00 00
2025-10-25 13:20:47,185.93,0xff,0xc8,0xff,0x77,0x48,0xa1,ff c8 ff 77 48 a1 00 00
2025-10-25 13:20:47,185.93,0xff,0xc8,0xff,0x77,0x48,0xa1,ff c8 ff 77 48 a1 00 00
2025-10-25 13:20:47,185.93,0xff,0xc8,0xff,0x77,0x48,0xa1,ff c8 ff 77 48 a1 00 00
2025-10-25 13:20:47,185.93,0xff,0xc8,0xff,0x77,0x48,0xa1,ff c8 ff 77 48 a1 00 00
2025-10-25 13:20:47,185.93,0xff,0xc8,0xff,0x77,0x48,0xa1,ff c8 ff 77 48 a1 00 00
2025-10-25 13:20:47,185.93,0xff,0xc8,0xff,0x77,0x48,0xa1,ff c8 ff 77 48 a1 00 00
2025-10-25 13:20:47,185.93,0xff,0xc8,0xff,0x77,0x48,0xa1,ff c8 ff 77 48 a1 00 00
2025-10-25 13:20:47,185.93,0xff,0xc8,0xff,0x77,0x48,0xa1,ff c8 ff 77 48 a1 00 00
2025-10-25 13:20:47,185.93,0xff,0xc8,0xff,0x77,0x48,0xa1,ff c8 ff 77 48 a1 00 00
2025-10-25 13:20:47,185.93,0xff,0xc8,0xff,0x77,0x48,0xa1,ff c8 ff 77 48 a1 00 00
2025-10-25 13:20:47,185.93,0xff,0xc8,0xff,0x77,0x48,0xa1,ff c8 ff 77 48 a1 00 00
2025-10-25 13:20:47,188.25,0xff,0xc8,0xff,0x77,0x49,0x89,ff c8 ff 77 49 89 00 00
2025-10-25 13:20:47,188.25,0xff,0xc8,0xff,0x77,0x49,0x89,ff c8 ff 77 49 89 00 00
2025-10-25 13:20:47,188.25,0xff,0xc8,0xff,0x77,0x49,0x89,ff c8 ff 77 49 89 00 00
2025-10-25 13:20:47,189.43,0xff,0xc8,0xff,0x77,0x49,0xff,ff c8 ff 77 49 ff 00 00
2025-10-25 13:20:47,189.43,0xff,0xc8,0xff,0x77,0x49,0xff,ff c8 ff 77 49 ff 00 00
2025-10-25 13:20:47,189.43,0xff,0xc8,0xff,0x77,0x49,0xff,ff c8 ff 77 49 ff 00 00
2025-10-25 13:20:47,189.43,0xff,0xc8,0xff,0x77,0x49,0xff,ff c8 ff 77 49 ff 00 00
2025-10-25 13:20:47,189.43,0xff,0xc8,0xff,0x77,0x49,0xff,ff c8 ff 77 49 ff 00 00
2025-10-25 13:20:47,190.12,0xff,0xc8,0xff,0x77,0x4a,0x44,ff c8 ff 77 4a 44 00 00
2025-10-25 13:20:47,190.12,0xff,0xc8,0xff,0x77,0x4a,0x44,ff c8 ff 77 4a 44 00 00
2025-10-25 13:20:47,190.12,0xff,0xc8,0xff,0x77,0x4a,0x44,ff c8 ff 77 4a 44 00 00
2025-10-25 13:20:47,190.12,0xff,0xc8,0xff,0x77,0x4a,0x44,ff c8 ff 77 4a 44 00 00
2025-10-25 13:20:47,190.12,0xff,0xc8,0xff,0x77,0x4a,0x44,ff c8 ff 77 4a 44 00 00
2025-10-25 13:20:47,190.12,0xff,0xc8,0xff,0x77,0x4a,0x44,ff c8 ff 77 4a 44 00 00
2025-10-25 13:20:47,190.12,0xff,0xc8,0xff,0x77,0x4a,0x44,ff c8 ff 77 4a 44 00 00
2025-10-25 13:20:47,190,0xff,0xc8,0xff,0x77,0x4a,0x38,ff c8 ff 77 4a 38 00 00
2025-10-25 13:20:47,190,0xff,0xc8,0xff,0x77,0x4a,0x38,ff c8 ff 77 4a 38 00 00
2025-10-25 13:20:47,190,0xff,0xc8,0xff,0x77,0x4a,0x38,ff c8 ff 77 4a 38 00 00
2025-10-25 13:20:47,190,0xff,0xc8,0xff,0x77,0x4a,0x38,ff c8 ff 77 4a 38 00 00
2025-10-25 13:20:47,190,0xff,0xc8,0xff,0x77,0x4a,0x38,ff c8 ff 77 4a 38 00 00
2025-10-25 13:20:47,190,0xff,0xc8,0xff,0x77,0x4a,0x38,ff c8 ff 77 4a 38 00 00
2025-10-25 13:20:47,190,0xff,0xc8,0xff,0x77,0x4a,0x38,ff c8 ff 77 4a 38 00 00
2025-10-25 13:20:47,190,0xff,0xc8,0xff,0x77,0x4a,0x38,ff c8 ff 77 4a 38 00 00
2025-10-25 13:20:47,190,0xff,0xc8,0xff,0x77,0x4a,0x38,ff c8 ff 77 4a 38 00 00
2025-10-25 13:20:47,190,0xff,0xc8,0xff,0x77,0x4a,0x38,ff c8 ff 77 4a 38 00 00
2025-10-25 13:20:47,190,0xff,0xc8,0xff,0x77,0x4a,0x38,ff c8 ff 77 4a 38 00 00
2025-10-25 13:20:47,190,0xff,0xc8,0xff,0x77,0x4a,0x38,ff c8 ff 77 4a 38 00 00
2025-10-25 13:20:48,190,0xff,0xc8,0xff,0x77,0x4a,0x38,ff c8 ff 77 4a 38 00 00
2025-10-25 13:20:48,190,0xff,0xc8,0xff,0x77,0x4a,0x38,ff c8 ff 77 4a 38 00 00
2025-10-25 13:20:48,190,0xff,0xc8,0xff,0x77,0x4a,0x38,ff c8 ff 77 4a 38 00 00
2025-10-25 13:20:48,190,0xff,0xc8,0xff,0x77,0x4a,0x38,ff c8 ff 77 4a 38 00 00
2025-10-25 13:20:48,190,0xff,0xc8,0xff,0x77,0x4a,0x38,ff c8 ff 77 4a 38 00 00
2025-10-25 13:20:48,190,0xff,0xc8,0xff,0x77,0x4a,0x38,ff c8 ff 77 4a 38 00 00
2025-10-25 13:20:48,190,0xff,0xc8,0xff,0x77,0x4a,0x38,ff c8 ff 77 4a 38 00 00
2025-10-25 13:20:48,190,0xff,0xc8,0xff,0x77,0x4a,0x38,ff c8 ff 77 4a 38 00 00
2025-10-25 13:20:48,190,0xff,0xc8,0xff,0x77,0x4a,0x38,ff c8 ff 77 4a 38 00 00
2025-10-25 13:20:48,190,0xff,0xc8,0xff,0x77,0x4a,0x38,ff c8 ff 77 4a 38 00 00
2025-10-25 13:20:48,190,0xff,0xc8,0xff,0x77,0x4a,0x38,ff c8 ff 77 4a 38 00 00
2025-10-25 13:20:48,190,0xff,0xc8,0xff,0x77,0x4a,0x38,ff c8 ff 77 4a 38 00 00
2025-10-25 13:20:48,192.43,0xff,0xc8,0xff,0x77,0x4b,0x2b,ff c8 ff 77 4b 2b 00 00
2025-10-25 13:20:48,192.43,0xff,0xc8,0xff,0x77,0x4b,0x2b,ff c8 ff 77 4b 2b 00 00
2025-10-25 13:20:48,192.43,0xff,0xc8,0xff,0x77,0x4b,0x2b,ff c8 ff 77 4b 2b 00 00
2025-10-25 13:20:48,193.62,0xff,0xc8,0xff,0x77,0x4b,0xa2,ff c8 ff 77 4b a2 00 00
2025-10-25 13:20:48,193.62,0xff,0xc8,0xff,0x77,0x4b,0xa2,ff c8 ff 77 4b a2 00 00
2025-10-25 13:20:48,194.68,0xff,0xc8,0xff,0x77,0x4c,0x0c,ff c8 ff 77 4c 0c 00 00
2025-10-25 13:20:48,194.68,0xff,0xc8,0xff,0x77,0x4c,0x0c,ff c8 ff 77 4c 0c 00 00
2025-10-25 13:20:48,194.68,0xff,0xc8,0xff,0x77,0x4c,0x0c,ff c8 ff 77 4c 0c 00 00
2025-10-25 13:20:48,195.25,0xff,0xc8,0xff,0x77,0x4c,0x45,ff c8 ff 77 4c 45 00 00
2025-10-25 13:20:48,195.25,0xff,0xc8,0xff,0x77,0x4c,0x45,ff c8 ff 77 4c 45 00 00
2025-10-25 13:20:48,195.25,0xff,0xc8,0xff,0x77,0x4c,0x45,ff c8 ff 77 4c 45 00 00
2025-10-25 13:20:48,195.43,0xff,0xc8,0xff,0x77,0x4c,0x57,ff c8 ff 77 4c 57 00 00
2025-10-25 13:20:48,195.43,0xff,0xc8,0xff,0x77,0x4c,0x57,ff c8 ff 77 4c 57 00 00
2025-10-25 13:20:48,195.43,0xff,0xc8,0xff,0x77,0x4c,0x57,ff c8 ff 77 4c 57 00 00
2025-10-25 13:20:48,195.43,0xff,0xc8,0xff,0x77,0x4c,0x57,ff c8 ff 77 4c 57 00 00
2025-10-25 13:20:48,195.43,0xff,0xc8,0xff,0x77,0x4c,0x57,ff c8 ff 77 4c 57 00 00
2025-10-25 13:20:48,195.81,0xff,0xc8,0xff,0x77,0x4c,0x7d,ff c8 ff 77 4c 7d 00 00
2025-10-25 13:20:48,195.81,0xff,0xc8,0xff,0x77,0x4c,0x7d,ff c8 ff 77 4c 7d 00 00
2025-10-25 13:20:48,195.81,0xff,0xc8,0xff,0x77,0x4c,0x7d,ff c8 ff 77 4c 7d 00 00
2025-10-25 13:20:48,195.81,0xff,0xc8,0xff,0x77,0x4c,0x7d,ff c8 ff 77 4c 7d 00 00
2025-10-25 13:20:48,195.81,0xff,0xc8,0xff,0x77,0x4c,0x7d,ff c8 ff 77 4c 7d 00 00
2025-10-25 13:20:48,195.81,0xff,0xc8,0xff,0x77,0x4c,0x7d,ff c8 ff 77 4c 7d 00 00
2025-10-25 13:20:48,195.81,0xff,0xc8,0xff,0x77,0x4c,0x7d,ff c8 ff 77 4c 7d 00 00
2025-10-25 13:20:48,195.81,0xff,0xc8,0xff,0x77,0x4c,0x7d,ff c8 ff 77 4c 7d 00 00
2025-10-25 13:20:48,195.81,0xff,0xc8,0xff,0x77,0x4c,0x7d,ff c8 ff 77 4c 7d 00 00
2025-10-25 13:20:48,195.81,0xff,0xc8,0xff,0x77,0x4c,0x7d,ff c8 ff 77 4c 7d 00 00
2025-10-25 13:20:48,195.81,0xff,0xc8,0xff,0x77,0x4c,0x7d,ff c8 ff 77 4c 7d 00 00
2025-10-25 13:20:48,195.81,0xff,0xc8,0xff,0x77,0x4c,0x7d,ff c8 ff 77 4c 7d 00 00
2025-10-25 13:20:48,195.81,0xff,0xc8,0xff,0x77,0x4c,0x7d,ff c8 ff 77 4c 7d 00 00
2025-10-25 13:20:48,195.81,0xff,0xc8,0xff,0x77,0x4c,0x7d,ff c8 ff 77 4c 7d 00 00
2025-10-25 13:20:48,195.81,0xff,0xc8,0xff,0x77,0x4c,0x7d,ff c8 ff 77 4c 7d 00 00
2025-10-25 13:20:48,195.81,0xff,0xc8,0xff,0x77,0x4c,0x7d,ff c8 ff 77 4c 7d 00 00
2025-10-25 13:20:48,195.81,0xff,0xc8,0xff,0x77,0x4c,0x7d,ff c8 ff 77 4c 7d 00 00
2025-10-25 13:20:48,195.81,0xff,0xc8,0xff,0x77,0x4c,0x7d,ff c8 ff 77 4c 7d 00 00
2025-10-25 13:20:48,195.81,0xff,0xc8,0xff,0x77,0x4c,0x7d,ff c8 ff 77 4c 7d 00 00
2025-10-25 13:20:48,195.81,0xff,0xc8,0xff,0x77,0x4c,0x7d,ff c8 ff 77 4c 7d 00 00
2025-10-25 13:20:48,195.81,0xff,0xc8,0xff,0x77,0x4c,0x7d,ff c8 ff 77 4c 7d 00 00
2025-10-25 13:20:48,198.56,0xff,0xc8,0xff,0x77,0x4d,0x90,ff c8 ff 77 4d 90 00 00
2025-10-25 13:20:48,198.56,0xff,0xc8,0xff,0x77,0x4d,0x90,ff c8 ff 77 4d 90 00 00
2025-10-25 13:20:48,200.18,0xff,0xc8,0xff,0x77,0x4e,0x32,ff c8 ff 77 4e 32 00 00
2025-10-25 13:20:49,200.18,0xff,0xc8,0xff,0x77,0x4e,0x32,ff c8 ff 77 4e 32 00 00
2025-10-25 13:20:49,200.18,0xff,0xc8,0xff,0x77,0x4e,0x32,ff c8 ff 77 4e 32 00 00
2025-10-25 13:20:49,201.25,0xff,0xc8,0xff,0x77,0x4e,0x9d,ff c8 ff 77 4e 9d 00 00
2025-10-25 13:20:49,201.25,0xff,0xc8,0xff,0x77,0x4e,0x9d,ff c8 ff 77 4e 9d 00 00
2025-10-25 13:20:49,201.25,0xff,0xc8,0xff,0x77,0x4e,0x9d,ff c8 ff 77 4e 9d 00 00
2025-10-25 13:20:49,201.25,0xff,0xc8,0xff,0x77,0x4e,0x9d,ff c8 ff 77 4e 9d 00 00
2025-10-25 13:20:49,201.25,0xff,0xc8,0xff,0x77,0x4e,0x9d,ff c8 ff 77 4e 9d 00 00
2025-10-25 13:20:49,201.43,0xff,0xc8,0xff,0x77,0x4e,0xaf,ff c8 ff 77 4e af 00 00
2025-10-25 13:20:49,201.43,0xff,0xc8,0xff,0x77,0x4e,0xaf,ff c8 ff 77 4e af 00 00
2025-10-25 13:20:49,201.43,0xff,0xc8,0xff,0x77,0x4e,0xaf,ff c8 ff 77 4e af 00 00
2025-10-25 13:20:49,201.62,0xff,0xc8,0xff,0x77,0x4e,0xc2,ff c8 ff 77 4e c2 00 00
2025-10-25 13:20:49,201.62,0xff,0xc8,0xff,0x77,0x4e,0xc2,ff c8 ff 77 4e c2 00 00
2025-10-25 13:20:49,202.43,0xff,0xc8,0xff,0x77,0x4f,0x13,ff c8 ff 77 4f 13 00 00
2025-10-25 13:20:49,202.43,0xff,0xc8,0xff,0x77,0x4f,0x13,ff c8 ff 77 4f 13 00 00
2025-10-25 13:20:49,202.43,0xff,0xc8,0xff,0x77,0x4f,0x13,ff c8 ff 77 4f 13 00 00
2025-10-25 13:20:49,202.43,0xff,0xc8,0xff,0x77,0x4f,0x13,ff c8 ff 77 4f 13 00 00
2025-10-25 13:20:49,202.43,0xff,0xc8,0xff,0x77,0x4f,0x13,ff c8 ff 77 4f 13 00 00
2025-10-25 13:20:49,202.43,0xff,0xc8,0xff,0x77,0x4f,0x13,ff c8 ff 77 4f 13 00 00
2025-10-25 13:20:49,202.43,0xff,0xc8,0xff,0x77,0x4f,0x13,ff c8 ff 77 4f 13 00 00
2025-10-25 13:20:49,202.43,0xff,0xc8,0xff,0x77,0x4f,0x13,ff c8 ff 77 4f 13 00 00
2025-10-25 13:20:49,202.43,0xff,0xc8,0xff,0x77,0x4f,0x13,ff c8 ff 77 4f 13 00 00
2025-10-25 13:20:49,202.43,0xff,0xc8,0xff,0x77,0x4f,0x13,ff c8 ff 77 4f 13 00 00
2025-10-25 13:20:49,202.43,0xff,0xc8,0xff,0x77,0x4f,0x13,ff c8 ff 77 4f 13 00 00
2025-10-25 13:20:49,202.43,0xff,0xc8,0xff,0x77,0x4f,0x13,ff c8 ff 77 4f 13 00 00
2025-10-25 13:20:49,202.43,0xff,0xc8,0xff,0x77,0x4f,0x13,ff c8 ff 77 4f 13 00 00
2025-10-25 13:20:49,202.43,0xff,0xc8,0xff,0x77,0x4f,0x13,ff c8 ff 77 4f 13 00 00
2025-10-25 13:20:49,202.43,0xff,0xc8,0xff,0x77,0x4f,0x13,ff c8 ff 77 4f 13 00 00
2025-10-25 13:20:49,202.43,0xff,0xc8,0xff,0x77,0x4f,0x13,ff c8 ff 77 4f 13 00 00
2025-10-25 13:20:49,202.43,0xff,0xc8,0xff,0x77,0x4f,0x13,ff c8 ff 77 4f 13 00 00
2025-10-25 13:20:49,202.43,0xff,0xc8,0xff,0x77,0x4f,0x13,ff c8 ff 77 4f 13 00 00
2025-10-25 13:20:49,202.43,0xff,0xc8,0xff,0x77,0x4f,0x13,ff c8 ff 77 4f 13 00 00
2025-10-25 13:20:49,202.43,0xff,0xc8,0xff,0x77,0x4f,0x13,ff c8 ff 77 4f 13 00 00
2025-10-25 13:20:49,202.43,0xff,0xc8,0xff,0x77,0x4f,0x13,ff c8 ff 77 4f 13 00 00
2025-10-25 13:20:49,202.43,0xff,0xc8,0xff,0x77,0x4f,0x13,ff c8 ff 77 4f 13 00 00
2025-10-25 13:20:49,202.43,0xff,0xc8,0xff,0x77,0x4f,0x13,ff c8 ff 77 4f 13 00 00
2025-10-25 13:20:49,202.43,0xff,0xc8,0xff,0x77,0x4f,0x13,ff c8 ff 77 4f 13 00 00
2025-10-25 13:20:49,202.43,0xff,0xc8,0xff,0x77,0x4f,0x13,ff c8 ff 77 4f 13 00 00
2025-10-25 13:20:49,202.43,0xff,0xc8,0xff,0x77,0x4f,0x13,ff c8 ff 77 4f 13 00 00
2025-10-25 13:20:49,202.43,0xff,0xc8,0xff,0x77,0x4f,0x13,ff c8 ff 77 4f 13 00 00
2025-10-25 13:20:49,202.43,0xff,0xc8,0xff,0x77,0x4f,0x13,ff c8 ff 77 4f 13 00 00
2025-10-25 13:20:49,202.43,0xff,0xc8,0xff,0x77,0x4f,0x13,ff c8 ff 77 4f 13 00 00
2025-10-25 13:20:49,204.5,0xff,0xc8,0xff,0x77,0x4f,0xe2,ff c8 ff 77 4f e2 00 00
2025-10-25 13:20:49,204.5,0xff,0xc8,0xff,0x77,0x4f,0xe2,ff c8 ff 77 4f e2 00 00
2025-10-25 13:20:49,205.75,0xff,0xc8,0xff,0x77,0x50,0x5f,ff c8 ff 77 50 5f 00 00
2025-10-25 13:20:49,205.75,0xff,0xc8,0xff,0x77,0x50,0x5f,ff c8 ff 77 50 5f 00 00
2025-10-25 13:20:49,205.75,0xff,0xc8,0xff,0x77,0x50,0x5f,ff c8 ff 77 50 5f 00 00
2025-10-25 13:20:49,206.25,0xff,0xc8,0xff,0x77,0x50,0x91,ff c8 ff 77 50 91 00 00
2025-10-25 13:20:49,206.25,0xff,0xc8,0xff,0x77,0x50,0x91,ff c8 ff 77 50 91 00 00
2025-10-25 13:20:49,206.25,0xff,0xc8,0xff,0x77,0x50,0x91,ff c8 ff 77 50 91 00 00
2025-10-25 13:20:49,206.25,0xff,0xc8,0xff,0x77,0x50,0x91,ff c8 ff 77 50 91 00 00
2025-10-25 13:20:49,206.25,0xff,0xc8,0xff,0x77,0x50,0x91,ff c8 ff 77 50 91 00 00
2025-10-25 13:20:49,206.75,0xff,0xc8,0xff,0x77,0x50,0xc3,ff c8 ff 77 50 c3 00 00
2025-10-25 13:20:50,206.75,0xff,0xc8,0xff,0x77,0x50,0xc3,ff c8 ff 77 50 c3 00 00
2025-10-25 13:20:50,206.75,0xff,0xc8,0xff,0x77,0x50,0xc3,ff c8 ff 77 50 c3 00 00
2025-10-25 13:20:50,207,0xff,0xc8,0xff,0x77,0x50,0xdc,ff c8 ff 77 50 dc 00 00
2025-10-25 13:20:50,207,0xff,0xc8,0xff,0x77,0x50,0xdc,ff c8 ff 77 50 dc 00 00
2025-10-25 13:20:50,207,0xff,0xc8,0xff,0x77,0x50,0xdc,ff c8 ff 77 50 dc 00 00
2025-10-25 13:20:50,206.75,0xff,0xc8,0xff,0x77,0x50,0xc3,ff c8 ff 77 50 c3 00 00
2025-10-25 13:20:50,206.75,0xff,0xc8,0xff,0x77,0x50,0xc3,ff c8 ff 77 50 c3 00 00
2025-10-25 13:20:50,206.75,0xff,0xc8,0xff,0x77,0x50,0xc3,ff c8 ff 77 50 c3 00 00
2025-10-25 13:20:50,206.75,0xff,0xc8,0xff,0x77,0x50,0xc3,ff c8 ff 77 50 c3 00 00
2025-10-25 13:20:50,206.75,0xff,0xc8,0xff,0x77,0x50,0xc3,ff c8 ff 77 50 c3 00 00
2025-10-25 13:20:50,206.75,0xff,0xc8,0xff,0x77,0x50,0xc3,ff c8 ff 77 50 c3 00 00
2025-10-25 13:20:50,206.75,0xff,0xc8,0xff,0x77,0x50,0xc3,ff c8 ff 77 50 c3 00 00
2025-10-25 13:20:50,206.75,0xff,0xc8,0xff,0x77,0x50,0xc3,ff c8 ff 77 50 c3 00 00
2025-10-25 13:20:50,206.75,0xff,0xc8,0xff,0x77,0x50,0xc3,ff c8 ff 77 50 c3 00 00
2025-10-25 13:20:50,206.75,0xff,0xc8,0xff,0x77,0x50,0xc3,ff c8 ff 77 50 c3 00 00
2025-10-25 13:20:50,206.75,0xff,0xc8,0xff,0x77,0x50,0xc3,ff c8 ff 77 50 c3 00 00
2025-10-25 13:20:50,206.75,0xff,0xc8,0xff,0x77,0x50,0xc3,ff c8 ff 77 50 c3 00 00
2025-10-25 13:20:50,206.75,0xff,0xc8,0xff,0x77,0x50,0xc3,ff c8 ff 77 50 c3 00 00
2025-10-25 13:20:50,206.75,0xff,0xc8,0xff,0x77,0x50,0xc3,ff c8 ff 77 50 c3 00 00
2025-10-25 13:20:50,206.75,0xff,0xc8,0xff,0x77,0x50,0xc3,ff c8 ff 77 50 c3 00 00
2025-10-25 13:20:50,206.75,0xff,0xc8,0xff,0x77,0x50,0xc3,ff c8 ff 77 50 c3 00 00
2025-10-25 13:20:50,206.75,0xff,0xc8,0xff,0x77,0x50,0xc3,ff c8 ff 77 50 c3 00 00
2025-10-25 13:20:50,206.75,0xff,0xc8,0xff,0x77,0x50,0xc3,ff c8 ff 77 50 c3 00 00
2025-10-25 13:20:50,206.75,0xff,0xc8,0xff,0x77,0x50,0xc3,ff c8 ff 77 50 c3 00 00
2025-10-25 13:20:50,206.75,0xff,0xc8,0xff,0x77,0x50,0xc3,ff c8 ff 77 50 c3 00 00
2025-10-25 13:20:50,206.75,0xff,0xc8,0xff,0x77,0x50,0xc3,ff c8 ff 77 50 c3 00 00
2025-10-25 13:20:50,206.75,0xff,0xc8,0xff,0x77,0x50,0xc3,ff c8 ff 77 50 c3 00 00
2025-10-25 13:20:50,206.75,0xff,0xc8,0xff,0x77,0x50,0xc3,ff c8 ff 77 50 c3 00 00
2025-10-25 13:20:50,206.75,0xff,0xc8,0xff,0x77,0x50,0xc3,ff c8 ff 77 50 c3 00 00
2025-10-25 13:20:50,206.75,0xff,0xc8,0xff,0x77,0x50,0xc3,ff c8 ff 77 50 c3 00 00
2025-10-25 13:20:50,206.75,0xff,0xc8,0xff,0x77,0x50,0xc3,ff c8 ff 77 50 c3 00 00
2025-10-25 13:20:50,209,0xff,0xc8,0xff,0x77,0x51,0xa4,ff c8 ff 77 51 a4 00 00
2025-10-25 13:20:50,209,0xff,0xc8,0xff,0x77,0x51,0xa4,ff c8 ff 77 51 a4 00 00
2025-10-25 13:20:50,210,0xff,0xc8,0xff,0x77,0x52,0x08,ff c8 ff 77 52 08 00 00
2025-10-25 13:20:50,210,0xff,0xc8,0xff,0x77,0x52,0x08,ff c8 ff 77 52 08 00 00
2025-10-25 13:20:50,210,0xff,0xc8,0xff,0x77,0x52,0x08,ff c8 ff 77 52 08 00 00
2025-10-25 13:20:50,209.43,0xff,0xbc,0xff,0x4b,0x51,0xcf,ff bc ff 4b 51 cf 00 00
2025-10-25 13:20:50,209.43,0xff,0xbc,0xff,0x4b,0x51,0xcf,ff bc ff 4b 51 cf 00 00
2025-10-25 13:20:50,209.43,0xff,0xb5,0xff,0x38,0x51,0xcf,ff b5 ff 38 51 cf 00 00
2025-10-25 13:20:50,209.43,0xff,0xb5,0xff,0x38,0x51,0xcf,ff b5 ff 38 51 cf 00 00
2025-10-25 13:20:50,209.43,0xff,0xb5,0xff,0x38,0x51,0xcf,ff b5 ff 38 51 cf 00 00
2025-10-25 13:20:50,209.43,0xff,0xbc,0xff,0x4b,0x51,0xcf,ff bc ff 4b 51 cf 00 00
2025-10-25 13:20:50,209.43,0xff,0xbc,0xff,0x4b,0x51,0xcf,ff bc ff 4b 51 cf 00 00
2025-10-25 13:20:50,209.43,0xff,0xbc,0xff,0x4b,0x51,0xcf,ff bc ff 4b 51 cf 00 00
2025-10-25 13:20:50,210.62,0xff,0xe1,0xff,0x58,0x52,0x46,ff e1 ff 58 52 46 00 00
2025-10-25 13:20:50,210.62,0xff,0xe1,0xff,0x58,0x52,0x46,ff e1 ff 58 52 46 00 00
2025-10-25 13:20:50,209.93,0xff,0xd5,0xff,0x45,0x52,0x01,ff d5 ff 45 52 01 00 00
2025-10-25 13:20:50,209.93,0xff,0xd5,0xff,0x45,0x52,0x01,ff d5 ff 45 52 01 00 00
2025-10-25 13:20:50,209.93,0xff,0xd5,0xff,0x45,0x52,0x01,ff d5 ff 45 52 01 00 00
2025-10-25 13:20:50,209.93,0xff,0xb5,0xff,0x38,0x52,0x01,ff b5 ff 38 52 01 00 00
2025-10-25 13:20:50,209.93,0xff,0xb5,0xff,0x38,0x52,0x01,ff b5 ff 38 52 01 00 00
2025-10-25 13:20:50,209.93,0xff,0xb5,0xff,0x38,0x52,0x01,ff b5 ff 38 52 01 00 00
2025-10-25 13:20:51,209.93,0xff,0xbc,0xff,0x38,0x52,0x01,ff bc ff 38 52 01 00 00
2025-10-25 13:20:51,209.93,0xff,0xbc,0xff,0x38,0x52,0x01,ff bc ff 38 52 01 00 00
2025-10-25 13:20:51,209.93,0xff,0xbc,0xff,0x38,0x52,0x01,ff bc ff 38 52 01 00 00
2025-10-25 13:20:51,209.93,0xff,0xbc,0xff,0x38,0x52,0x01,ff bc ff 38 52 01 00 00
2025-10-25 13:20:51,209.93,0xff,0xbc,0xff,0x38,0x52,0x01,ff bc ff 38 52 01 00 00
2025-10-25 13:20:51,209.93,0xff,0xbc,0xff,0x38,0x52,0x01,ff bc ff 38 52 01 00 00
2025-10-25 13:20:51,209.93,0xff,0xbc,0xff,0x38,0x52,0x01,ff bc ff 38 52 01 00 00
2025-10-25 13:20:51,209.93,0xff,0xbc,0xff,0x38,0x52,0x01,ff bc ff 38 52 01 00 00
2025-10-25 13:20:51,209.93,0xff,0xbc,0xff,0x38,0x52,0x01,ff bc ff 38 52 01 00 00
2025-10-25 13:20:51,209.93,0xff,0xbc,0xff,0x38,0x52,0x01,ff bc ff 38 52 01 00 00
2025-10-25 13:20:51,209.93,0xff,0xbc,0xff,0x38,0x52,0x01,ff bc ff 38 52 01 00 00
2025-10-25 13:20:51,209.93,0xff,0xbc,0xff,0x38,0x52,0x01,ff bc ff 38 52 01 00 00
2025-10-25 13:20:51,209.93,0xff,0xbc,0xff,0x38,0x52,0x01,ff bc ff 38 52 01 00 00
2025-10-25 13:20:51,209.93,0xff,0xbc,0xff,0x38,0x52,0x01,ff bc ff 38 52 01 00 00
2025-10-25 13:20:51,209.93,0xff,0xbc,0xff,0x38,0x52,0x01,ff bc ff 38 52 01 00 00
2025-10-25 13:20:51,209.93,0xff,0xbc,0xff,0x38,0x52,0x01,ff bc ff 38 52 01 00 00
2025-10-25 13:20:51,209.93,0xff,0xbc,0xff,0x38,0x52,0x01,ff bc ff 38 52 01 00 00
2025-10-25 13:20:51,209.93,0xff,0xbc,0xff,0x38,0x52,0x01,ff bc ff 38 52 01 00 00
2025-10-25 13:20:51,209.93,0xff,0xbc,0xff,0x38,0x52,0x01,ff bc ff 38 52 01 00 00
2025-10-25 13:20:51,209.93,0xff,0xbc,0xff,0x38,0x52,0x01,ff bc ff 38 52 01 00 00
2025-10-25 13:20:51,209.93,0xff,0xbc,0xff,0x38,0x52,0x01,ff bc ff 38 52 01 00 00
2025-10-25 13:20:51,209.93,0xff,0xbc,0xff,0x38,0x52,0x01,ff bc ff 38 52 01 00 00
2025-10-25 13:20:51,209.93,0xff,0xbc,0xff,0x38,0x52,0x01,ff bc ff 38 52 01 00 00
2025-10-25 13:20:51,209.93,0xff,0xbc,0xff,0x38,0x52,0x01,ff bc ff 38 52 01 00 00
2025-10-25 13:20:51,209.93,0xff,0xbc,0xff,0x38,0x52,0x01,ff bc ff 38 52 01 00 00
2025-10-25 13:20:51,209.93,0xff,0xbc,0xff,0x38,0x52,0x01,ff bc ff 38 52 01 00 00
2025-10-25 13:20:51,209.93,0xff,0xbc,0xff,0x38,0x52,0x01,ff bc ff 38 52 01 00 00
2025-10-25 13:20:51,212.06,0xff,0xbc,0xff,0x38,0x52,0xd6,ff bc ff 38 52 d6 00 00
2025-10-25 13:20:51,212.06,0xff,0xbc,0xff,0x38,0x52,0xd6,ff bc ff 38 52 d6 00 00
2025-10-25 13:20:51,213.06,0xff,0xbc,0xff,0x5e,0x53,0x3a,ff bc ff 5e 53 3a 00 00
2025-10-25 13:20:51,213.06,0xff,0xbc,0xff,0x5e,0x53,0x3a,ff bc ff 5e 53 3a 00 00
2025-10-25 13:20:51,213.06,0xff,0xbc,0xff,0x5e,0x53,0x3a,ff bc ff 5e 53 3a 00 00
2025-10-25 13:20:51,213.5,0xff,0xc8,0xff,0x77,0x53,0x66,ff c8 ff 77 53 66 00 00
2025-10-25 13:20:51,213.5,0xff,0xc8,0xff,0x77,0x53,0x66,ff c8 ff 77 53 66 00 00
2025-10-25 13:20:51,213.5,0xff,0xc8,0xff,0x77,0x53,0x66,ff c8 ff 77 53 66 00 00
2025-10-25 13:20:51,213.93,0xff,0xce,0xff,0x77,0x53,0x91,ff ce ff 77 53 91 00 00
2025-10-25 13:20:51,213.93,0xff,0xce,0xff,0x77,0x53,0x91,ff ce ff 77 53 91 00 00
2025-10-25 13:20:51,214.81,0xff,0xdb,0xff,0x71,0x53,0xe9,ff db ff 71 53 e9 00 00
2025-10-25 13:20:51,214.81,0xff,0xdb,0xff,0x71,0x53,0xe9,ff db ff 71 53 e9 00 00
2025-10-25 13:20:51,214.81,0xff,0xdb,0xff,0x71,0x53,0xe9,ff db ff 71 53 e9 00 00
2025-10-25 13:20:51,214.37,0xff,0xce,0xff,0x58,0x53,0xbd,ff ce ff 58 53 bd 00 00
2025-10-25 13:20:51,214.37,0xff,0xce,0xff,0x58,0x53,0xbd,ff ce ff 58 53 bd 00 00
2025-10-25 13:20:51,214.37,0xff,0xce,0xff,0x58,0x53,0xbd,ff ce ff 58 53 bd 00 00
2025-10-25 13:20:51,214.5,0xff,0xbc,0xff,0x4b,0x53,0xca,ff bc ff 4b 53 ca 00 00
2025-10-25 13:20:51,214.5,0xff,0xbc,0xff,0x4b,0x53,0xca,ff bc ff 4b 53 ca 00 00
2025-10-25 13:20:51,214.5,0xff,0xc8,0xff,0x45,0x53,0xca,ff c8 ff 45 53 ca 00 00
2025-10-25 13:20:51,214.5,0xff,0xc8,0xff,0x45,0x53,0xca,ff c8 ff 45 53 ca 00 00
2025-10-25 13:20:51,214.5,0xff,0xc8,0xff,0x45,0x53,0xca,ff c8 ff 45 53 ca 00 00
2025-10-25 13:20:51,214.5,0xff,0xc8,0xff,0x45,0x53,0xca,ff c8 ff 45 53 ca 00 00
2025-10-25 13:20:51,214.5,0xff,0xc8,0xff,0x45,0x53,0xca,ff c8 ff 45 53 ca 00 00
2025-10-25 13:20:51,214.5,0xff,0xc8,0xff,0x45,0x53,0xca,ff c8 ff 45 53 ca 00 00
2025-10-25 13:20:52,214.5,0xff,0xc8,0xff,0x45,0x53,0xca,ff c8 ff 45 53 ca 00 00
2025-10-25 13:20:52,214.5,0xff,0xc8,0xff,0x45,0x53,0xca,ff c8 ff 45 53 ca 00 00
2025-10-25 13:20:52,214.5,0xff,0xc8,0xff,0x45,0x53,0xca,ff c8 ff 45 53 ca 00 00
2025-10-25 13:20:52,214.5,0xff,0xc8,0xff,0x45,0x53,0xca,ff c8 ff 45 53 ca 00 00
2025-10-25 13:20:52,214.5,0xff,0xc8,0xff,0x45,0x53,0xca,ff c8 ff 45 53 ca 00 00
2025-10-25 13:20:52,214.5,0xff,0xc8,0xff,0x45,0x53,0xca,ff c8 ff 45 53 ca 00 00
2025-10-25 13:20:52,214.5,0xff,0xc8,0xff,0x45,0x53,0xca,ff c8 ff 45 53 ca 00 00
2025-10-25 13:20:52,214.5,0xff,0xc8,0xff,0x45,0x53,0xca,ff c8 ff 45 53 ca 00 00
2025-10-25 13:20:52,214.5,0xff,0xc8,0xff,0x45,0x53,0xca,ff c8 ff 45 53 ca 00 00
2025-10-25 13:20:52,214.5,0xff,0xc8,0xff,0x45,0x53,0xca,ff c8 ff 45 53 ca 00 00
2025-10-25 13:20:52,214.5,0xff,0xc8,0xff,0x45,0x53,0xca,ff c8 ff 45 53 ca 00 00
2025-10-25 13:20:52,214.5,0xff,0xc8,0xff,0x45,0x53,0xca,ff c8 ff 45 53 ca 00 00
2025-10-25 13:20:52,214.5,0xff,0xc8,0xff,0x45,0x53,0xca,ff c8 ff 45 53 ca 00 00
2025-10-25 13:20:52,214.5,0xff,0xc8,0xff,0x45,0x53,0xca,ff c8 ff 45 53 ca 00 00
2025-10-25 13:20:52,214.5,0xff,0xc8,0xff,0x45,0x53,0xca,ff c8 ff 45 53 ca 00 00
2025-10-25 13:20:52,214.5,0xff,0xc8,0xff,0x45,0x53,0xca,ff c8 ff 45 53 ca 00 00
2025-10-25 13:20:52,214.5,0xff,0xc8,0xff,0x45,0x53,0xca,ff c8 ff 45 53 ca 00 00
2025-10-25 13:20:52,214.5,0xff,0xc8,0xff,0x45,0x53,0xca,ff c8 ff 45 53 ca 00 00
2025-10-25 13:20:52,214.5,0xff,0xc8,0xff,0x45,0x53,0xca,ff c8 ff 45 53 ca 00 00
2025-10-25 13:20:52,214.5,0xff,0xc8,0xff,0x45,0x53,0xca,ff c8 ff 45 53 ca 00 00
2025-10-25 13:20:52,214.5,0xff,0xc8,0xff,0x45,0x53,0xca,ff c8 ff 45 53 ca 00 00
2025-10-25 13:20:52,214.5,0xff,0xc8,0xff,0x45,0x53,0xca,ff c8 ff 45 53 ca 00 00
2025-10-25 13:20:52,214.5,0xff,0xc8,0xff,0x45,0x53,0xca,ff c8 ff 45 53 ca 00 00
2025-10-25 13:20:52,214.5,0xff,0xc8,0xff,0x45,0x53,0xca,ff c8 ff 45 53 ca 00 00
2025-10-25 13:20:52,214.5,0xff,0xc8,0xff,0x45,0x53,0xca,ff c8 ff 45 53 ca 00 00
2025-10-25 13:20:52,214.5,0xff,0xc8,0xff,0x45,0x53,0xca,ff c8 ff 45 53 ca 00 00
2025-10-25 13:20:52,214.5,0xff,0xc8,0xff,0x45,0x53,0xca,ff c8 ff 45 53 ca 00 00
2025-10-25 13:20:52,214.5,0xff,0xc8,0xff,0x45,0x53,0xca,ff c8 ff 45 53 ca 00 00
2025-10-25 13:20:52,214.5,0xff,0xc8,0xff,0x45,0x53,0xca,ff c8 ff 45 53 ca 00 00
2025-10-25 13:20:52,214.5,0xff,0xc8,0xff,0x45,0x53,0xca,ff c8 ff 45 53 ca 00 00
2025-10-25 13:20:52,214.5,0xff,0xc8,0xff,0x45,0x53,0xca,ff c8 ff 45 53 ca 00 00
2025-10-25 13:20:52,214.5,0xff,0xc8,0xff,0x45,0x53,0xca,ff c8 ff 45 53 ca 00 00
2025-10-25 13:20:52,214.5,0xff,0xc8,0xff,0x45,0x53,0xca,ff c8 ff 45 53 ca 00 00
2025-10-25 13:20:52,216.5,0xff,0xc8,0xff,0x45,0x54,0x92,ff c8 ff 45 54 92 00 00
2025-10-25 13:20:52,216.5,0xff,0xc8,0xff,0x45,0x54,0x92,ff c8 ff 45 54 92 00 00
2025-10-25 13:20:52,216.5,0xff,0xc8,0xff,0x45,0x54,0x92,ff c8 ff 45 54 92 00 00
2025-10-25 13:20:52,217.62,0xff,0xc8,0xff,0x45,0x55,0x02,ff c8 ff 45 55 02 00 00
2025-10-25 13:20:52,217.62,0xff,0xc8,0xff,0x45,0x55,0x02,ff c8 ff 45 55 02 00 00
2025-10-25 13:20:52,217.62,0xff,0xc8,0xff,0x45,0x55,0x02,ff c8 ff 45 55 02 00 00
2025-10-25 13:20:52,218.06,0xff,0xc8,0xff,0x45,0x55,0x2e,ff c8 ff 45 55 2e 00 00
2025-10-25 13:20:52,218.06,0xff,0xc8,0xff,0x45,0x55,0x2e,ff c8 ff 45 55 2e 00 00
2025-10-25 13:20:52,218.06,0xff,0xc8,0xff,0x45,0x55,0x2e,ff c8 ff 45 55 2e 00 00
2025-10-25 13:20:52,218.06,0xff,0xc8,0xff,0x45,0x55,0x2e,ff c8 ff 45 55 2e 00 00
2025-10-25 13:20:52,218.68,0xff,0xc8,0xff,0x45,0x55,0x6c,ff c8 ff 45 55 6c 00 00
2025-10-25 13:20:52,218.68,0xff,0xc8,0xff,0x45,0x55,0x6c,ff c8 ff 45 55 6c 00 00
2025-10-25 13:20:52,218.68,0xff,0xc8,0xff,0x45,0x55,0x6c,ff c8 ff 45 55 6c 00 00
2025-10-25 13:20:52,218.81,0xff,0xc8,0xff,0x45,0x55,0x79,ff c8 ff 45 55 79 00 00
2025-10-25 13:20:52,218.81,0xff,0xc8,0xff,0x45,0x55,0x79,ff c8 ff 45 55 79 00 00
2025-10-25 13:20:52,218.81,0xff,0xc8,0xff,0x45,0x55,0x79,ff c8 ff 45 55 79 00 00
2025-10-25 13:20:52,219.56,0xff,0xc8,0xff,0x45,0x55,0xc4,ff c8 ff 45 55 c4 00 00
2025-10-25 13:20:52,219.56,0xff,0xc8,0xff,0x45,0x55,0xc4,ff c8 ff 45 55 c4 00 00
2025-10-25 13:20:52,219.56,0xff,0xc8,0xff,0x45,0x55,0xc4,ff c8 ff 45 55 c4 00 00
2025-10-25 13:20:53,219.56,0xff,0xc8,0xff,0x45,0x55,0xc4,ff c8 ff 45 55 c4 00 00
2025-10-25 13:20:53,219.56,0xff,0xc8,0xff,0x45,0x55,0xc4,ff c8 ff 45 55 c4 00 00
2025-10-25 13:20:53,219.87,0xff,0xa9,0xff,0x51,0x55,0xe3,ff a9 ff 51 55 e3 00 00
2025-10-25 13:20:53,219.87,0xff,0xa9,0xff,0x51,0x55,0xe3,ff a9 ff 51 55 e3 00 00
2025-10-25 13:20:53,219.87,0xff,0xa9,0xff,0x51,0x55,0xe3,ff a9 ff 51 55 e3 00 00
2025-10-25 13:20:53,219.5,0xff,0x9c,0xff,0x58,0x55,0xbe,ff 9c ff 58 55 be 00 00
2025-10-25 13:20:53,219.5,0xff,0x9c,0xff,0x58,0x55,0xbe,ff 9c ff 58 55 be 00 00
2025-10-25 13:20:53,219.87,0xff,0xb5,0xff,0x64,0x55,0xe3,ff b5 ff 64 55 e3 00 00
2025-10-25 13:20:53,219.87,0xff,0xb5,0xff,0x64,0x55,0xe3,ff b5 ff 64 55 e3 00 00
2025-10-25 13:20:53,219.87,0xff,0xb5,0xff,0x64,0x55,0xe3,ff b5 ff 64 55 e3 00 00
2025-10-25 13:20:53,219.87,0xff,0xc2,0xff,0x5e,0x55,0xe3,ff c2 ff 5e 55 e3 00 00
2025-10-25 13:20:53,219.87,0xff,0xc2,0xff,0x5e,0x55,0xe3,ff c2 ff 5e 55 e3 00 00
2025-10-25 13:20:53,219.87,0xff,0xc2,0xff,0x5e,0x55,0xe3,ff c2 ff 5e 55 e3 00 00
2025-10-25 13:20:53,219.87,0xff,0xaf,0xff,0x51,0x55,0xe3,ff af ff 51 55 e3 00 00
2025-10-25 13:20:53,219.87,0xff,0xaf,0xff,0x51,0x55,0xe3,ff af ff 51 55 e3 00 00
2025-10-25 13:20:53,219.56,0xff,0xb5,0xff,0x38,0x55,0xc4,ff b5 ff 38 55 c4 00 00
2025-10-25 13:20:53,219.56,0xff,0xb5,0xff,0x38,0x55,0xc4,ff b5 ff 38 55 c4 00 00
2025-10-25 13:20:53,219.56,0xff,0xc2,0xff,0x4b,0x55,0xc4,ff c2 ff 4b 55 c4 00 00
2025-10-25 13:20:53,219.56,0xff,0xc2,0xff,0x4b,0x55,0xc4,ff c2 ff 4b 55 c4 00 00
2025-10-25 13:20:53,219.56,0xff,0xc2,0xff,0x4b,0x55,0xc4,ff c2 ff 4b 55 c4 00 00
2025-10-25 13:20:53,219.56,0xff,0xc2,0xff,0x4b,0x55,0xc4,ff c2 ff 4b 55 c4 00 00
2025-10-25 13:20:53,219.56,0xff,0xc2,0xff,0x4b,0x55,0xc4,ff c2 ff 4b 55 c4 00 00
2025-10-25 13:20:53,219.56,0xff,0xc2,0xff,0x4b,0x55,0xc4,ff c2 ff 4b 55 c4 00 00
2025-10-25 13:20:53,219.56,0xff,0xc2,0xff,0x4b,0x55,0xc4,ff c2 ff 4b 55 c4 00 00
2025-10-25 13:20:53,219.56,0xff,0xc2,0xff,0x4b,0x55,0xc4,ff c2 ff 4b 55 c4 00 00
2025-10-25 13:20:53,219.56,0xff,0xc2,0xff,0x4b,0x55,0xc4,ff c2 ff 4b 55 c4 00 00
2025-10-25 13:20:53,219.56,0xff,0xc2,0xff,0x4b,0x55,0xc4,ff c2 ff 4b 55 c4 00 00
2025-10-25 13:20:53,219.56,0xff,0xc2,0xff,0x4b,0x55,0xc4,ff c2 ff 4b 55 c4 00 00
2025-10-25 13:20:53,221.75,0xff,0xc2,0xff,0x4b,0x56,0x9f,ff c2 ff 4b 56 9f 00 00
2025-10-25 13:20:53,221.75,0xff,0xc2,0xff,0x4b,0x56,0x9f,ff c2 ff 4b 56 9f 00 00
2025-10-25 13:20:53,221.75,0xff,0xc2,0xff,0x4b,0x56,0x9f,ff c2 ff 4b 56 9f 00 00
2025-10-25 13:20:53,222.81,0xff,0xc2,0xff,0x4b,0x57,0x09,ff c2 ff 4b 57 09 00 00
2025-10-25 13:20:53,222.81,0xff,0xc2,0xff,0x4b,0x57,0x09,ff c2 ff 4b 57 09 00 00
2025-10-25 13:20:53,223.56,0xff,0xc2,0xff,0x4b,0x57,0x54,ff c2 ff 4b 57 54 00 00
2025-10-25 13:20:53,223.56,0xff,0xc2,0xff,0x4b,0x57,0x54,ff c2 ff 4b 57 54 00 00
2025-10-25 13:20:53,223.56,0xff,0xc2,0xff,0x4b,0x57,0x54,ff c2 ff 4b 57 54 00 00
2025-10-25 13:20:53,224.62,0xff,0xc2,0xff,0x4b,0x57,0xbe,ff c2 ff 4b 57 be 00 00
2025-10-25 13:20:53,224.62,0xff,0xc2,0xff,0x4b,0x57,0xbe,ff c2 ff 4b 57 be 00 00
2025-10-25 13:20:53,224.93,0xff,0xc2,0xff,0x4b,0x57,0xdd,ff c2 ff 4b 57 dd 00 00
2025-10-25 13:20:53,224.93,0xff,0xc2,0xff,0x4b,0x57,0xdd,ff c2 ff 4b 57 dd 00 00
2025-10-25 13:20:53,224.93,0xff,0xc2,0xff,0x4b,0x57,0xdd,ff c2 ff 4b 57 dd 00 00
2025-10-25 13:20:53,225.68,0xff,0xc2,0xff,0x4b,0x58,0x28,ff c2 ff 4b 58 28 00 00
2025-10-25 13:20:53,225.68,0xff,0xc2,0xff,0x4b,0x58,0x28,ff c2 ff 4b 58 28 00 00
2025-10-25 13:20:53,225.68,0xff,0xc2,0xff,0x4b,0x58,0x28,ff c2 ff 4b 58 28 00 00
2025-10-25 13:20:53,226.37,0xff,0xc2,0xff,0x4b,0x58,0x6d,ff c2 ff 4b 58 6d 00 00
2025-10-25 13:20:53,226.37,0xff,0xc2,0xff,0x4b,0x58,0x6d,ff c2 ff 4b 58 6d 00 00
2025-10-25 13:20:53,226.37,0xff,0xc2,0xff,0x4b,0x58,0x6d,ff c2 ff 4b 58 6d 00 00
2025-10-25 13:20:53,226.37,0xff,0xc2,0xff,0x4b,0x58,0x6d,ff c2 ff 4b 58 6d 00 00
2025-10-25 13:20:53,226.37,0xff,0xc2,0xff,0x4b,0x58,0x6d,ff c2 ff 4b 58 6d 00 00
2025-10-25 13:20:53,226.37,0xff,0xc2,0xff,0x4b,0x58,0x6d,ff c2 ff 4b 58 6d 00 00
2025-10-25 13:20:53,226.37,0xff,0xc2,0xff,0x4b,0x58,0x6d,ff c2 ff 4b 58 6d 00 00
2025-10-25 13:20:53,226.37,0xff,0xc2,0xff,0x4b,0x58,0x6d,ff c2 ff 4b 58 6d 00 00
2025-10-25 13:20:54,226.37,0xff,0xc2,0xff,0x4b,0x58,0x6d,ff c2 ff 4b 58 6d 00 00
2025-10-25 13:20:54,226.37,0xff,0xc2,0xff,0x4b,0x58,0x6d,ff c2 ff 4b 58 6d 00 00
2025-10-25 13:20:54,226.37,0xff,0xc2,0xff,0x4b,0x58,0x6d,ff c2 ff 4b 58 6d 00 00
2025-10-25 13:20:54,226.37,0xff,0xc2,0xff,0x4b,0x58,0x6d,ff c2 ff 4b 58 6d 00 00
2025-10-25 13:20:54,226.37,0xff,0xc2,0xff,0x4b,0x58,0x6d,ff c2 ff 4b 58 6d 00 00
2025-10-25 13:20:54,226.37,0xff,0xc2,0xff,0x4b,0x58,0x6d,ff c2 ff 4b 58 6d 00 00
2025-10-25 13:20:54,226.37,0xff,0xc2,0xff,0x4b,0x58,0x6d,ff c2 ff 4b 58 6d 00 00
2025-10-25 13:20:54,226.37,0xff,0xc2,0xff,0x4b,0x58,0x6d,ff c2 ff 4b 58 6d 00 00
2025-10-25 13:20:54,226.37,0xff,0xc2,0xff,0x4b,0x58,0x6d,ff c2 ff 4b 58 6d 00 00
2025-10-25 13:20:54,226.37,0xff,0xc2,0xff,0x4b,0x58,0x6d,ff c2 ff 4b 58 6d 00 00
2025-10-25 13:20:54,226.37,0xff,0xc2,0xff,0x4b,0x58,0x6d,ff c2 ff 4b 58 6d 00 00
2025-10-25 13:20:54,226.37,0xff,0xc2,0xff,0x4b,0x58,0x6d,ff c2 ff 4b 58 6d 00 00
2025-10-25 13:20:54,228.43,0xff,0xc2,0xff,0x4b,0x59,0x3b,ff c2 ff 4b 59 3b 00 00
2025-10-25 13:20:54,228.43,0xff,0xc2,0xff,0x4b,0x59,0x3b,ff c2 ff 4b 59 3b 00 00
2025-10-25 13:20:54,229.12,0xff,0xc2,0xff,0x4b,0x59,0x80,ff c2 ff 4b 59 80 00 00
2025-10-25 13:20:54,229.12,0xff,0xc2,0xff,0x4b,0x59,0x80,ff c2 ff 4b 59 80 00 00
2025-10-25 13:20:54,229.12,0xff,0xc2,0xff,0x4b,0x59,0x80,ff c2 ff 4b 59 80 00 00
2025-10-25 13:20:54,230.12,0xff,0xc2,0xff,0x4b,0x59,0xe4,ff c2 ff 4b 59 e4 00 00
2025-10-25 13:20:54,230.12,0xff,0xc2,0xff,0x4b,0x59,0xe4,ff c2 ff 4b 59 e4 00 00
2025-10-25 13:20:54,229.75,0xff,0xc2,0xff,0x4b,0x59,0xbf,ff c2 ff 4b 59 bf 00 00
2025-10-25 13:20:54,229.75,0xff,0xc2,0xff,0x4b,0x59,0xbf,ff c2 ff 4b 59 bf 00 00
2025-10-25 13:20:54,229.75,0xff,0xc2,0xff,0x4b,0x59,0xbf,ff c2 ff 4b 59 bf 00 00
2025-10-25 13:20:54,230.43,0xff,0xc2,0xff,0x4b,0x5a,0x03,ff c2 ff 4b 5a 03 00 00
2025-10-25 13:20:54,230.43,0xff,0xc2,0xff,0x4b,0x5a,0x03,ff c2 ff 4b 5a 03 00 00
2025-10-25 13:20:54,230.43,0xff,0xc2,0xff,0x4b,0x5a,0x03,ff c2 ff 4b 5a 03 00 00
2025-10-25 13:20:54,231.06,0xff,0xc2,0xff,0x4b,0x5a,0x42,ff c2 ff 4b 5a 42 00 00
2025-10-25 13:20:54,231.06,0xff,0xc2,0xff,0x4b,0x5a,0x42,ff c2 ff 4b 5a 42 00 00
2025-10-25 13:20:54,231.75,0xff,0xc2,0xff,0x4b,0x5a,0x87,ff c2 ff 4b 5a 87 00 00
2025-10-25 13:20:54,231.75,0xff,0xc2,0xff,0x4b,0x5a,0x87,ff c2 ff 4b 5a 87 00 00
2025-10-25 13:20:54,231.75,0xff,0xc2,0xff,0x4b,0x5a,0x87,ff c2 ff 4b 5a 87 00 00
2025-10-25 13:20:54,231.75,0xff,0xc2,0xff,0x4b,0x5a,0x87,ff c2 ff 4b 5a 87 00 00
2025-10-25 13:20:54,231.75,0xff,0xc2,0xff,0x4b,0x5a,0x87,ff c2 ff 4b 5a 87 00 00
2025-10-25 13:20:54,231.75,0xff,0xc2,0xff,0x4b,0x5a,0x87,ff c2 ff 4b 5a 87 00 00
2025-10-25 13:20:54,231.75,0xff,0xc2,0xff,0x4b,0x5a,0x87,ff c2 ff 4b 5a 87 00 00
2025-10-25 13:20:54,231.75,0xff,0xc2,0xff,0x4b,0x5a,0x87,ff c2 ff 4b 5a 87 00 00
2025-10-25 13:20:54,231.75,0xff,0xc2,0xff,0x4b,0x5a,0x87,ff c2 ff 4b 5a 87 00 00
2025-10-25 13:20:54,231.75,0xff,0xc2,0xff,0x4b,0x5a,0x87,ff c2 ff 4b 5a 87 00 00
2025-10-25 13:20:54,231.75,0xff,0xc2,0xff,0x4b,0x5a,0x87,ff c2 ff 4b 5a 87 00 00
2025-10-25 13:20:54,231.75,0xff,0xc2,0xff,0x4b,0x5a,0x87,ff c2 ff 4b 5a 87 00 00
2025-10-25 13:20:54,231.75,0xff,0xc2,0xff,0x4b,0x5a,0x87,ff c2 ff 4b 5a 87 00 00
2025-10-25 13:20:54,231.75,0xff,0xc2,0xff,0x4b,0x5a,0x87,ff c2 ff 4b 5a 87 00 00
2025-10-25 13:20:54,231.75,0xff,0xc2,0xff,0x4b,0x5a,0x87,ff c2 ff 4b 5a 87 00 00
2025-10-25 13:20:54,231.75,0xff,0xc2,0xff,0x4b,0x5a,0x87,ff c2 ff 4b 5a 87 00 00
2025-10-25 13:20:54,231.75,0xff,0xc2,0xff,0x4b,0x5a,0x87,ff c2 ff 4b 5a 87 00 00
2025-10-25 13:20:54,231.75,0xff,0xc2,0xff,0x4b,0x5a,0x87,ff c2 ff 4b 5a 87 00 00
2025-10-25 13:20:54,231.75,0xff,0xc2,0xff,0x4b,0x5a,0x87,ff c2 ff 4b 5a 87 00 00
2025-10-25 13:20:54,231.75,0xff,0xc2,0xff,0x4b,0x5a,0x87,ff c2 ff 4b 5a 87 00 00
2025-10-25 13:20:54,231.75,0xff,0xc2,0xff,0x4b,0x5a,0x87,ff c2 ff 4b 5a 87 00 00
2025-10-25 13:20:54,231.75,0xff,0xc2,0xff,0x4b,0x5a,0x87,ff c2 ff 4b 5a 87 00 00
2025-10-25 13:20:54,231.75,0xff,0xc2,0xff,0x4b,0x5a,0x87,ff c2 ff 4b 5a 87 00 00
2025-10-25 13:20:54,231.75,0xff,0xc2,0xff,0x4b,0x5a,0x87,ff c2 ff 4b 5a 87 00 00
2025-10-25 13:20:55,231.75,0xff,0xc2,0xff,0x4b,0x5a,0x87,ff c2 ff 4b 5a 87 00 00
2025-10-25 13:20:55,231.75,0xff,0xc2,0xff,0x4b,0x5a,0x87,ff c2 ff 4b 5a 87 00 00
2025-10-25 13:20:55,231.75,0xff,0xc2,0xff,0x4b,0x5a,0x87,ff c2 ff 4b 5a 87 00 00
2025-10-25 13:20:55,231.75,0xff,0xc2,0xff,0x4b,0x5a,0x87,ff c2 ff 4b 5a 87 00 00
2025-10-25 13:20:55,231.75,0xff,0xc2,0xff,0x4b,0x5a,0x87,ff c2 ff 4b 5a 87 00 00
2025-10-25 13:20:55,231.75,0xff,0xc2,0xff,0x4b,0x5a,0x87,ff c2 ff 4b 5a 87 00 00
2025-10-25 13:20:55,231.75,0xff,0xc2,0xff,0x4b,0x5a,0x87,ff c2 ff 4b 5a 87 00 00
2025-10-25 13:20:55,231.75,0xff,0xc2,0xff,0x4b,0x5a,0x87,ff c2 ff 4b 5a 87 00 00
2025-10-25 13:20:55,231.75,0xff,0xc2,0xff,0x4b,0x5a,0x87,ff c2 ff 4b 5a 87 00 00
2025-10-25 13:20:55,231.75,0xff,0xc2,0xff,0x4b,0x5a,0x87,ff c2 ff 4b 5a 87 00 00
2025-10-25 13:20:55,231.75,0xff,0xc2,0xff,0x4b,0x5a,0x87,ff c2 ff 4b 5a 87 00 00
2025-10-25 13:20:55,231.75,0xff,0xc2,0xff,0x4b,0x5a,0x87,ff c2 ff 4b 5a 87 00 00
2025-10-25 13:20:55,231.75,0xff,0xc2,0xff,0x4b,0x5a,0x87,ff c2 ff 4b 5a 87 00 00
2025-10-25 13:20:55,233.31,0xff,0xc2,0xff,0x4b,0x5b,0x23,ff c2 ff 4b 5b 23 00 00
2025-10-25 13:20:55,233.31,0xff,0xc2,0xff,0x4b,0x5b,0x23,ff c2 ff 4b 5b 23 00 00
2025-10-25 13:20:55,234.12,0xff,0xc2,0xff,0x4b,0x5b,0x74,ff c2 ff 4b 5b 74 00 00
2025-10-25 13:20:55,234.12,0xff,0xc2,0xff,0x4b,0x5b,0x74,ff c2 ff 4b 5b 74 00 00
2025-10-25 13:20:55,234.12,0xff,0xc2,0xff,0x4b,0x5b,0x74,ff c2 ff 4b 5b 74 00 00
2025-10-25 13:20:55,234.75,0xff,0xc2,0xff,0x4b,0x5b,0xb3,ff c2 ff 4b 5b b3 00 00
2025-10-25 13:20:55,234.75,0xff,0xc2,0xff,0x4b,0x5b,0xb3,ff c2 ff 4b 5b b3 00 00
2025-10-25 13:20:55,235,0xff,0xc2,0xff,0x4b,0x5b,0xcc,ff c2 ff 4b 5b cc 00 00
2025-10-25 13:20:55,235,0xff,0xc2,0xff,0x4b,0x5b,0xcc,ff c2 ff 4b 5b cc 00 00
2025-10-25 13:20:55,235,0xff,0xc2,0xff,0x4b,0x5b,0xcc,ff c2 ff 4b 5b cc 00 00
2025-10-25 13:20:55,235.37,0xff,0xc2,0xff,0x4b,0x5b,0xf1,ff c2 ff 4b 5b f1 00 00
2025-10-25 13:20:55,235.37,0xff,0xc2,0xff,0x4b,0x5b,0xf1,ff c2 ff 4b 5b f1 00 00
2025-10-25 13:20:55,235.37,0xff,0xc2,0xff,0x4b,0x5b,0xf1,ff c2 ff 4b 5b f1 00 00
2025-10-25 13:20:55,236,0xff,0xc2,0xff,0x4b,0x5c,0x30,ff c2 ff 4b 5c 30 00 00
2025-10-25 13:20:55,236,0xff,0xc2,0xff,0x4b,0x5c,0x30,ff c2 ff 4b 5c 30 00 00
2025-10-25 13:20:55,236,0xff,0xc2,0xff,0x4b,0x5c,0x30,ff c2 ff 4b 5c 30 00 00
2025-10-25 13:20:55,236,0xff,0xc2,0xff,0x4b,0x5c,0x30,ff c2 ff 4b 5c 30 00 00
2025-10-25 13:20:55,236,0xff,0xc2,0xff,0x4b,0x5c,0x30,ff c2 ff 4b 5c 30 00 00
2025-10-25 13:20:55,236,0xff,0xc2,0xff,0x4b,0x5c,0x30,ff c2 ff 4b 5c 30 00 00
2025-10-25 13:20:55,236,0xff,0xc2,0xff,0x4b,0x5c,0x30,ff c2 ff 4b 5c 30 00 00
2025-10-25 13:20:55,236,0xff,0xc2,0xff,0x4b,0x5c,0x30,ff c2 ff 4b 5c 30 00 00
2025-10-25 13:20:55,236,0xff,0xc2,0xff,0x4b,0x5c,0x30,ff c2 ff 4b 5c 30 00 00
2025-10-25 13:20:55,236,0xff,0xc2,0xff,0x4b,0x5c,0x30,ff c2 ff 4b 5c 30 00 00
2025-10-25 13:20:55,236,0xff,0xc2,0xff,0x4b,0x5c,0x30,ff c2 ff 4b 5c 30 00 00
2025-10-25 13:20:55,236,0xff,0xc2,0xff,0x4b,0x5c,0x30,ff c2 ff 4b 5c 30 00 00
2025-10-25 13:20:55,236,0xff,0xc2,0xff,0x4b,0x5c,0x30,ff c2 ff 4b 5c 30 00 00
2025-10-25 13:20:55,236,0xff,0xc2,0xff,0x4b,0x5c,0x30,ff c2 ff 4b 5c 30 00 00
2025-10-25 13:20:55,236,0xff,0xc2,0xff,0x4b,0x5c,0x30,ff c2 ff 4b 5c 30 00 00
2025-10-25 13:20:55,236,0xff,0xc2,0xff,0x4b,0x5c,0x30,ff c2 ff 4b 5c 30 00 00
2025-10-25 13:20:55,236,0xff,0xc2,0xff,0x4b,0x5c,0x30,ff c2 ff 4b 5c 30 00 00
2025-10-25 13:20:55,236,0xff,0xc2,0xff,0x4b,0x5c,0x30,ff c2 ff 4b 5c 30 00 00
2025-10-25 13:20:55,236,0xff,0xc2,0xff,0x4b,0x5c,0x30,ff c2 ff 4b 5c 30 00 00
2025-10-25 13:20:55,236,0xff,0xc2,0xff,0x4b,0x5c,0x30,ff c2 ff 4b 5c 30 00 00
2025-10-25 13:20:55,236,0xff,0xc2,0xff,0x4b,0x5c,0x30,ff c2 ff 4b 5c 30 00 00
2025-10-25 13:20:55,236,0xff,0xc2,0xff,0x4b,0x5c,0x30,ff c2 ff 4b 5c 30 00 00
2025-10-25 13:20:55,236,0xff,0xc2,0xff,0x4b,0x5c,0x30,ff c2 ff 4b 5c 30 00 00
2025-10-25 13:20:55,236,0xff,0xc2,0xff,0x4b,0x5c,0x30,ff c2 ff 4b 5c 30 00 00
2025-10-25 13:20:55,236,0xff,0xc2,0xff,0x4b,0x5c,0x30,ff c2 ff 4b 5c 30 00 00
2025-10-25 13:20:55,236,0xff,0xc2,0xff,0x4b,0x5c,0x30,ff c2 ff 4b 5c 30 00 00
2025-10-25 13:20:56,236,0xff,0xc2,0xff,0x4b,0x5c,0x30,ff c2 ff 4b 5c 30 00 00
2025-10-25 13:20:56,236,0xff,0xc2,0xff,0x4b,0x5c,0x30,ff c2 ff 4b 5c 30 00 00
2025-10-25 13:20:56,236,0xff,0xc2,0xff,0x4b,0x5c,0x30,ff c2 ff 4b 5c 30 00 00
2025-10-25 13:20:56,236,0xff,0xc2,0xff,0x4b,0x5c,0x30,ff c2 ff 4b 5c 30 00 00
2025-10-25 13:20:56,236,0xff,0xc2,0xff,0x4b,0x5c,0x30,ff c2 ff 4b 5c 30 00 00
2025-10-25 13:20:56,236,0xff,0xc2,0xff,0x4b,0x5c,0x30,ff c2 ff 4b 5c 30 00 00
2025-10-25 13:20:56,236,0xff,0xc2,0xff,0x4b,0x5c,0x30,ff c2 ff 4b 5c 30 00 00
2025-10-25 13:20:56,236,0xff,0xc2,0xff,0x4b,0x5c,0x30,ff c2 ff 4b 5c 30 00 00
2025-10-25 13:20:56,236,0xff,0xc2,0xff,0x4b,0x5c,0x30,ff c2 ff 4b 5c 30 00 00
2025-10-25 13:20:56,236,0xff,0xc2,0xff,0x4b,0x5c,0x30,ff c2 ff 4b 5c 30 00 00
2025-10-25 13:20:56,236,0xff,0xc2,0xff,0x4b,0x5c,0x30,ff c2 ff 4b 5c 30 00 00
2025-10-25 13:20:56,236,0xff,0xc2,0xff,0x4b,0x5c,0x30,ff c2 ff 4b 5c 30 00 00
2025-10-25 13:20:56,236,0xff,0xc2,0xff,0x4b,0x5c,0x30,ff c2 ff 4b 5c 30 00 00
2025-10-25 13:20:56,236,0xff,0xc2,0xff,0x4b,0x5c,0x30,ff c2 ff 4b 5c 30 00 00
2025-10-25 13:20:56,236,0xff,0xc2,0xff,0x4b,0x5c,0x30,ff c2 ff 4b 5c 30 00 00
2025-10-25 13:20:56,236,0xff,0xc2,0xff,0x4b,0x5c,0x30,ff c2 ff 4b 5c 30 00 00
2025-10-25 13:20:56,236,0xff,0xc2,0xff,0x4b,0x5c,0x30,ff c2 ff 4b 5c 30 00 00
2025-10-25 13:20:56,236,0xff,0xc2,0xff,0x4b,0x5c,0x30,ff c2 ff 4b 5c 30 00 00
2025-10-25 13:20:56,236,0xff,0xc2,0xff,0x4b,0x5c,0x30,ff c2 ff 4b 5c 30 00 00
2025-10-25 13:20:56,236,0xff,0xc2,0xff,0x4b,0x5c,0x30,ff c2 ff 4b 5c 30 00 00
2025-10-25 13:20:56,236,0xff,0xc2,0xff,0x4b,0x5c,0x30,ff c2 ff 4b 5c 30 00 00
2025-10-25 13:20:56,236,0xff,0xc2,0xff,0x4b,0x5c,0x30,ff c2 ff 4b 5c 30 00 00
2025-10-25 13:20:56,236,0xff,0xc2,0xff,0x4b,0x5c,0x30,ff c2 ff 4b 5c 30 00 00
2025-10-25 13:20:56,236,0xff,0xc2,0xff,0x4b,0x5c,0x30,ff c2 ff 4b 5c 30 00 00
2025-10-25 13:20:56,236,0xff,0xc2,0xff,0x4b,0x5c,0x30,ff c2 ff 4b 5c 30 00 00
2025-10-25 13:20:56,236,0xff,0xc2,0xff,0x4b,0x5c,0x30,ff c2 ff 4b 5c 30 00 00
2025-10-25 13:20:56,236,0xff,0xc2,0xff,0x4b,0x5c,0x30,ff c2 ff 4b 5c 30 00 00
2025-10-25 13:20:56,236,0xff,0xc2,0xff,0x4b,0x5c,0x30,ff c2 ff 4b 5c 30 00 00
2025-10-25 13:20:56,236,0xff,0xc2,0xff,0x4b,0x5c,0x30,ff c2 ff 4b 5c 30 00 00
2025-10-25 13:20:56,236,0xff,0xc2,0xff,0x4b,0x5c,0x30,ff c2 ff 4b 5c 30 00 00
2025-10-25 13:20:56,236,0xff,0xc2,0xff,0x4b,0x5c,0x30,ff c2 ff 4b 5c 30 00 00
2025-10-25 13:20:56,236,0xff,0xc2,0xff,0x4b,0x5c,0x30,ff c2 ff 4b 5c 30 00 00
2025-10-25 13:20:56,236,0xff,0xc2,0xff,0x4b,0x5c,0x30,ff c2 ff 4b 5c 30 00 00
2025-10-25 13:20:56,236,0xff,0xc2,0xff,0x4b,0x5c,0x30,ff c2 ff 4b 5c 30 00 00
2025-10-25 13:20:56,236,0xff,0xc2,0xff,0x4b,0x5c,0x30,ff c2 ff 4b 5c 30 00 00
2025-10-25 13:20:56,236,0xff,0xc2,0xff,0x4b,0x5c,0x30,ff c2 ff 4b 5c 30 00 00
2025-10-25 13:20:56,236,0xff,0xc2,0xff,0x4b,0x5c,0x30,ff c2 ff 4b 5c 30 00 00
2025-10-25 13:20:56,236,0xff,0xc2,0xff,0x4b,0x5c,0x30,ff c2 ff 4b 5c 30 00 00
2025-10-25 13:20:56,236,0xff,0xc2,0xff,0x4b,0x5c,0x30,ff c2 ff 4b 5c 30 00 00
2025-10-25 13:20:56,238.12,0xff,0xc2,0xff,0x4b,0x5d,0x04,ff c2 ff 4b 5d 04 00 00
2025-10-25 13:20:56,238.12,0xff,0xc2,0xff,0x4b,0x5d,0x04,ff c2 ff 4b 5d 04 00 00
2025-10-25 13:20:56,238.12,0xff,0xc2,0xff,0x4b,0x5d,0x04,ff c2 ff 4b 5d 04 00 00
2025-10-25 13:20:56,238.75,0xff,0xc2,0xff,0x4b,0x5d,0x43,ff c2 ff 4b 5d 43 00 00
2025-10-25 13:20:56,238.75,0xff,0xc2,0xff,0x4b,0x5d,0x43,ff c2 ff 4b 5d 43 00 00
2025-10-25 13:20:56,238.75,0xff,0xc2,0xff,0x4b,0x5d,0x43,ff c2 ff 4b 5d 43 00 00
2025-10-25 13:20:56,238.75,0xff,0xc2,0xff,0x4b,0x5d,0x43,ff c2 ff 4b 5d 43 00 00
2025-10-25 13:20:56,238.75,0xff,0xc2,0xff,0x4b,0x5d,0x43,ff c2 ff 4b 5d 43 00 00
2025-10-25 13:20:56,239,0xff,0xc2,0xff,0x4b,0x5d,0x5c,ff c2 ff 4b 5d 5c 00 00
2025-10-25 13:20:56,239,0xff,0xc2,0xff,0x4b,0x5d,0x5c,ff c2 ff 4b 5d 5c 00 00
2025-10-25 13:20:56,239.62,0xff,0xc2,0xff,0x4b,0x5d,0x9a,ff c2 ff 4b 5d 9a 00 00
2025-10-25 13:20:56,239.62,0xff,0xc2,0xff,0x4b,0x5d,0x9a,ff c2 ff 4b 5d 9a 00 00
2025-10-25 13:20:56,239.62,0xff,0xc2,0xff,0x4b,0x5d,0x9a,ff c2 ff 4b 5d 9a 00 00
2025-10-25 13:20:56,240.06,0xff,0xc2,0xff,0x4b,0x5d,0xc6,ff c2 ff 4b 5d c6 00 00
2025-10-25 13:20:57,240.06,0xff,0xc2,0xff,0x4b,0x5d,0xc6,ff c2 ff 4b 5d c6 00 00
2025-10-25 13:20:57,240.06,0xff,0xc2,0xff,0x4b,0x5d,0xc6,ff c2 ff 4b 5d c6 00 00
2025-10-25 13:20:57,240.43,0xff,0xc2,0xff,0x4b,0x5d,0xeb,ff c2 ff 4b 5d eb 00 00
2025-10-25 13:20:57,240.43,0xff,0xc2,0xff,0x4b,0x5d,0xeb,ff c2 ff 4b 5d eb 00 00
2025-10-25 13:20:57,240.43,0xff,0xc2,0xff,0x4b,0x5d,0xeb,ff c2 ff 4b 5d eb 00 00
2025-10-25 13:20:57,240.43,0xff,0xc2,0xff,0x4b,0x5d,0xeb,ff c2 ff 4b 5d eb 00 00
2025-10-25 13:20:57,240.43,0xff,0xc2,0xff,0x4b,0x5d,0xeb,ff c2 ff 4b 5d eb 00 00
2025-10-25 13:20:57,240.43,0xff,0xc2,0xff,0x4b,0x5d,0xeb,ff c2 ff 4b 5d eb 00 00
2025-10-25 13:20:57,240.43,0xff,0xc2,0xff,0x4b,0x5d,0xeb,ff c2 ff 4b 5d eb 00 00
2025-10-25 13:20:57,240.43,0xff,0xc2,0xff,0x4b,0x5d,0xeb,ff c2 ff 4b 5d eb 00 00
2025-10-25 13:20:57,240.43,0xff,0xc2,0xff,0x4b,0x5d,0xeb,ff c2 ff 4b 5d eb 00 00
2025-10-25 13:20:57,240.43,0xff,0xc2,0xff,0x4b,0x5d,0xeb,ff c2 ff 4b 5d eb 00 00
2025-10-25 13:20:57,240.43,0xff,0xc2,0xff,0x4b,0x5d,0xeb,ff c2 ff 4b 5d eb 00 00
2025-10-25 13:20:57,240.43,0xff,0xc2,0xff,0x4b,0x5d,0xeb,ff c2 ff 4b 5d eb 00 00
2025-10-25 13:20:57,240.43,0xff,0xc2,0xff,0x4b,0x5d,0xeb,ff c2 ff 4b 5d eb 00 00
2025-10-25 13:20:57,240.43,0xff,0xc2,0xff,0x4b,0x5d,0xeb,ff c2 ff 4b 5d eb 00 00
2025-10-25 13:20:57,240.43,0xff,0xc2,0xff,0x4b,0x5d,0xeb,ff c2 ff 4b 5d eb 00 00
2025-10-25 13:20:57,240.43,0xff,0xc2,0xff,0x4b,0x5d,0xeb,ff c2 ff 4b 5d eb 00 00
2025-10-25 13:20:57,240.43,0xff,0xc2,0xff,0x4b,0x5d,0xeb,ff c2 ff 4b 5d eb 00 00
2025-10-25 13:20:57,240.43,0xff,0xc2,0xff,0x4b,0x5d,0xeb,ff c2 ff 4b 5d eb 00 00
2025-10-25 13:20:57,240.43,0xff,0xc2,0xff,0x4b,0x5d,0xeb,ff c2 ff 4b 5d eb 00 00
2025-10-25 13:20:57,240.43,0xff,0xc2,0xff,0x4b,0x5d,0xeb,ff c2 ff 4b 5d eb 00 00
2025-10-25 13:20:57,240.43,0xff,0xc2,0xff,0x4b,0x5d,0xeb,ff c2 ff 4b 5d eb 00 00
2025-10-25 13:20:57,240.43,0xff,0xc2,0xff,0x4b,0x5d,0xeb,ff c2 ff 4b 5d eb 00 00
2025-10-25 13:20:57,240.43,0xff,0xc2,0xff,0x4b,0x5d,0xeb,ff c2 ff 4b 5d eb 00 00
2025-10-25 13:20:57,240.43,0xff,0xc2,0xff,0x4b,0x5d,0xeb,ff c2 ff 4b 5d eb 00 00
2025-10-25 13:20:57,240.43,0xff,0xc2,0xff,0x4b,0x5d,0xeb,ff c2 ff 4b 5d eb 00 00
2025-10-25 13:20:57,240.43,0xff,0xc2,0xff,0x4b,0x5d,0xeb,ff c2 ff 4b 5d eb 00 00
2025-10-25 13:20:57,240.43,0xff,0xc2,0xff,0x4b,0x5d,0xeb,ff c2 ff 4b 5d eb 00 00
2025-10-25 13:20:57,240.43,0xff,0xc2,0xff,0x4b,0x5d,0xeb,ff c2 ff 4b 5d eb 00 00
2025-10-25 13:20:57,240.43,0xff,0xc2,0xff,0x4b,0x5d,0xeb,ff c2 ff 4b 5d eb 00 00
2025-10-25 13:20:57,240.43,0xff,0xc2,0xff,0x4b,0x5d,0xeb,ff c2 ff 4b 5d eb 00 00
2025-10-25 13:20:57,240.43,0xff,0xc2,0xff,0x4b,0x5d,0xeb,ff c2 ff 4b 5d eb 00 00
2025-10-25 13:20:57,240.43,0xff,0xc2,0xff,0x4b,0x5d,0xeb,ff c2 ff 4b 5d eb 00 00
2025-10-25 13:20:57,240.43,0xff,0xc2,0xff,0x4b,0x5d,0xeb,ff c2 ff 4b 5d eb 00 00
2025-10-25 13:20:57,240.43,0xff,0xc2,0xff,0x4b,0x5d,0xeb,ff c2 ff 4b 5d eb 00 00
2025-10-25 13:20:57,240.43,0xff,0xc2,0xff,0x4b,0x5d,0xeb,ff c2 ff 4b 5d eb 00 00
2025-10-25 13:20:57,240.43,0xff,0xc2,0xff,0x4b,0x5d,0xeb,ff c2 ff 4b 5d eb 00 00
2025-10-25 13:20:57,240.43,0xff,0xc2,0xff,0x4b,0x5d,0xeb,ff c2 ff 4b 5d eb 00 00
2025-10-25 13:20:57,240.43,0xff,0xc2,0xff,0x4b,0x5d,0xeb,ff c2 ff 4b 5d eb 00 00
2025-10-25 13:20:57,240.43,0xff,0xc2,0xff,0x4b,0x5d,0xeb,ff c2 ff 4b 5d eb 00 00
2025-10-25 13:20:57,240.43,0xff,0xc2,0xff,0x4b,0x5d,0xeb,ff c2 ff 4b 5d eb 00 00
2025-10-25 13:20:57,240.43,0xff,0xc2,0xff,0x4b,0x5d,0xeb,ff c2 ff 4b 5d eb 00 00
2025-10-25 13:20:57,240.43,0xff,0xc2,0xff,0x4b,0x5d,0xeb,ff c2 ff 4b 5d eb 00 00
2025-10-25 13:20:57,240.43,0xff,0xc2,0xff,0x4b,0x5d,0xeb,ff c2 ff 4b 5d eb 00 00
2025-10-25 13:20:57,240.43,0xff,0xc2,0xff,0x4b,0x5d,0xeb,ff c2 ff 4b 5d eb 00 00
2025-10-25 13:20:57,240.43,0xff,0xc2,0xff,0x4b,0x5d,0xeb,ff c2 ff 4b 5d eb 00 00
2025-10-25 13:20:57,240.43,0xff,0xc2,0xff,0x4b,0x5d,0xeb,ff c2 ff 4b 5d eb 00 00
2025-10-25 13:20:57,240.43,0xff,0xc2,0xff,0x4b,0x5d,0xeb,ff c2 ff 4b 5d eb 00 00
2025-10-25 13:20:57,240.43,0xff,0xc2,0xff,0x4b,0x5d,0xeb,ff c2 ff 4b 5d eb 00 00
2025-10-25 13:20:57,240.43,0xff,0xc2,0xff,0x4b,0x5d,0xeb,ff c2 ff 4b 5d eb 00 00
2025-10-25 13:20:58,240.43,0xff,0xc2,0xff,0x4b,0x5d,0xeb,ff c2 ff 4b 5d eb 00 00
2025-10-25 13:20:58,240.43,0xff,0xc2,0xff,0x4b,0x5d,0xeb,ff c2 ff 4b 5d eb 00 00
2025-10-25 13:20:58,240.43,0xff,0xc2,0xff,0x4b,0x5d,0xeb,ff c2 ff 4b 5d eb 00 00
2025-10-25 13:20:58,240.43,0xff,0xc2,0xff,0x4b,0x5d,0xeb,ff c2 ff 4b 5d eb 00 00
2025-10-25 13:20:58,240.43,0xff,0xc2,0xff,0x4b,0x5d,0xeb,ff c2 ff 4b 5d eb 00 00
2025-10-25 13:20:58,243,0xff,0xc2,0xff,0x4b,0x5e,0xec,ff c2 ff 4b 5e ec 00 00
2025-10-25 13:20:58,243,0xff,0xc2,0xff,0x4b,0x5e,0xec,ff c2 ff 4b 5e ec 00 00
2025-10-25 13:20:58,243,0xff,0xc2,0xff,0x4b,0x5e,0xec,ff c2 ff 4b 5e ec 00 00
2025-10-25 13:20:58,244.37,0xff,0xc2,0xff,0x4b,0x5f,0x75,ff c2 ff 4b 5f 75 00 00
2025-10-25 13:20:58,244.37,0xff,0xc2,0xff,0x4b,0x5f,0x75,ff c2 ff 4b 5f 75 00 00
2025-10-25 13:20:58,244.56,0xff,0xc2,0xff,0x4b,0x5f,0x88,ff c2 ff 4b 5f 88 00 00
2025-10-25 13:20:58,244.56,0xff,0xc2,0xff,0x4b,0x5f,0x88,ff c2 ff 4b 5f 88 00 00
2025-10-25 13:20:58,244.56,0xff,0xc2,0xff,0x4b,0x5f,0x88,ff c2 ff 4b 5f 88 00 00
2025-10-25 13:20:58,244.93,0xff,0xc2,0xff,0x4b,0x5f,0xad,ff c2 ff 4b 5f ad 00 00
2025-10-25 13:20:58,244.93,0xff,0xc2,0xff,0x4b,0x5f,0xad,ff c2 ff 4b 5f ad 00 00
2025-10-25 13:20:58,244.93,0xff,0xc2,0xff,0x4b,0x5f,0xad,ff c2 ff 4b 5f ad 00 00
2025-10-25 13:20:58,245.87,0xff,0xc2,0xff,0x4b,0x60,0x0b,ff c2 ff 4b 60 0b 00 00
2025-10-25 13:20:58,245.87,0xff,0xc2,0xff,0x4b,0x60,0x0b,ff c2 ff 4b 60 0b 00 00
2025-10-25 13:20:58,245.5,0xff,0xc2,0xff,0x4b,0x5f,0xe6,ff c2 ff 4b 5f e6 00 00
2025-10-25 13:20:58,245.5,0xff,0xc2,0xff,0x4b,0x5f,0xe6,ff c2 ff 4b 5f e6 00 00
2025-10-25 13:20:58,245.68,0xff,0xc2,0xff,0x4b,0x5f,0xf8,ff c2 ff 4b 5f f8 00 00
2025-10-25 13:20:58,245.68,0xff,0xc2,0xff,0x4b,0x5f,0xf8,ff c2 ff 4b 5f f8 00 00
2025-10-25 13:20:58,245.68,0xff,0xc2,0xff,0x4b,0x5f,0xf8,ff c2 ff 4b 5f f8 00 00
2025-10-25 13:20:58,245.68,0xff,0xc2,0xff,0x4b,0x5f,0xf8,ff c2 ff 4b 5f f8 00 00
2025-10-25 13:20:58,245.68,0xff,0xc2,0xff,0x4b,0x5f,0xf8,ff c2 ff 4b 5f f8 00 00
2025-10-25 13:20:58,245.68,0xff,0xc2,0xff,0x4b,0x5f,0xf8,ff c2 ff 4b 5f f8 00 00
2025-10-25 13:20:58,245.68,0xff,0xc2,0xff,0x4b,0x5f,0xf8,ff c2 ff 4b 5f f8 00 00
2025-10-25 13:20:58,245.68,0xff,0xc2,0xff,0x4b,0x5f,0xf8,ff c2 ff 4b 5f f8 00 00
2025-10-25 13:20:58,245.68,0xff,0xc2,0xff,0x4b,0x5f,0xf8,ff c2 ff 4b 5f f8 00 00
2025-10-25 13:20:58,245.68,0xff,0xc2,0xff,0x4b,0x5f,0xf8,ff c2 ff 4b 5f f8 00 00
2025-10-25 13:20:58,245.68,0xff,0xc2,0xff,0x4b,0x5f,0xf8,ff c2 ff 4b 5f f8 00 00
2025-10-25 13:20:58,245.68,0xff,0xc2,0xff,0x4b,0x5f,0xf8,ff c2 ff 4b 5f f8 00 00
2025-10-25 13:20:58,245.68,0xff,0xc2,0xff,0x4b,0x5f,0xf8,ff c2 ff 4b 5f f8 00 00
2025-10-25 13:20:58,245.68,0xff,0xc2,0xff,0x4b,0x5f,0xf8,ff c2 ff 4b 5f f8 00 00
2025-10-25 13:20:58,245.68,0xff,0xc2,0xff,0x4b,0x5f,0xf8,ff c2 ff 4b 5f f8 00 00
2025-10-25 13:20:58,245.68,0xff,0xc2,0xff,0x4b,0x5f,0xf8,ff c2 ff 4b 5f f8 00 00
2025-10-25 13:20:58,245.68,0xff,0xc2,0xff,0x4b,0x5f,0xf8,ff c2 ff 4b 5f f8 00 00
2025-10-25 13:20:58,245.68,0xff,0xc2,0xff,0x4b,0x5f,0xf8,ff c2 ff 4b 5f f8 00 00
2025-10-25 13:20:58,245.68,0xff,0xc2,0xff,0x4b,0x5f,0xf8,ff c2 ff 4b 5f f8 00 00
2025-10-25 13:20:58,245.68,0xff,0xc2,0xff,0x4b,0x5f,0xf8,ff c2 ff 4b 5f f8 00 00
2025-10-25 13:20:58,245.68,0xff,0xc2,0xff,0x4b,0x5f,0xf8,ff c2 ff 4b 5f f8 00 00
2025-10-25 13:20:58,245.68,0xff,0xc2,0xff,0x4b,0x5f,0xf8,ff c2 ff 4b 5f f8 00 00
2025-10-25 13:20:58,245.68,0xff,0xc2,0xff,0x4b,0x5f,0xf8,ff c2 ff 4b 5f f8 00 00
2025-10-25 13:20:58,245.68,0xff,0xc2,0xff,0x4b,0x5f,0xf8,ff c2 ff 4b 5f f8 00 00
2025-10-25 13:20:58,245.68,0xff,0xc2,0xff,0x4b,0x5f,0xf8,ff c2 ff 4b 5f f8 00 00
2025-10-25 13:20:58,245.68,0xff,0xc2,0xff,0x4b,0x5f,0xf8,ff c2 ff 4b 5f f8 00 00
2025-10-25 13:20:58,245.68,0xff,0xc2,0xff,0x4b,0x5f,0xf8,ff c2 ff 4b 5f f8 00 00
2025-10-25 13:20:58,245.68,0xff,0xc2,0xff,0x4b,0x5f,0xf8,ff c2 ff 4b 5f f8 00 00
2025-10-25 13:20:58,245.87,0xff,0xf4,0xff,0x2c,0x60,0x0b,ff f4 ff 2c 60 0b 00 00
2025-10-25 13:20:58,245.87,0xff,0xf4,0xff,0x2c,0x60,0x0b,ff f4 ff 2c 60 0b 00 00
2025-10-25 13:20:58,245.87,0xff,0xf4,0xff,0x2c,0x60,0x0b,ff f4 ff 2c 60 0b 00 00
2025-10-25 13:20:59,246,0x00,0x06,0xff,0x3f,0x60,0x18,00 06 ff 3f 60 18 00 00
2025-10-25 13:20:59,246,0x00,0x06,0xff,0x3f,0x60,0x18,00 06 ff 3f 60 18 00 00
2025-10-25 13:20:59,248.06,0xff,0xfa,0xff,0x51,0x60,0xe6,ff fa ff 51 60 e6 00 00
2025-10-25 13:20:59,248.06,0xff,0xfa,0xff,0x51,0x60,0xe6,ff fa ff 51 60 e6 00 00
2025-10-25 13:20:59,248.06,0xff,0xfa,0xff,0x51,0x60,0xe6,ff fa ff 51 60 e6 00 00
2025-10-25 13:20:59,249.56,0xff,0xce,0xff,0x77,0x61,0x7c,ff ce ff 77 61 7c 00 00
2025-10-25 13:20:59,249.56,0xff,0xce,0xff,0x77,0x61,0x7c,ff ce ff 77 61 7c 00 00
2025-10-25 13:20:59,249.56,0xff,0xce,0xff,0x77,0x61,0x7c,ff ce ff 77 61 7c 00 00
2025-10-25 13:20:59,249.93,0xff,0x9c,0xff,0x77,0x61,0xa1,ff 9c ff 77 61 a1 00 00
2025-10-25 13:20:59,249.93,0xff,0x9c,0xff,0x77,0x61,0xa1,ff 9c ff 77 61 a1 00 00
2025-10-25 13:20:59,249.68,0xff,0x83,0xff,0x6a,0x61,0x88,ff 83 ff 6a 61 88 00 00
2025-10-25 13:20:59,249.68,0xff,0x83,0xff,0x6a,0x61,0x88,ff 83 ff 6a 61 88 00 00
2025-10-25 13:20:59,249.68,0xff,0x83,0xff,0x6a,0x61,0x88,ff 83 ff 6a 61 88 00 00
2025-10-25 13:20:59,249.31,0xff,0x96,0xff,0x4b,0x61,0x63,ff 96 ff 4b 61 63 00 00
2025-10-25 13:20:59,249.31,0xff,0x96,0xff,0x4b,0x61,0x63,ff 96 ff 4b 61 63 00 00
2025-10-25 13:20:59,249.68,0xff,0xa3,0xff,0x45,0x61,0x88,ff a3 ff 45 61 88 00 00
2025-10-25 13:20:59,249.68,0xff,0xa3,0xff,0x45,0x61,0x88,ff a3 ff 45 61 88 00 00
2025-10-25 13:20:59,249.68,0xff,0xa3,0xff,0x45,0x61,0x88,ff a3 ff 45 61 88 00 00
2025-10-25 13:20:59,249.62,0xff,0xb5,0xff,0x4b,0x61,0x82,ff b5 ff 4b 61 82 00 00
2025-10-25 13:20:59,249.62,0xff,0xb5,0xff,0x4b,0x61,0x82,ff b5 ff 4b 61 82 00 00
2025-10-25 13:20:59,249.62,0xff,0xb5,0xff,0x4b,0x61,0x82,ff b5 ff 4b 61 82 00 00
2025-10-25 13:20:59,250,0xff,0xce,0xff,0x77,0x61,0xa8,ff ce ff 77 61 a8 00 00
2025-10-25 13:20:59,250,0xff,0xce,0xff,0x77,0x61,0xa8,ff ce ff 77 61 a8 00 00
2025-10-25 13:20:59,250,0xff,0xc2,0xff,0x5e,0x61,0xa8,ff c2 ff 5e 61 a8 00 00
2025-10-25 13:20:59,250,0xff,0xc2,0xff,0x5e,0x61,0xa8,ff c2 ff 5e 61 a8 00 00
2025-10-25 13:20:59,250,0xff,0xc2,0xff,0x5e,0x61,0xa8,ff c2 ff 5e 61 a8 00 00
2025-10-25 13:20:59,250,0xff,0xc2,0xff,0x5e,0x61,0xa8,ff c2 ff 5e 61 a8 00 00
2025-10-25 13:20:59,250,0xff,0xc2,0xff,0x5e,0x61,0xa8,ff c2 ff 5e 61 a8 00 00
2025-10-25 13:20:59,250,0xff,0xc2,0xff,0x5e,0x61,0xa8,ff c2 ff 5e 61 a8 00 00
2025-10-25 13:20:59,250,0xff,0xc2,0xff,0x5e,0x61,0xa8,ff c2 ff 5e 61 a8 00 00
2025-10-25 13:20:59,250,0xff,0xc2,0xff,0x5e,0x61,0xa8,ff c2 ff 5e 61 a8 00 00
2025-10-25 13:20:59,250,0xff,0xc2,0xff,0x5e,0x61,0xa8,ff c2 ff 5e 61 a8 00 00
2025-10-25 13:20:59,250,0xff,0xc2,0xff,0x5e,0x61,0xa8,ff c2 ff 5e 61 a8 00 00
2025-10-25 13:20:59,250,0xff,0xc2,0xff,0x5e,0x61,0xa8,ff c2 ff 5e 61 a8 00 00
2025-10-25 13:20:59,250,0xff,0xc2,0xff,0x5e,0x61,0xa8,ff c2 ff 5e 61 a8 00 00
2025-10-25 13:20:59,250,0xff,0xc2,0xff,0x5e,0x61,0xa8,ff c2 ff 5e 61 a8 00 00
2025-10-25 13:20:59,250,0xff,0xc2,0xff,0x5e,0x61,0xa8,ff c2 ff 5e 61 a8 00 00
2025-10-25 13:20:59,250,0xff,0xc2,0xff,0x5e,0x61,0xa8,ff c2 ff 5e 61 a8 00 00
2025-10-25 13:20:59,250,0xff,0xc2,0xff,0x5e,0x61,0xa8,ff c2 ff 5e 61 a8 00 00
2025-10-25 13:20:59,250,0xff,0xc2,0xff,0x5e,0x61,0xa8,ff c2 ff 5e 61 a8 00 00
2025-10-25 13:20:59,250,0xff,0xc2,0xff,0x5e,0x61,0xa8,ff c2 ff 5e 61 a8 00 00
2025-10-25 13:20:59,250,0xff,0xc2,0xff,0x5e,0x61,0xa8,ff c2 ff 5e 61 a8 00 00
2025-10-25 13:20:59,249.62,0xff,0xce,0xff,0x32,0x61,0x82,ff ce ff 32 61 82 00 00
2025-10-25 13:20:59,249.62,0xff,0xce,0xff,0x32,0x61,0x82,ff ce ff 32 61 82 00 00
2025-10-25 13:20:59,249.75,0xff,0xdb,0xff,0x2c,0x61,0x8f,ff db ff 2c 61 8f 00 00
2025-10-25 13:20:59,249.75,0xff,0xdb,0xff,0x2c,0x61,0x8f,ff db ff 2c 61 8f 00 00
2025-10-25 13:20:59,249.75,0xff,0xdb,0xff,0x2c,0x61,0x8f,ff db ff 2c 61 8f 00 00
2025-10-25 13:20:59,250,0xff,0xc8,0xff,0x5e,0x61,0xa8,ff c8 ff 5e 61 a8 00 00
2025-10-25 13:20:59,250,0xff,0xc8,0xff,0x5e,0x61,0xa8,ff c8 ff 5e 61 a8 00 00
2025-10-25 13:20:59,251.62,0xff,0x9c,0xff,0x58,0x62,0x4a,ff 9c ff 58 62 4a 00 00
2025-10-25 13:20:59,251.62,0xff,0x9c,0xff,0x58,0x62,0x4a,ff 9c ff 58 62 4a 00 00
2025-10-25 13:20:59,251.62,0xff,0x9c,0xff,0x58,0x62,0x4a,ff 9c ff 58 62 4a 00 00
2025-10-25 13:21:00,252.18,0xff,0x90,0xff,0x38,0x62,0x82,ff 90 ff 38 62 82 00 00
2025-10-25 13:21:00,252.18,0xff,0x90,0xff,0x38,0x62,0x82,ff 90 ff 38 62 82 00 00
2025-10-25 13:21:00,252.31,0xff,0xa3,0xff,0x19,0x62,0x8f,ff a3 ff 19 62 8f 00 00
2025-10-25 13:21:00,252.31,0xff,0xa3,0xff,0x19,0x62,0x8f,ff a3 ff 19 62 8f 00 00
2025-10-25 13:21:00,252.31,0xff,0xa3,0xff,0x19,0x62,0x8f,ff a3 ff 19 62 8f 00 00
2025-10-25 13:21:00,252.93,0xff,0xc2,0xff,0x1f,0x62,0xcd,ff c2 ff 1f 62 cd 00 00
2025-10-25 13:21:00,252.93,0xff,0xc2,0xff,0x1f,0x62,0xcd,ff c2 ff 1f 62 cd 00 00
2025-10-25 13:21:00,252.93,0xff,0xc2,0xff,0x1f,0x62,0xcd,ff c2 ff 1f 62 cd 00 00
2025-10-25 13:21:00,252.93,0xff,0xce,0xff,0x45,0x62,0xcd,ff ce ff 45 62 cd 00 00
2025-10-25 13:21:00,252.93,0xff,0xce,0xff,0x45,0x62,0xcd,ff ce ff 45 62 cd 00 00
2025-10-25 13:21:00,254.06,0xff,0xd5,0xff,0x71,0x63,0x3e,ff d5 ff 71 63 3e 00 00
2025-10-25 13:21:00,254.06,0xff,0xd5,0xff,0x71,0x63,0x3e,ff d5 ff 71 63 3e 00 00
2025-10-25 13:21:00,254.06,0xff,0xd5,0xff,0x71,0x63,0x3e,ff d5 ff 71 63 3e 00 00
2025-10-25 13:21:00,254.56,0xff,0xc8,0xff,0x77,0x63,0x70,ff c8 ff 77 63 70 00 00
2025-10-25 13:21:00,254.56,0xff,0xc8,0xff,0x77,0x63,0x70,ff c8 ff 77 63 70 00 00
2025-10-25 13:21:00,254.56,0xff,0xc8,0xff,0x77,0x63,0x70,ff c8 ff 77 63 70 00 00
2025-10-25 13:21:00,254.18,0xff,0xc8,0xff,0x45,0x63,0x4a,ff c8 ff 45 63 4a 00 00
2025-10-25 13:21:00,254.18,0xff,0xc8,0xff,0x45,0x63,0x4a,ff c8 ff 45 63 4a 00 00
2025-10-25 13:21:00,254.18,0xff,0xce,0xff,0x32,0x63,0x4a,ff ce ff 32 63 4a 00 00
2025-10-25 13:21:00,254.18,0xff,0xce,0xff,0x32,0x63,0x4a,ff ce ff 32 63 4a 00 00
2025-10-25 13:21:00,254.18,0xff,0xce,0xff,0x32,0x63,0x4a,ff ce ff 32 63 4a 00 00
2025-10-25 13:21:00,254.31,0xff,0xdb,0xff,0x3f,0x63,0x57,ff db ff 3f 63 57 00 00
2025-10-25 13:21:00,254.31,0xff,0xdb,0xff,0x3f,0x63,0x57,ff db ff 3f 63 57 00 00
2025-10-25 13:21:00,254.68,0xff,0xe1,0xff,0x71,0x63,0x7c,ff e1 ff 71 63 7c 00 00
2025-10-25 13:21:00,254.68,0xff,0xe1,0xff,0x71,0x63,0x7c,ff e1 ff 71 63 7c 00 00
2025-10-25 13:21:00,254.68,0xff,0xe1,0xff,0x71,0x63,0x7c,ff e1 ff 71 63 7c 00 00
2025-10-25 13:21:00,254.56,0xff,0xd5,0xff,0x71,0x63,0x70,ff d5 ff 71 63 70 00 00
2025-10-25 13:21:00,254.56,0xff,0xd5,0xff,0x71,0x63,0x70,ff d5 ff 71 63 70 00 00
2025-10-25 13:21:00,254.56,0xff,0xd5,0xff,0x71,0x63,0x70,ff d5 ff 71 63 70 00 00
2025-10-25 13:21:00,255.37,0xff,0xd5,0xff,0x45,0x63,0xc1,ff d5 ff 45 63 c1 00 00
2025-10-25 13:21:00,255.37,0xff,0xd5,0xff,0x45,0x63,0xc1,ff d5 ff 45 63 c1 00 00
2025-10-25 13:21:00,255.43,0xff,0xce,0xff,0x1f,0x63,0xc7,ff ce ff 1f 63 c7 00 00
2025-10-25 13:21:00,255.43,0xff,0xce,0xff,0x1f,0x63,0xc7,ff ce ff 1f 63 c7 00 00
2025-10-25 13:21:00,256.31,0xff,0xc2,0xff,0x38,0x64,0x1f,ff c2 ff 38 64 1f 00 00
2025-10-25 13:21:00,256.31,0xff,0xc2,0xff,0x38,0x64,0x1f,ff c2 ff 38 64 1f 00 00
2025-10-25 13:21:00,256.31,0xff,0xc2,0xff,0x38,0x64,0x1f,ff c2 ff 38 64 1f 00 00
2025-10-25 13:21:00,257.12,0xff,0xc2,0xff,0x5e,0x64,0x70,ff c2 ff 5e 64 70 00 00
2025-10-25 13:21:00,257.12,0xff,0xc2,0xff,0x5e,0x64,0x70,ff c2 ff 5e 64 70 00 00
2025-10-25 13:21:00,257.25,0xff,0xc8,0xff,0x5e,0x64,0x7d,ff c8 ff 5e 64 7d 00 00
2025-10-25 13:21:00,257.25,0xff,0xc8,0xff,0x5e,0x64,0x7d,ff c8 ff 5e 64 7d 00 00
2025-10-25 13:21:00,257.25,0xff,0xc8,0xff,0x5e,0x64,0x7d,ff c8 ff 5e 64 7d 00 00
2025-10-25 13:21:00,257.18,0xff,0xc8,0xff,0x45,0x64,0x76,ff c8 ff 45 64 76 00 00
2025-10-25 13:21:00,257.18,0xff,0xc8,0xff,0x45,0x64,0x76,ff c8 ff 45 64 76 00 00
2025-10-25 13:21:00,257.18,0xff,0xc2,0xff,0x45,0x64,0x76,ff c2 ff 45 64 76 00 00
2025-10-25 13:21:00,257.18,0xff,0xc2,0xff,0x45,0x64,0x76,ff c2 ff 45 64 76 00 00
2025-10-25 13:21:00,257.18,0xff,0xc2,0xff,0x45,0x64,0x76,ff c2 ff 45 64 76 00 00
2025-10-25 13:21:00,257.62,0xff,0xaf,0xff,0x64,0x64,0xa2,ff af ff 64 64 a2 00 00
2025-10-25 13:21:00,257.62,0xff,0xaf,0xff,0x64,0x64,0xa2,ff af ff 64 64 a2 00 00
2025-10-25 13:21:00,258,0xff,0xaf,0xff,0x83,0x64,0xc8,ff af ff 83 64 c8 00 00
2025-10-25 13:21:00,258,0xff,0xaf,0xff,0x83,0x64,0xc8,ff af ff 83 64 c8 00 00
2025-10-25 13:21:00,258,0xff,0xaf,0xff,0x83,0x64,0xc8,ff af ff 83 64 c8 00 00
2025-10-25 13:21:00,257.5,0xff,0xa3,0xff,0x58,0x64,0x96,ff a3 ff 58 64 96 00 00
2025-10-25 13:21:01,257.5,0xff,0xa3,0xff,0x58,0x64,0x96,ff a3 ff 58 64 96 00 00
2025-10-25 13:21:01,257.18,0xff,0xbc,0xff,0x38,0x64,0x76,ff bc ff 38 64 76 00 00
2025-10-25 13:21:01,257.18,0xff,0xbc,0xff,0x38,0x64,0x76,ff bc ff 38 64 76 00 00
2025-10-25 13:21:01,257.18,0xff,0xbc,0xff,0x38,0x64,0x76,ff bc ff 38 64 76 00 00
2025-10-25 13:21:01,256.93,0xff,0xdb,0xff,0x1f,0x64,0x5d,ff db ff 1f 64 5d 00 00
2025-10-25 13:21:01,256.93,0xff,0xdb,0xff,0x1f,0x64,0x5d,ff db ff 1f 64 5d 00 00
2025-10-25 13:21:01,256.93,0xff,0xdb,0xff,0x1f,0x64,0x5d,ff db ff 1f 64 5d 00 00
2025-10-25 13:21:01,257.31,0xff,0xdb,0xff,0x2c,0x64,0x83,ff db ff 2c 64 83 00 00
2025-10-25 13:21:01,257.31,0xff,0xdb,0xff,0x2c,0x64,0x83,ff db ff 2c 64 83 00 00
2025-10-25 13:21:01,257.31,0xff,0xdb,0xff,0x2c,0x64,0x83,ff db ff 2c 64 83 00 00
2025-10-25 13:21:01,257.31,0xff,0xdb,0xff,0x3f,0x64,0x83,ff db ff 3f 64 83 00 00
2025-10-25 13:21:01,257.31,0xff,0xdb,0xff,0x3f,0x64,0x83,ff db ff 3f 64 83 00 00
2025-10-25 13:21:01,257.31,0xff,0xdb,0xff,0x3f,0x64,0x83,ff db ff 3f 64 83 00 00
2025-10-25 13:21:01,257.31,0xff,0xdb,0xff,0x3f,0x64,0x83,ff db ff 3f 64 83 00 00
2025-10-25 13:21:01,257.31,0xff,0xdb,0xff,0x3f,0x64,0x83,ff db ff 3f 64 83 00 00
2025-10-25 13:21:01,257.31,0xff,0xdb,0xff,0x3f,0x64,0x83,ff db ff 3f 64 83 00 00
2025-10-25 13:21:01,257.31,0xff,0xdb,0xff,0x3f,0x64,0x83,ff db ff 3f 64 83 00 00
2025-10-25 13:21:01,258.93,0xff,0xdb,0xff,0x3f,0x65,0x25,ff db ff 3f 65 25 00 00
2025-10-25 13:21:01,258.93,0xff,0xdb,0xff,0x3f,0x65,0x25,ff db ff 3f 65 25 00 00
2025-10-25 13:21:01,258.93,0xff,0xdb,0xff,0x3f,0x65,0x25,ff db ff 3f 65 25 00 00
2025-10-25 13:21:01,260.18,0xff,0xe1,0xff,0x3f,0x65,0xa2,ff e1 ff 3f 65 a2 00 00
2025-10-25 13:21:01,260.18,0xff,0xe1,0xff,0x3f,0x65,0xa2,ff e1 ff 3f 65 a2 00 00
2025-10-25 13:21:01,260.75,0xff,0xdb,0xff,0x3f,0x65,0xdb,ff db ff 3f 65 db 00 00
2025-10-25 13:21:01,260.75,0xff,0xdb,0xff,0x3f,0x65,0xdb,ff db ff 3f 65 db 00 00
2025-10-25 13:21:01,260.75,0xff,0xdb,0xff,0x3f,0x65,0xdb,ff db ff 3f 65 db 00 00
2025-10-25 13:21:01,261.5,0xff,0xdb,0xff,0x71,0x66,0x26,ff db ff 71 66 26 00 00
2025-10-25 13:21:01,261.5,0xff,0xdb,0xff,0x71,0x66,0x26,ff db ff 71 66 26 00 00
2025-10-25 13:21:01,261.5,0xff,0xdb,0xff,0x71,0x66,0x26,ff db ff 71 66 26 00 00
2025-10-25 13:21:01,262.62,0xff,0xdb,0xff,0x8a,0x66,0x96,ff db ff 8a 66 96 00 00
2025-10-25 13:21:01,262.62,0xff,0xdb,0xff,0x8a,0x66,0x96,ff db ff 8a 66 96 00 00
2025-10-25 13:21:01,262.25,0xff,0xdb,0xff,0x71,0x66,0x71,ff db ff 71 66 71 00 00
2025-10-25 13:21:01,262.25,0xff,0xdb,0xff,0x71,0x66,0x71,ff db ff 71 66 71 00 00
2025-10-25 13:21:01,262.25,0xff,0xdb,0xff,0x71,0x66,0x71,ff db ff 71 66 71 00 00
2025-10-25 13:21:01,261.87,0xff,0xe7,0xff,0x3f,0x66,0x4b,ff e7 ff 3f 66 4b 00 00
2025-10-25 13:21:01,261.87,0xff,0xe7,0xff,0x3f,0x66,0x4b,ff e7 ff 3f 66 4b 00 00
2025-10-25 13:21:01,261.87,0xff,0xe7,0xff,0x2c,0x66,0x4b,ff e7 ff 2c 66 4b 00 00
2025-10-25 13:21:01,261.87,0xff,0xe7,0xff,0x2c,0x66,0x4b,ff e7 ff 2c 66 4b 00 00
2025-10-25 13:21:01,261.87,0xff,0xe7,0xff,0x2c,0x66,0x4b,ff e7 ff 2c 66 4b 00 00
2025-10-25 13:21:01,261.81,0xff,0xc8,0xff,0x45,0x66,0x45,ff c8 ff 45 66 45 00 00
2025-10-25 13:21:01,261.81,0xff,0xc8,0xff,0x45,0x66,0x45,ff c8 ff 45 66 45 00 00
2025-10-25 13:21:01,262.12,0xff,0xa9,0xff,0x6a,0x66,0x64,ff a9 ff 6a 66 64 00 00
2025-10-25 13:21:01,262.12,0xff,0xa9,0xff,0x6a,0x66,0x64,ff a9 ff 6a 66 64 00 00
2025-10-25 13:21:01,262.12,0xff,0xa9,0xff,0x6a,0x66,0x64,ff a9 ff 6a 66 64 00 00
2025-10-25 13:21:01,262.18,0xff,0xa9,0xff,0x6a,0x66,0x6a,ff a9 ff 6a 66 6a 00 00
2025-10-25 13:21:01,262.18,0xff,0xa9,0xff,0x6a,0x66,0x6a,ff a9 ff 6a 66 6a 00 00
2025-10-25 13:21:01,262.18,0xff,0xa9,0xff,0x6a,0x66,0x6a,ff a9 ff 6a 66 6a 00 00
2025-10-25 13:21:01,263.31,0xff,0xb5,0xff,0x4b,0x66,0xdb,ff b5 ff 4b 66 db 00 00
2025-10-25 13:21:01,263.31,0xff,0xb5,0xff,0x4b,0x66,0xdb,ff b5 ff 4b 66 db 00 00
2025-10-25 13:21:01,263.31,0xff,0xb5,0xff,0x4b,0x66,0xdb,ff b5 ff 4b 66 db 00 00
2025-10-25 13:21:01,264.12,0xff,0xbc,0xff,0x26,0x67,0x2c,ff bc ff 26 67 2c 00 00
2025-10-25 13:21:01,264.12,0xff,0xbc,0xff,0x26,0x67,0x2c,ff bc ff 26 67 2c 00 00
2025-10-25 13:21:01,263.75,0xff,0xbc,0xff,0x26,0x67,0x07,ff bc ff 26 67 07 00 00
2025-10-25 13:21:02,263.75,0xff,0xbc,0xff,0x26,0x67,0x07,ff bc ff 26 67 07 00 00
2025-10-25 13:21:02,263.75,0xff,0xbc,0xff,0x26,0x67,0x07,ff bc ff 26 67 07 00 00
2025-10-25 13:21:02,264.43,0xff,0xbc,0xff,0x26,0x67,0x4b,ff bc ff 26 67 4b 00 00
2025-10-25 13:21:02,264.43,0xff,0xbc,0xff,0x26,0x67,0x4b,ff bc ff 26 67 4b 00 00
2025-10-25 13:21:02,264.5,0xff,0xbc,0xff,0x26,0x67,0x52,ff bc ff 26 67 52 00 00
2025-10-25 13:21:02,264.5,0xff,0xbc,0xff,0x26,0x67,0x52,ff bc ff 26 67 52 00 00
2025-10-25 13:21:02,264.5,0xff,0xbc,0xff,0x26,0x67,0x52,ff bc ff 26 67 52 00 00
2025-10-25 13:21:02,264.87,0xff,0xbc,0xff,0x26,0x67,0x77,ff bc ff 26 67 77 00 00
2025-10-25 13:21:02,264.87,0xff,0xbc,0xff,0x26,0x67,0x77,ff bc ff 26 67 77 00 00
2025-10-25 13:21:02,264.87,0xff,0xbc,0xff,0x26,0x67,0x77,ff bc ff 26 67 77 00 00
2025-10-25 13:21:02,264.87,0xff,0xbc,0xff,0x26,0x67,0x77,ff bc ff 26 67 77 00 00
2025-10-25 13:21:02,264.87,0xff,0xbc,0xff,0x26,0x67,0x77,ff bc ff 26 67 77 00 00
2025-10-25 13:21:02,264.87,0xff,0xbc,0xff,0x26,0x67,0x77,ff bc ff 26 67 77 00 00
2025-10-25 13:21:02,264.87,0xff,0xbc,0xff,0x26,0x67,0x77,ff bc ff 26 67 77 00 00
2025-10-25 13:21:02,264.87,0xff,0xbc,0xff,0x26,0x67,0x77,ff bc ff 26 67 77 00 00
2025-10-25 13:21:02,264.87,0xff,0xbc,0xff,0x26,0x67,0x77,ff bc ff 26 67 77 00 00
2025-10-25 13:21:02,264.87,0xff,0xbc,0xff,0x26,0x67,0x77,ff bc ff 26 67 77 00 00
2025-10-25 13:21:02,265.25,0xff,0xc8,0xff,0x5e,0x67,0x9d,ff c8 ff 5e 67 9d 00 00
2025-10-25 13:21:02,265.25,0xff,0xc8,0xff,0x5e,0x67,0x9d,ff c8 ff 5e 67 9d 00 00
2025-10-25 13:21:02,265.25,0xff,0xc8,0xff,0x5e,0x67,0x9d,ff c8 ff 5e 67 9d 00 00
2025-10-25 13:21:02,265.25,0xff,0xc8,0xff,0x77,0x67,0x9d,ff c8 ff 77 67 9d 00 00
2025-10-25 13:21:02,265.25,0xff,0xc8,0xff,0x77,0x67,0x9d,ff c8 ff 77 67 9d 00 00
2025-10-25 13:21:02,265.25,0xff,0xc8,0xff,0x77,0x67,0x9d,ff c8 ff 77 67 9d 00 00
2025-10-25 13:21:02,266.75,0xff,0xc2,0xff,0x5e,0x68,0x33,ff c2 ff 5e 68 33 00 00
2025-10-25 13:21:02,266.75,0xff,0xc2,0xff,0x5e,0x68,0x33,ff c2 ff 5e 68 33 00 00
2025-10-25 13:21:02,266.75,0xff,0xc2,0xff,0x5e,0x68,0x33,ff c2 ff 5e 68 33 00 00
2025-10-25 13:21:02,267.12,0xff,0xce,0xff,0x77,0x68,0x58,ff ce ff 77 68 58 00 00
2025-10-25 13:21:02,267.12,0xff,0xce,0xff,0x77,0x68,0x58,ff ce ff 77 68 58 00 00
2025-10-25 13:21:02,267.12,0xff,0xc2,0xff,0x5e,0x68,0x58,ff c2 ff 5e 68 58 00 00
2025-10-25 13:21:02,267.12,0xff,0xc2,0xff,0x5e,0x68,0x58,ff c2 ff 5e 68 58 00 00
2025-10-25 13:21:02,267.12,0xff,0xc8,0xff,0x77,0x68,0x58,ff c8 ff 77 68 58 00 00
2025-10-25 13:21:02,267.12,0xff,0xc8,0xff,0x77,0x68,0x58,ff c8 ff 77 68 58 00 00
2025-10-25 13:21:02,267.12,0xff,0xc8,0xff,0x77,0x68,0x58,ff c8 ff 77 68 58 00 00
2025-10-25 13:21:02,267.12,0xff,0xbc,0xff,0x64,0x68,0x58,ff bc ff 64 68 58 00 00
2025-10-25 13:21:02,267.12,0xff,0xbc,0xff,0x64,0x68,0x58,ff bc ff 64 68 58 00 00
2025-10-25 13:21:02,267.12,0xff,0xbc,0xff,0x64,0x68,0x58,ff bc ff 64 68 58 00 00
2025-10-25 13:21:02,267.12,0xff,0xbc,0xff,0x64,0x68,0x58,ff bc ff 64 68 58 00 00
2025-10-25 13:21:02,267.12,0xff,0xbc,0xff,0x64,0x68,0x58,ff bc ff 64 68 58 00 00
2025-10-25 13:21:02,267.81,0xff,0xbc,0xff,0x64,0x68,0x9d,ff bc ff 64 68 9d 00 00
2025-10-25 13:21:02,267.81,0xff,0xbc,0xff,0x64,0x68,0x9d,ff bc ff 64 68 9d 00 00
2025-10-25 13:21:02,267.81,0xff,0xbc,0xff,0x64,0x68,0x9d,ff bc ff 64 68 9d 00 00
2025-10-25 13:21:02,267.81,0xff,0xbc,0xff,0x64,0x68,0x9d,ff bc ff 64 68 9d 00 00
2025-10-25 13:21:02,267.81,0xff,0xbc,0xff,0x64,0x68,0x9d,ff bc ff 64 68 9d 00 00
2025-10-25 13:21:02,267.81,0xff,0xbc,0xff,0x64,0x68,0x9d,ff bc ff 64 68 9d 00 00
2025-10-25 13:21:02,267.81,0xff,0xbc,0xff,0x64,0x68,0x9d,ff bc ff 64 68 9d 00 00
2025-10-25 13:21:02,267.81,0xff,0xbc,0xff,0x64,0x68,0x9d,ff bc ff 64 68 9d 00 00
2025-10-25 13:21:02,267.81,0xff,0xbc,0xff,0x64,0x68,0x9d,ff bc ff 64 68 9d 00 00
2025-10-25 13:21:02,267.81,0xff,0xbc,0xff,0x64,0x68,0x9d,ff bc ff 64 68 9d 00 00
2025-10-25 13:21:02,267.81,0xff,0xbc,0xff,0x64,0x68,0x9d,ff bc ff 64 68 9d 00 00
2025-10-25 13:21:02,267.81,0xff,0xbc,0xff,0x64,0x68,0x9d,ff bc ff 64 68 9d 00 00
2025-10-25 13:21:02,267.81,0xff,0xbc,0xff,0x64,0x68,0x9d,ff bc ff 64 68 9d 00 00
2025-10-25 13:21:02,267.81,0xff,0xbc,0xff,0x64,0x68,0x9d,ff bc ff 64 68 9d 00 00
2025-10-25 13:21:03,267.81,0xff,0xbc,0xff,0x64,0x68,0x9d,ff bc ff 64 68 9d 00 00
2025-10-25 13:21:03,267.81,0xff,0xbc,0xff,0x64,0x68,0x9d,ff bc ff 64 68 9d 00 00
2025-10-25 13:21:03,267.81,0xff,0xbc,0xff,0x64,0x68,0x9d,ff bc ff 64 68 9d 00 00
2025-10-25 13:21:03,267.81,0xff,0xbc,0xff,0x64,0x68,0x9d,ff bc ff 64 68 9d 00 00
2025-10-25 13:21:03,267.81,0xff,0xbc,0xff,0x64,0x68,0x9d,ff bc ff 64 68 9d 00 00
2025-10-25 13:21:03,267.81,0xff,0xbc,0xff,0x64,0x68,0x9d,ff bc ff 64 68 9d 00 00
2025-10-25 13:21:03,267.81,0xff,0xbc,0xff,0x64,0x68,0x9d,ff bc ff 64 68 9d 00 00
2025-10-25 13:21:03,267.81,0xff,0xbc,0xff,0x64,0x68,0x9d,ff bc ff 64 68 9d 00 00
2025-10-25 13:21:03,267.81,0xff,0xbc,0xff,0x64,0x68,0x9d,ff bc ff 64 68 9d 00 00
2025-10-25 13:21:03,267.81,0xff,0xbc,0xff,0x64,0x68,0x9d,ff bc ff 64 68 9d 00 00
2025-10-25 13:21:03,267.81,0xff,0xbc,0xff,0x64,0x68,0x9d,ff bc ff 64 68 9d 00 00
2025-10-25 13:21:03,267.81,0xff,0xbc,0xff,0x64,0x68,0x9d,ff bc ff 64 68 9d 00 00
2025-10-25 13:21:03,267.81,0xff,0xbc,0xff,0x64,0x68,0x9d,ff bc ff 64 68 9d 00 00
2025-10-25 13:21:03,267.81,0xff,0xbc,0xff,0x64,0x68,0x9d,ff bc ff 64 68 9d 00 00
2025-10-25 13:21:03,267.81,0xff,0xbc,0xff,0x64,0x68,0x9d,ff bc ff 64 68 9d 00 00
2025-10-25 13:21:03,267.81,0xff,0xbc,0xff,0x64,0x68,0x9d,ff bc ff 64 68 9d 00 00
2025-10-25 13:21:03,267.81,0xff,0xbc,0xff,0x64,0x68,0x9d,ff bc ff 64 68 9d 00 00
2025-10-25 13:21:03,267.81,0xff,0xbc,0xff,0x64,0x68,0x9d,ff bc ff 64 68 9d 00 00
2025-10-25 13:21:03,267.81,0xff,0xbc,0xff,0x64,0x68,0x9d,ff bc ff 64 68 9d 00 00
2025-10-25 13:21:03,267.81,0xff,0xbc,0xff,0x64,0x68,0x9d,ff bc ff 64 68 9d 00 00
2025-10-25 13:21:03,267.81,0xff,0xbc,0xff,0x64,0x68,0x9d,ff bc ff 64 68 9d 00 00
2025-10-25 13:21:03,267.81,0xff,0xbc,0xff,0x64,0x68,0x9d,ff bc ff 64 68 9d 00 00
2025-10-25 13:21:03,267.81,0xff,0xbc,0xff,0x64,0x68,0x9d,ff bc ff 64 68 9d 00 00
2025-10-25 13:21:03,267.81,0xff,0xbc,0xff,0x64,0x68,0x9d,ff bc ff 64 68 9d 00 00
2025-10-25 13:21:03,267.81,0xff,0xbc,0xff,0x64,0x68,0x9d,ff bc ff 64 68 9d 00 00
2025-10-25 13:21:03,267.81,0xff,0xbc,0xff,0x64,0x68,0x9d,ff bc ff 64 68 9d 00 00
2025-10-25 13:21:03,267.81,0xff,0xbc,0xff,0x64,0x68,0x9d,ff bc ff 64 68 9d 00 00
2025-10-25 13:21:03,267.81,0xff,0xbc,0xff,0x64,0x68,0x9d,ff bc ff 64 68 9d 00 00
2025-10-25 13:21:03,267.81,0xff,0xbc,0xff,0x64,0x68,0x9d,ff bc ff 64 68 9d 00 00
2025-10-25 13:21:03,267.81,0xff,0xbc,0xff,0x64,0x68,0x9d,ff bc ff 64 68 9d 00 00
2025-10-25 13:21:03,267.81,0xff,0xbc,0xff,0x64,0x68,0x9d,ff bc ff 64 68 9d 00 00
2025-10-25 13:21:03,267.81,0xff,0xbc,0xff,0x64,0x68,0x9d,ff bc ff 64 68 9d 00 00
2025-10-25 13:21:03,267.81,0xff,0xbc,0xff,0x64,0x68,0x9d,ff bc ff 64 68 9d 00 00
2025-10-25 13:21:03,269.25,0xff,0xbc,0xff,0x5e,0x69,0x2d,ff bc ff 5e 69 2d 00 00
2025-10-25 13:21:03,269.25,0xff,0xbc,0xff,0x5e,0x69,0x2d,ff bc ff 5e 69 2d 00 00
2025-10-25 13:21:03,269.25,0xff,0xbc,0xff,0x5e,0x69,0x2d,ff bc ff 5e 69 2d 00 00
2025-10-25 13:21:03,270.31,0xff,0xbc,0xff,0x64,0x69,0x97,ff bc ff 64 69 97 00 00
2025-10-25 13:21:03,270.31,0xff,0xbc,0xff,0x64,0x69,0x97,ff bc ff 64 69 97 00 00
2025-10-25 13:21:03,270.31,0xff,0xbc,0xff,0x64,0x69,0x97,ff bc ff 64 69 97 00 00
2025-10-25 13:21:03,270.31,0xff,0xbc,0xff,0x64,0x69,0x97,ff bc ff 64 69 97 00 00
2025-10-25 13:21:03,270.31,0xff,0xbc,0xff,0x64,0x69,0x97,ff bc ff 64 69 97 00 00
2025-10-25 13:21:03,271,0xff,0xbc,0xff,0x5e,0x69,0xdc,ff bc ff 5e 69 dc 00 00
2025-10-25 13:21:03,271,0xff,0xbc,0xff,0x5e,0x69,0xdc,ff bc ff 5e 69 dc 00 00
2025-10-25 13:21:03,271.37,0xff,0xbc,0xff,0x5e,0x6a,0x01,ff bc ff 5e 6a 01 00 00
2025-10-25 13:21:03,271.37,0xff,0xbc,0xff,0x5e,0x6a,0x01,ff bc ff 5e 6a 01 00 00
2025-10-25 13:21:03,271.37,0xff,0xbc,0xff,0x5e,0x6a,0x01,ff bc ff 5e 6a 01 00 00
2025-10-25 13:21:03,271.37,0xff,0xbc,0xff,0x5e,0x6a,0x01,ff bc ff 5e 6a 01 00 00
2025-10-25 13:21:03,271.37,0xff,0xbc,0xff,0x5e,0x6a,0x01,ff bc ff 5e 6a 01 00 00
2025-10-25 13:21:03,271.37,0xff,0xbc,0xff,0x5e,0x6a,0x01,ff bc ff 5e 6a 01 00 00
2025-10-25 13:21:03,271.37,0xff,0xbc,0xff,0x5e,0x6a,0x01,ff bc ff 5e 6a 01 00 00
2025-10-25 13:21:03,271.37,0xff,0xbc,0xff,0x5e,0x6a,0x01,ff bc ff 5e 6a 01 00 00
2025-10-25 13:21:03,271.37,0xff,0xbc,0xff,0x5e,0x6a,0x01,ff bc ff 5e 6a 01 00 00
2025-10-25 13:21:04,271.37,0xff,0xbc,0xff,0x5e,0x6a,0x01,ff bc ff 5e 6a 01 00 00
2025-10-25 13:21:04,271.37,0xff,0xbc,0xff,0x5e,0x6a,0x01,ff bc ff 5e 6a 01 00 00
2025-10-25 13:21:04,271.37,0xff,0xbc,0xff,0x5e,0x6a,0x01,ff bc ff 5e 6a 01 00 00
2025-10-25 13:21:04,271.37,0xff,0xbc,0xff,0x5e,0x6a,0x01,ff bc ff 5e 6a 01 00 00
2025-10-25 13:21:04,271.37,0xff,0xbc,0xff,0x5e,0x6a,0x01,ff bc ff 5e 6a 01 00 00
2025-10-25 13:21:04,271.37,0xff,0xbc,0xff,0x5e,0x6a,0x01,ff bc ff 5e 6a 01 00 00
2025-10-25 13:21:04,271.37,0xff,0xbc,0xff,0x5e,0x6a,0x01,ff bc ff 5e 6a 01 00 00
2025-10-25 13:21:04,271.37,0xff,0xbc,0xff,0x5e,0x6a,0x01,ff bc ff 5e 6a 01 00 00
2025-10-25 13:21:04,271.37,0xff,0xbc,0xff,0x5e,0x6a,0x01,ff bc ff 5e 6a 01 00 00
2025-10-25 13:21:04,271.37,0xff,0xbc,0xff,0x5e,0x6a,0x01,ff bc ff 5e 6a 01 00 00
2025-10-25 13:21:04,271.37,0xff,0xbc,0xff,0x5e,0x6a,0x01,ff bc ff 5e 6a 01 00 00
2025-10-25 13:21:04,271.37,0xff,0xbc,0xff,0x5e,0x6a,0x01,ff bc ff 5e 6a 01 00 00
2025-10-25 13:21:04,271.37,0xff,0xbc,0xff,0x5e,0x6a,0x01,ff bc ff 5e 6a 01 00 00
2025-10-25 13:21:04,271.37,0xff,0xbc,0xff,0x5e,0x6a,0x01,ff bc ff 5e 6a 01 00 00
2025-10-25 13:21:04,271.37,0xff,0xbc,0xff,0x5e,0x6a,0x01,ff bc ff 5e 6a 01 00 00
2025-10-25 13:21:04,271.37,0xff,0xbc,0xff,0x5e,0x6a,0x01,ff bc ff 5e 6a 01 00 00
2025-10-25 13:21:04,271.37,0xff,0xbc,0xff,0x5e,0x6a,0x01,ff bc ff 5e 6a 01 00 00
2025-10-25 13:21:04,271.37,0xff,0xbc,0xff,0x5e,0x6a,0x01,ff bc ff 5e 6a 01 00 00
2025-10-25 13:21:04,271.37,0xff,0xbc,0xff,0x5e,0x6a,0x01,ff bc ff 5e 6a 01 00 00
2025-10-25 13:21:04,271.37,0xff,0xbc,0xff,0x5e,0x6a,0x01,ff bc ff 5e 6a 01 00 00
2025-10-25 13:21:04,271.37,0xff,0xbc,0xff,0x5e,0x6a,0x01,ff bc ff 5e 6a 01 00 00
2025-10-25 13:21:04,271.37,0xff,0xbc,0xff,0x5e,0x6a,0x01,ff bc ff 5e 6a 01 00 00
2025-10-25 13:21:04,271.37,0xff,0xbc,0xff,0x5e,0x6a,0x01,ff bc ff 5e 6a 01 00 00
2025-10-25 13:21:04,271.37,0xff,0xbc,0xff,0x5e,0x6a,0x01,ff bc ff 5e 6a 01 00 00
2025-10-25 13:21:04,271.37,0xff,0xbc,0xff,0x5e,0x6a,0x01,ff bc ff 5e 6a 01 00 00
2025-10-25 13:21:04,271.37,0xff,0xbc,0xff,0x5e,0x6a,0x01,ff bc ff 5e 6a 01 00 00
2025-10-25 13:21:04,271.37,0xff,0xbc,0xff,0x5e,0x6a,0x01,ff bc ff 5e 6a 01 00 00
2025-10-25 13:21:04,271.37,0xff,0xbc,0xff,0x5e,0x6a,0x01,ff bc ff 5e 6a 01 00 00
2025-10-25 13:21:04,271.37,0xff,0xbc,0xff,0x5e,0x6a,0x01,ff bc ff 5e 6a 01 00 00
2025-10-25 13:21:04,271.37,0xff,0xbc,0xff,0x5e,0x6a,0x01,ff bc ff 5e 6a 01 00 00
2025-10-25 13:21:04,271.37,0xff,0xbc,0xff,0x5e,0x6a,0x01,ff bc ff 5e 6a 01 00 00
2025-10-25 13:21:04,271.37,0xff,0xbc,0xff,0x5e,0x6a,0x01,ff bc ff 5e 6a 01 00 00
2025-10-25 13:21:04,271.37,0xff,0xbc,0xff,0x5e,0x6a,0x01,ff bc ff 5e 6a 01 00 00
2025-10-25 13:21:04,271.37,0xff,0xbc,0xff,0x5e,0x6a,0x01,ff bc ff 5e 6a 01 00 00
2025-10-25 13:21:04,271.37,0xff,0xbc,0xff,0x5e,0x6a,0x01,ff bc ff 5e 6a 01 00 00
2025-10-25 13:21:04,271.37,0xff,0xbc,0xff,0x5e,0x6a,0x01,ff bc ff 5e 6a 01 00 00
2025-10-25 13:21:04,271.37,0xff,0xbc,0xff,0x5e,0x6a,0x01,ff bc ff 5e 6a 01 00 00
2025-10-25 13:21:04,271.37,0xff,0xbc,0xff,0x5e,0x6a,0x01,ff bc ff 5e 6a 01 00 00
2025-10-25 13:21:04,271.37,0xff,0xbc,0xff,0x5e,0x6a,0x01,ff bc ff 5e 6a 01 00 00
2025-10-25 13:21:04,272.68,0xff,0xbc,0xff,0x64,0x6a,0x84,ff bc ff 64 6a 84 00 00
2025-10-25 13:21:04,272.68,0xff,0xbc,0xff,0x64,0x6a,0x84,ff bc ff 64 6a 84 00 00
2025-10-25 13:21:04,273,0xff,0xbc,0xff,0x64,0x6a,0xa4,ff bc ff 64 6a a4 00 00
2025-10-25 13:21:04,273,0xff,0xbc,0xff,0x64,0x6a,0xa4,ff bc ff 64 6a a4 00 00
2025-10-25 13:21:04,273,0xff,0xbc,0xff,0x64,0x6a,0xa4,ff bc ff 64 6a a4 00 00
2025-10-25 13:21:04,273.37,0xff,0xbc,0xff,0x38,0x6a,0xc9,ff bc ff 38 6a c9 00 00
2025-10-25 13:21:04,273.37,0xff,0xbc,0xff,0x38,0x6a,0xc9,ff bc ff 38 6a c9 00 00
2025-10-25 13:21:04,273.37,0xff,0xbc,0xff,0x38,0x6a,0xc9,ff bc ff 38 6a c9 00 00
2025-10-25 13:21:04,274.06,0xff,0xce,0xff,0x32,0x6b,0x0e,ff ce ff 32 6b 0e 00 00
2025-10-25 13:21:04,274.06,0xff,0xce,0xff,0x32,0x6b,0x0e,ff ce ff 32 6b 0e 00 00
2025-10-25 13:21:04,274.37,0xff,0xc2,0xff,0x32,0x6b,0x2d,ff c2 ff 32 6b 2d 00 00
2025-10-25 13:21:04,274.37,0xff,0xc2,0xff,0x32,0x6b,0x2d,ff c2 ff 32 6b 2d 00 00
2025-10-25 13:21:04,274.37,0xff,0xc2,0xff,0x32,0x6b,0x2d,ff c2 ff 32 6b 2d 00 00
2025-10-25 13:21:05,274.68,0xff,0xaf,0xff,0x51,0x6b,0x4c,ff af ff 51 6b 4c 00 00
2025-10-25 13:21:05,274.68,0xff,0xaf,0xff,0x51,0x6b,0x4c,ff af ff 51 6b 4c 00 00
2025-10-25 13:21:05,274.62,0xff,0xbc,0xff,0x64,0x6b,0x46,ff bc ff 64 6b 46 00 00
2025-10-25 13:21:05,274.62,0xff,0xbc,0xff,0x64,0x6b,0x46,ff bc ff 64 6b 46 00 00
2025-10-25 13:21:05,274.62,0xff,0xbc,0xff,0x64,0x6b,0x46,ff bc ff 64 6b 46 00 00
2025-10-25 13:21:05,274.62,0xff,0xbc,0xff,0x64,0x6b,0x46,ff bc ff 64 6b 46 00 00
2025-10-25 13:21:05,274.62,0xff,0xbc,0xff,0x64,0x6b,0x46,ff bc ff 64 6b 46 00 00
2025-10-25 13:21:05,274.62,0xff,0xbc,0xff,0x64,0x6b,0x46,ff bc ff 64 6b 46 00 00
2025-10-25 13:21:05,274.62,0xff,0xbc,0xff,0x64,0x6b,0x46,ff bc ff 64 6b 46 00 00
2025-10-25 13:21:05,274.62,0xff,0xbc,0xff,0x64,0x6b,0x46,ff bc ff 64 6b 46 00 00
2025-10-25 13:21:05,274.62,0xff,0xbc,0xff,0x64,0x6b,0x46,ff bc ff 64 6b 46 00 00
2025-10-25 13:21:05,274.62,0xff,0xbc,0xff,0x64,0x6b,0x46,ff bc ff 64 6b 46 00 00
2025-10-25 13:21:05,274.62,0xff,0xbc,0xff,0x64,0x6b,0x46,ff bc ff 64 6b 46 00 00
2025-10-25 13:21:05,274.62,0xff,0xbc,0xff,0x64,0x6b,0x46,ff bc ff 64 6b 46 00 00
2025-10-25 13:21:05,274.62,0xff,0xbc,0xff,0x64,0x6b,0x46,ff bc ff 64 6b 46 00 00
2025-10-25 13:21:05,274.62,0xff,0xbc,0xff,0x64,0x6b,0x46,ff bc ff 64 6b 46 00 00
2025-10-25 13:21:05,274.62,0xff,0xbc,0xff,0x64,0x6b,0x46,ff bc ff 64 6b 46 00 00
2025-10-25 13:21:05,274.62,0xff,0xbc,0xff,0x64,0x6b,0x46,ff bc ff 64 6b 46 00 00
2025-10-25 13:21:05,274.62,0xff,0xbc,0xff,0x64,0x6b,0x46,ff bc ff 64 6b 46 00 00
2025-10-25 13:21:05,274.62,0xff,0xbc,0xff,0x64,0x6b,0x46,ff bc ff 64 6b 46 00 00
2025-10-25 13:21:05,274.62,0xff,0xbc,0xff,0x64,0x6b,0x46,ff bc ff 64 6b 46 00 00
2025-10-25 13:21:05,274.62,0xff,0xbc,0xff,0x64,0x6b,0x46,ff bc ff 64 6b 46 00 00
2025-10-25 13:21:05,274.62,0xff,0xbc,0xff,0x64,0x6b,0x46,ff bc ff 64 6b 46 00 00
2025-10-25 13:21:05,274.62,0xff,0xbc,0xff,0x64,0x6b,0x46,ff bc ff 64 6b 46 00 00
2025-10-25 13:21:05,274.62,0xff,0xbc,0xff,0x64,0x6b,0x46,ff bc ff 64 6b 46 00 00
2025-10-25 13:21:05,274.62,0xff,0xbc,0xff,0x64,0x6b,0x46,ff bc ff 64 6b 46 00 00
2025-10-25 13:21:05,274.62,0xff,0xbc,0xff,0x64,0x6b,0x46,ff bc ff 64 6b 46 00 00
2025-10-25 13:21:05,274.62,0xff,0xbc,0xff,0x64,0x6b,0x46,ff bc ff 64 6b 46 00 00
2025-10-25 13:21:05,274.62,0xff,0xbc,0xff,0x64,0x6b,0x46,ff bc ff 64 6b 46 00 00
2025-10-25 13:21:05,274.62,0xff,0xbc,0xff,0x64,0x6b,0x46,ff bc ff 64 6b 46 00 00
2025-10-25 13:21:05,274.62,0xff,0xbc,0xff,0x64,0x6b,0x46,ff bc ff 64 6b 46 00 00
2025-10-25 13:21:05,274.62,0xff,0xbc,0xff,0x64,0x6b,0x46,ff bc ff 64 6b 46 00 00
2025-10-25 13:21:05,274.62,0xff,0xbc,0xff,0x64,0x6b,0x46,ff bc ff 64 6b 46 00 00
2025-10-25 13:21:05,274.62,0xff,0xbc,0xff,0x64,0x6b,0x46,ff bc ff 64 6b 46 00 00
2025-10-25 13:21:05,274.62,0xff,0xbc,0xff,0x64,0x6b,0x46,ff bc ff 64 6b 46 00 00
2025-10-25 13:21:05,274.62,0xff,0xbc,0xff,0x64,0x6b,0x46,ff bc ff 64 6b 46 00 00
2025-10-25 13:21:05,274.62,0xff,0xbc,0xff,0x64,0x6b,0x46,ff bc ff 64 6b 46 00 00
2025-10-25 13:21:05,274.62,0xff,0xbc,0xff,0x64,0x6b,0x46,ff bc ff 64 6b 46 00 00
2025-10-25 13:21:05,274.62,0xff,0xbc,0xff,0x64,0x6b,0x46,ff bc ff 64 6b 46 00 00
2025-10-25 13:21:05,274.62,0xff,0xbc,0xff,0x64,0x6b,0x46,ff bc ff 64 6b 46 00 00
2025-10-25 13:21:05,274.62,0xff,0xbc,0xff,0x64,0x6b,0x46,ff bc ff 64 6b 46 00 00
2025-10-25 13:21:05,274.62,0xff,0xbc,0xff,0x64,0x6b,0x46,ff bc ff 64 6b 46 00 00
2025-10-25 13:21:05,274.62,0xff,0xbc,0xff,0x64,0x6b,0x46,ff bc ff 64 6b 46 00 00
2025-10-25 13:21:05,274.62,0xff,0xbc,0xff,0x64,0x6b,0x46,ff bc ff 64 6b 46 00 00
2025-10-25 13:21:05,274.62,0xff,0xbc,0xff,0x64,0x6b,0x46,ff bc ff 64 6b 46 00 00
2025-10-25 13:21:05,274.62,0xff,0xbc,0xff,0x64,0x6b,0x46,ff bc ff 64 6b 46 00 00
2025-10-25 13:21:05,274.62,0xff,0xbc,0xff,0x64,0x6b,0x46,ff bc ff 64 6b 46 00 00
2025-10-25 13:21:05,274.62,0xff,0xbc,0xff,0x64,0x6b,0x46,ff bc ff 64 6b 46 00 00
2025-10-25 13:21:05,274.62,0xff,0xbc,0xff,0x64,0x6b,0x46,ff bc ff 64 6b 46 00 00
2025-10-25 13:21:05,275.93,0xff,0xbc,0xff,0x5e,0x6b,0xc9,ff bc ff 5e 6b c9 00 00
2025-10-25 13:21:05,275.93,0xff,0xbc,0xff,0x5e,0x6b,0xc9,ff bc ff 5e 6b c9 00 00
2025-10-25 13:21:05,275.93,0xff,0xbc,0xff,0x5e,0x6b,0xc9,ff bc ff 5e 6b c9 00 00
2025-10-25 13:21:05,276.62,0xff,0xbc,0xff,0x5e,0x6c,0x0e,ff bc ff 5e 6c 0e 00 00
2025-10-25 13:21:06,276.62,0xff,0xbc,0xff,0x5e,0x6c,0x0e,ff bc ff 5e 6c 0e 00 00
2025-10-25 13:21:06,276.93,0xff,0xbc,0xff,0x5e,0x6c,0x2d,ff bc ff 5e 6c 2d 00 00
2025-10-25 13:21:06,276.93,0xff,0xbc,0xff,0x5e,0x6c,0x2d,ff bc ff 5e 6c 2d 00 00
2025-10-25 13:21:06,276.93,0xff,0xbc,0xff,0x5e,0x6c,0x2d,ff bc ff 5e 6c 2d 00 00
2025-10-25 13:21:06,277,0xff,0xbc,0xff,0x5e,0x6c,0x34,ff bc ff 5e 6c 34 00 00
2025-10-25 13:21:06,277,0xff,0xbc,0xff,0x5e,0x6c,0x34,ff bc ff 5e 6c 34 00 00
2025-10-25 13:21:06,277,0xff,0xbc,0xff,0x5e,0x6c,0x34,ff bc ff 5e 6c 34 00 00
2025-10-25 13:21:06,276.93,0xff,0xbc,0xff,0x5e,0x6c,0x2d,ff bc ff 5e 6c 2d 00 00
2025-10-25 13:21:06,276.93,0xff,0xbc,0xff,0x5e,0x6c,0x2d,ff bc ff 5e 6c 2d 00 00
2025-10-25 13:21:06,276.93,0xff,0xbc,0xff,0x5e,0x6c,0x2d,ff bc ff 5e 6c 2d 00 00
2025-10-25 13:21:06,277.56,0xff,0xbc,0xff,0x64,0x6c,0x6c,ff bc ff 64 6c 6c 00 00
2025-10-25 13:21:06,277.56,0xff,0xbc,0xff,0x64,0x6c,0x6c,ff bc ff 64 6c 6c 00 00
2025-10-25 13:21:06,277.56,0xff,0xbc,0xff,0x64,0x6c,0x6c,ff bc ff 64 6c 6c 00 00
2025-10-25 13:21:06,277.56,0xff,0xbc,0xff,0x64,0x6c,0x6c,ff bc ff 64 6c 6c 00 00
2025-10-25 13:21:06,277.56,0xff,0xbc,0xff,0x64,0x6c,0x6c,ff bc ff 64 6c 6c 00 00
2025-10-25 13:21:06,277.56,0xff,0xbc,0xff,0x64,0x6c,0x6c,ff bc ff 64 6c 6c 00 00
2025-10-25 13:21:06,277.56,0xff,0xbc,0xff,0x64,0x6c,0x6c,ff bc ff 64 6c 6c 00 00
2025-10-25 13:21:06,277.56,0xff,0xbc,0xff,0x64,0x6c,0x6c,ff bc ff 64 6c 6c 00 00
2025-10-25 13:21:06,277.56,0xff,0xbc,0xff,0x64,0x6c,0x6c,ff bc ff 64 6c 6c 00 00
2025-10-25 13:21:06,277.56,0xff,0xbc,0xff,0x64,0x6c,0x6c,ff bc ff 64 6c 6c 00 00
2025-10-25 13:21:06,277.56,0xff,0xbc,0xff,0x64,0x6c,0x6c,ff bc ff 64 6c 6c 00 00
2025-10-25 13:21:06,277.56,0xff,0xbc,0xff,0x64,0x6c,0x6c,ff bc ff 64 6c 6c 00 00
2025-10-25 13:21:06,277.56,0xff,0xbc,0xff,0x64,0x6c,0x6c,ff bc ff 64 6c 6c 00 00
2025-10-25 13:21:06,277.56,0xff,0xbc,0xff,0x64,0x6c,0x6c,ff bc ff 64 6c 6c 00 00
2025-10-25 13:21:06,277.56,0xff,0xbc,0xff,0x64,0x6c,0x6c,ff bc ff 64 6c 6c 00 00
2025-10-25 13:21:06,277.56,0xff,0xbc,0xff,0x64,0x6c,0x6c,ff bc ff 64 6c 6c 00 00
2025-10-25 13:21:06,277.56,0xff,0xbc,0xff,0x64,0x6c,0x6c,ff bc ff 64 6c 6c 00 00
2025-10-25 13:21:06,277.56,0xff,0xbc,0xff,0x64,0x6c,0x6c,ff bc ff 64 6c 6c 00 00
2025-10-25 13:21:06,277.56,0xff,0xbc,0xff,0x64,0x6c,0x6c,ff bc ff 64 6c 6c 00 00
2025-10-25 13:21:06,277.56,0xff,0xbc,0xff,0x64,0x6c,0x6c,ff bc ff 64 6c 6c 00 00
2025-10-25 13:21:06,277.56,0xff,0xbc,0xff,0x64,0x6c,0x6c,ff bc ff 64 6c 6c 00 00
2025-10-25 13:21:06,277.56,0xff,0xbc,0xff,0x64,0x6c,0x6c,ff bc ff 64 6c 6c 00 00
2025-10-25 13:21:06,277.56,0xff,0xbc,0xff,0x64,0x6c,0x6c,ff bc ff 64 6c 6c 00 00
2025-10-25 13:21:06,277.56,0xff,0xbc,0xff,0x64,0x6c,0x6c,ff bc ff 64 6c 6c 00 00
2025-10-25 13:21:06,277.56,0xff,0xbc,0xff,0x64,0x6c,0x6c,ff bc ff 64 6c 6c 00 00
2025-10-25 13:21:06,277.56,0xff,0xbc,0xff,0x64,0x6c,0x6c,ff bc ff 64 6c 6c 00 00
2025-10-25 13:21:06,277.56,0xff,0xbc,0xff,0x64,0x6c,0x6c,ff bc ff 64 6c 6c 00 00
2025-10-25 13:21:06,277.56,0xff,0xbc,0xff,0x64,0x6c,0x6c,ff bc ff 64 6c 6c 00 00
2025-10-25 13:21:06,277.56,0xff,0xbc,0xff,0x64,0x6c,0x6c,ff bc ff 64 6c 6c 00 00
2025-10-25 13:21:06,277.56,0xff,0xbc,0xff,0x64,0x6c,0x6c,ff bc ff 64 6c 6c 00 00
2025-10-25 13:21:06,277.56,0xff,0xbc,0xff,0x64,0x6c,0x6c,ff bc ff 64 6c 6c 00 00
2025-10-25 13:21:06,277.56,0xff,0xbc,0xff,0x64,0x6c,0x6c,ff bc ff 64 6c 6c 00 00
2025-10-25 13:21:06,277.56,0xff,0xbc,0xff,0x64,0x6c,0x6c,ff bc ff 64 6c 6c 00 00
2025-10-25 13:21:06,277.56,0xff,0xbc,0xff,0x64,0x6c,0x6c,ff bc ff 64 6c 6c 00 00
2025-10-25 13:21:06,277.56,0xff,0xbc,0xff,0x64,0x6c,0x6c,ff bc ff 64 6c 6c 00 00
2025-10-25 13:21:06,279.12,0xff,0xbc,0xff,0x5e,0x6d,0x08,ff bc ff 5e 6d 08 00 00
2025-10-25 13:21:06,279.12,0xff,0xbc,0xff,0x5e,0x6d,0x08,ff bc ff 5e 6d 08 00 00
2025-10-25 13:21:06,279.5,0xff,0xbc,0xff,0x5e,0x6d,0x2e,ff bc ff 5e 6d 2e 00 00
2025-10-25 13:21:06,279.5,0xff,0xbc,0xff,0x5e,0x6d,0x2e,ff bc ff 5e 6d 2e 00 00
2025-10-25 13:21:06,280.12,0xff,0xbc,0xff,0x64,0x6d,0x6c,ff bc ff 64 6d 6c 00 00
2025-10-25 13:21:07,280.12,0xff,0xbc,0xff,0x64,0x6d,0x6c,ff bc ff 64 6d 6c 00 00
2025-10-25 13:21:07,280.12,0xff,0xbc,0xff,0x64,0x6d,0x6c,ff bc ff 64 6d 6c 00 00
2025-10-25 13:21:07,280.06,0xff,0xbc,0xff,0x5e,0x6d,0x66,ff bc ff 5e 6d 66 00 00
2025-10-25 13:21:07,280.06,0xff,0xbc,0xff,0x5e,0x6d,0x66,ff bc ff 5e 6d 66 00 00
2025-10-25 13:21:07,280.43,0xff,0xbc,0xff,0x5e,0x6d,0x8b,ff bc ff 5e 6d 8b 00 00
2025-10-25 13:21:07,280.43,0xff,0xbc,0xff,0x5e,0x6d,0x8b,ff bc ff 5e 6d 8b 00 00
2025-10-25 13:21:07,280.43,0xff,0xbc,0xff,0x5e,0x6d,0x8b,ff bc ff 5e 6d 8b 00 00
2025-10-25 13:21:07,280.43,0xff,0xbc,0xff,0x5e,0x6d,0x8b,ff bc ff 5e 6d 8b 00 00
2025-10-25 13:21:07,280.43,0xff,0xbc,0xff,0x5e,0x6d,0x8b,ff bc ff 5e 6d 8b 00 00
2025-10-25 13:21:07,280.43,0xff,0xbc,0xff,0x5e,0x6d,0x8b,ff bc ff 5e 6d 8b 00 00
2025-10-25 13:21:07,280.43,0xff,0xbc,0xff,0x5e,0x6d,0x8b,ff bc ff 5e 6d 8b 00 00
2025-10-25 13:21:07,280.43,0xff,0xbc,0xff,0x5e,0x6d,0x8b,ff bc ff 5e 6d 8b 00 00
2025-10-25 13:21:07,280.43,0xff,0xbc,0xff,0x5e,0x6d,0x8b,ff bc ff 5e 6d 8b 00 00
2025-10-25 13:21:07,280.43,0xff,0xbc,0xff,0x5e,0x6d,0x8b,ff bc ff 5e 6d 8b 00 00
2025-10-25 13:21:07,280.43,0xff,0xbc,0xff,0x5e,0x6d,0x8b,ff bc ff 5e 6d 8b 00 00
2025-10-25 13:21:07,280.43,0xff,0xbc,0xff,0x5e,0x6d,0x8b,ff bc ff 5e 6d 8b 00 00
2025-10-25 13:21:07,280.43,0xff,0xbc,0xff,0x5e,0x6d,0x8b,ff bc ff 5e 6d 8b 00 00
2025-10-25 13:21:07,280.43,0xff,0xbc,0xff,0x5e,0x6d,0x8b,ff bc ff 5e 6d 8b 00 00
2025-10-25 13:21:07,280.43,0xff,0xbc,0xff,0x5e,0x6d,0x8b,ff bc ff 5e 6d 8b 00 00
2025-10-25 13:21:07,280.43,0xff,0xbc,0xff,0x5e,0x6d,0x8b,ff bc ff 5e 6d 8b 00 00
2025-10-25 13:21:07,280.43,0xff,0xbc,0xff,0x5e,0x6d,0x8b,ff bc ff 5e 6d 8b 00 00
2025-10-25 13:21:07,280.43,0xff,0xbc,0xff,0x5e,0x6d,0x8b,ff bc ff 5e 6d 8b 00 00
2025-10-25 13:21:07,280.43,0xff,0xbc,0xff,0x5e,0x6d,0x8b,ff bc ff 5e 6d 8b 00 00
2025-10-25 13:21:07,280.43,0xff,0xbc,0xff,0x5e,0x6d,0x8b,ff bc ff 5e 6d 8b 00 00
2025-10-25 13:21:07,280.43,0xff,0xbc,0xff,0x5e,0x6d,0x8b,ff bc ff 5e 6d 8b 00 00
2025-10-25 13:21:07,280.43,0xff,0xbc,0xff,0x5e,0x6d,0x8b,ff bc ff 5e 6d 8b 00 00
2025-10-25 13:21:07,280.43,0xff,0xbc,0xff,0x5e,0x6d,0x8b,ff bc ff 5e 6d 8b 00 00
2025-10-25 13:21:07,280.43,0xff,0xbc,0xff,0x5e,0x6d,0x8b,ff bc ff 5e 6d 8b 00 00
2025-10-25 13:21:07,280.43,0xff,0xbc,0xff,0x5e,0x6d,0x8b,ff bc ff 5e 6d 8b 00 00
2025-10-25 13:21:07,280.43,0xff,0xbc,0xff,0x5e,0x6d,0x8b,ff bc ff 5e 6d 8b 00 00
2025-10-25 13:21:07,280.43,0xff,0xbc,0xff,0x5e,0x6d,0x8b,ff bc ff 5e 6d 8b 00 00
2025-10-25 13:21:07,280.43,0xff,0xbc,0xff,0x5e,0x6d,0x8b,ff bc ff 5e 6d 8b 00 00
2025-10-25 13:21:07,280.43,0xff,0xbc,0xff,0x5e,0x6d,0x8b,ff bc ff 5e 6d 8b 00 00
2025-10-25 13:21:07,280.43,0xff,0xbc,0xff,0x5e,0x6d,0x8b,ff bc ff 5e 6d 8b 00 00
2025-10-25 13:21:07,280.43,0xff,0xbc,0xff,0x5e,0x6d,0x8b,ff bc ff 5e 6d 8b 00 00
2025-10-25 13:21:07,280.43,0xff,0xbc,0xff,0x5e,0x6d,0x8b,ff bc ff 5e 6d 8b 00 00
2025-10-25 13:21:07,280.43,0xff,0xbc,0xff,0x5e,0x6d,0x8b,ff bc ff 5e 6d 8b 00 00
2025-10-25 13:21:07,280.43,0xff,0xbc,0xff,0x5e,0x6d,0x8b,ff bc ff 5e 6d 8b 00 00
2025-10-25 13:21:07,280.43,0xff,0xbc,0xff,0x5e,0x6d,0x8b,ff bc ff 5e 6d 8b 00 00
2025-10-25 13:21:07,280.43,0xff,0xbc,0xff,0x5e,0x6d,0x8b,ff bc ff 5e 6d 8b 00 00
2025-10-25 13:21:07,280.43,0xff,0xbc,0xff,0x5e,0x6d,0x8b,ff bc ff 5e 6d 8b 00 00
2025-10-25 13:21:07,280.43,0xff,0xbc,0xff,0x5e,0x6d,0x8b,ff bc ff 5e 6d 8b 00 00
2025-10-25 13:21:07,280.43,0xff,0xbc,0xff,0x5e,0x6d,0x8b,ff bc ff 5e 6d 8b 00 00
2025-10-25 13:21:07,281.62,0xff,0xbc,0xff,0x64,0x6e,0x02,ff bc ff 64 6e 02 00 00
2025-10-25 13:21:07,281.62,0xff,0xbc,0xff,0x64,0x6e,0x02,ff bc ff 64 6e 02 00 00
2025-10-25 13:21:07,281.62,0xff,0xbc,0xff,0x64,0x6e,0x02,ff bc ff 64 6e 02 00 00
2025-10-25 13:21:07,281.87,0xff,0xbc,0xff,0x5e,0x6e,0x1b,ff bc ff 5e 6e 1b 00 00
2025-10-25 13:21:07,281.87,0xff,0xbc,0xff,0x5e,0x6e,0x1b,ff bc ff 5e 6e 1b 00 00
2025-10-25 13:21:07,281.87,0xff,0xbc,0xff,0x5e,0x6e,0x1b,ff bc ff 5e 6e 1b 00 00
2025-10-25 13:21:07,282.5,0xff,0xbc,0xff,0x5e,0x6e,0x5a,ff bc ff 5e 6e 5a 00 00
2025-10-25 13:21:07,282.5,0xff,0xbc,0xff,0x5e,0x6e,0x5a,ff bc ff 5e 6e 5a 00 00
2025-10-25 13:21:07,282.75,0xff,0xbc,0xff,0x5e,0x6e,0x73,ff bc ff 5e 6e 73 00 00
2025-10-25 13:21:08,282.75,0xff,0xbc,0xff,0x5e,0x6e,0x73,ff bc ff 5e 6e 73 00 00
2025-10-25 13:21:08,282.75,0xff,0xbc,0xff,0x5e,0x6e,0x73,ff bc ff 5e 6e 73 00 00
2025-10-25 13:21:08,283.06,0xff,0xbc,0xff,0x5e,0x6e,0x92,ff bc ff 5e 6e 92 00 00
2025-10-25 13:21:08,283.06,0xff,0xbc,0xff,0x5e,0x6e,0x92,ff bc ff 5e 6e 92 00 00
2025-10-25 13:21:08,283.06,0xff,0xbc,0xff,0x5e,0x6e,0x92,ff bc ff 5e 6e 92 00 00
2025-10-25 13:21:08,283.06,0xff,0xbc,0xff,0x5e,0x6e,0x92,ff bc ff 5e 6e 92 00 00
2025-10-25 13:21:08,283.06,0xff,0xbc,0xff,0x5e,0x6e,0x92,ff bc ff 5e 6e 92 00 00
2025-10-25 13:21:08,283.12,0xff,0xbc,0xff,0x5e,0x6e,0x98,ff bc ff 5e 6e 98 00 00
2025-10-25 13:21:08,283.12,0xff,0xbc,0xff,0x5e,0x6e,0x98,ff bc ff 5e 6e 98 00 00
2025-10-25 13:21:08,283.12,0xff,0xbc,0xff,0x5e,0x6e,0x98,ff bc ff 5e 6e 98 00 00
2025-10-25 13:21:08,283.12,0xff,0xbc,0xff,0x5e,0x6e,0x98,ff bc ff 5e 6e 98 00 00
2025-10-25 13:21:08,283.12,0xff,0xbc,0xff,0x5e,0x6e,0x98,ff bc ff 5e 6e 98 00 00
2025-10-25 13:21:08,283.12,0xff,0xbc,0xff,0x5e,0x6e,0x98,ff bc ff 5e 6e 98 00 00
2025-10-25 13:21:08,283.12,0xff,0xbc,0xff,0x5e,0x6e,0x98,ff bc ff 5e 6e 98 00 00
2025-10-25 13:21:08,283.12,0xff,0xbc,0xff,0x5e,0x6e,0x98,ff bc ff 5e 6e 98 00 00
2025-10-25 13:21:08,283.12,0xff,0xbc,0xff,0x5e,0x6e,0x98,ff bc ff 5e 6e 98 00 00
2025-10-25 13:21:08,283.12,0xff,0xbc,0xff,0x5e,0x6e,0x98,ff bc ff 5e 6e 98 00 00
2025-10-25 13:21:08,283.12,0xff,0xbc,0xff,0x5e,0x6e,0x98,ff bc ff 5e 6e 98 00 00
2025-10-25 13:21:08,283.12,0xff,0xbc,0xff,0x5e,0x6e,0x98,ff bc ff 5e 6e 98 00 00
2025-10-25 13:21:08,283.12,0xff,0xbc,0xff,0x5e,0x6e,0x98,ff bc ff 5e 6e 98 00 00
2025-10-25 13:21:08,283.12,0xff,0xbc,0xff,0x5e,0x6e,0x98,ff bc ff 5e 6e 98 00 00
2025-10-25 13:21:08,283.12,0xff,0xbc,0xff,0x5e,0x6e,0x98,ff bc ff 5e 6e 98 00 00
2025-10-25 13:21:08,283.12,0xff,0xbc,0xff,0x5e,0x6e,0x98,ff bc ff 5e 6e 98 00 00
2025-10-25 13:21:08,283.12,0xff,0xbc,0xff,0x5e,0x6e,0x98,ff bc ff 5e 6e 98 00 00
2025-10-25 13:21:08,283.12,0xff,0xbc,0xff,0x5e,0x6e,0x98,ff bc ff 5e 6e 98 00 00
2025-10-25 13:21:08,283.12,0xff,0xbc,0xff,0x5e,0x6e,0x98,ff bc ff 5e 6e 98 00 00
2025-10-25 13:21:08,283.12,0xff,0xbc,0xff,0x5e,0x6e,0x98,ff bc ff 5e 6e 98 00 00
2025-10-25 13:21:08,283.12,0xff,0xbc,0xff,0x5e,0x6e,0x98,ff bc ff 5e 6e 98 00 00
2025-10-25 13:21:08,283.12,0xff,0xbc,0xff,0x5e,0x6e,0x98,ff bc ff 5e 6e 98 00 00
2025-10-25 13:21:08,283.12,0xff,0xbc,0xff,0x5e,0x6e,0x98,ff bc ff 5e 6e 98 00 00
2025-10-25 13:21:08,283.12,0xff,0xbc,0xff,0x5e,0x6e,0x98,ff bc ff 5e 6e 98 00 00
2025-10-25 13:21:08,283.12,0xff,0xbc,0xff,0x5e,0x6e,0x98,ff bc ff 5e 6e 98 00 00
2025-10-25 13:21:08,283.12,0xff,0xbc,0xff,0x5e,0x6e,0x98,ff bc ff 5e 6e 98 00 00
2025-10-25 13:21:08,283.12,0xff,0xbc,0xff,0x5e,0x6e,0x98,ff bc ff 5e 6e 98 00 00
2025-10-25 13:21:08,283.12,0xff,0xbc,0xff,0x5e,0x6e,0x98,ff bc ff 5e 6e 98 00 00
2025-10-25 13:21:08,283.12,0xff,0xbc,0xff,0x5e,0x6e,0x98,ff bc ff 5e 6e 98 00 00
2025-10-25 13:21:08,284.37,0xff,0xbc,0xff,0x5e,0x6f,0x15,ff bc ff 5e 6f 15 00 00
2025-10-25 13:21:08,284.37,0xff,0xbc,0xff,0x5e,0x6f,0x15,ff bc ff 5e 6f 15 00 00
2025-10-25 13:21:08,284.93,0xff,0xbc,0xff,0x64,0x6f,0x4d,ff bc ff 64 6f 4d 00 00
2025-10-25 13:21:08,284.93,0xff,0xbc,0xff,0x64,0x6f,0x4d,ff bc ff 64 6f 4d 00 00
2025-10-25 13:21:08,284.93,0xff,0xbc,0xff,0x64,0x6f,0x4d,ff bc ff 64 6f 4d 00 00
2025-10-25 13:21:08,285.12,0xff,0xbc,0xff,0x64,0x6f,0x60,ff bc ff 64 6f 60 00 00
2025-10-25 13:21:08,285.12,0xff,0xbc,0xff,0x64,0x6f,0x60,ff bc ff 64 6f 60 00 00
2025-10-25 13:21:08,285.43,0xff,0xbc,0xff,0x64,0x6f,0x7f,ff bc ff 64 6f 7f 00 00
2025-10-25 13:21:08,285.43,0xff,0xbc,0xff,0x64,0x6f,0x7f,ff bc ff 64 6f 7f 00 00
2025-10-25 13:21:08,285.43,0xff,0xbc,0xff,0x64,0x6f,0x7f,ff bc ff 64 6f 7f 00 00
2025-10-25 13:21:08,285.43,0xff,0xbc,0xff,0x64,0x6f,0x7f,ff bc ff 64 6f 7f 00 00
2025-10-25 13:21:08,285.43,0xff,0xbc,0xff,0x64,0x6f,0x7f,ff bc ff 64 6f 7f 00 00
2025-10-25 13:21:08,285.43,0xff,0xbc,0xff,0x64,0x6f,0x7f,ff bc ff 64 6f 7f 00 00
2025-10-25 13:21:08,285.81,0xff,0xbc,0xff,0x5e,0x6f,0xa5,ff bc ff 5e 6f a5 00 00
2025-10-25 13:21:08,285.81,0xff,0xbc,0xff,0x5e,0x6f,0xa5,ff bc ff 5e 6f a5 00 00
2025-10-25 13:21:08,285.75,0xff,0xbc,0xff,0x5e,0x6f,0x9f,ff bc ff 5e 6f 9f 00 00
2025-10-25 13:21:09,285.75,0xff,0xbc,0xff,0x5e,0x6f,0x9f,ff bc ff 5e 6f 9f 00 00
2025-10-25 13:21:09,285.75,0xff,0xbc,0xff,0x5e,0x6f,0x9f,ff bc ff 5e 6f 9f 00 00
2025-10-25 13:21:09,285.43,0xff,0xce,0xff,0x45,0x6f,0x7f,ff ce ff 45 6f 7f 00 00
2025-10-25 13:21:09,285.43,0xff,0xce,0xff,0x45,0x6f,0x7f,ff ce ff 45 6f 7f 00 00
2025-10-25 13:21:09,285.43,0xff,0xc8,0xff,0x32,0x6f,0x7f,ff c8 ff 32 6f 7f 00 00
2025-10-25 13:21:09,285.43,0xff,0xc8,0xff,0x32,0x6f,0x7f,ff c8 ff 32 6f 7f 00 00
2025-10-25 13:21:09,285.43,0xff,0xc8,0xff,0x32,0x6f,0x7f,ff c8 ff 32 6f 7f 00 00
2025-10-25 13:21:09,285.43,0xff,0xd5,0xff,0x45,0x6f,0x7f,ff d5 ff 45 6f 7f 00 00
2025-10-25 13:21:09,285.43,0xff,0xd5,0xff,0x45,0x6f,0x7f,ff d5 ff 45 6f 7f 00 00
2025-10-25 13:21:09,285.43,0xff,0xce,0xff,0x45,0x6f,0x7f,ff ce ff 45 6f 7f 00 00
2025-10-25 13:21:09,285.43,0xff,0xce,0xff,0x45,0x6f,0x7f,ff ce ff 45 6f 7f 00 00
2025-10-25 13:21:09,285.62,0xff,0xe1,0xff,0x58,0x6f,0x92,ff e1 ff 58 6f 92 00 00
2025-10-25 13:21:09,285.62,0xff,0xe1,0xff,0x58,0x6f,0x92,ff e1 ff 58 6f 92 00 00
2025-10-25 13:21:09,285.62,0xff,0xe1,0xff,0x58,0x6f,0x92,ff e1 ff 58 6f 92 00 00
2025-10-25 13:21:09,285.62,0xff,0xdb,0xff,0x58,0x6f,0x92,ff db ff 58 6f 92 00 00
2025-10-25 13:21:09,285.62,0xff,0xdb,0xff,0x58,0x6f,0x92,ff db ff 58 6f 92 00 00
2025-10-25 13:21:09,285.43,0xff,0xc2,0xff,0x4b,0x6f,0x7f,ff c2 ff 4b 6f 7f 00 00
2025-10-25 13:21:09,285.43,0xff,0xc2,0xff,0x4b,0x6f,0x7f,ff c2 ff 4b 6f 7f 00 00
2025-10-25 13:21:09,285.43,0xff,0xc2,0xff,0x4b,0x6f,0x7f,ff c2 ff 4b 6f 7f 00 00
2025-10-25 13:21:09,286.62,0xff,0xc2,0xff,0x4b,0x6f,0xf6,ff c2 ff 4b 6f f6 00 00
2025-10-25 13:21:09,286.62,0xff,0xc2,0xff,0x4b,0x6f,0xf6,ff c2 ff 4b 6f f6 00 00
2025-10-25 13:21:09,286.62,0xff,0xc2,0xff,0x4b,0x6f,0xf6,ff c2 ff 4b 6f f6 00 00
2025-10-25 13:21:09,287.5,0xff,0xc2,0xff,0x4b,0x70,0x4e,ff c2 ff 4b 70 4e 00 00
2025-10-25 13:21:09,287.5,0xff,0xc2,0xff,0x4b,0x70,0x4e,ff c2 ff 4b 70 4e 00 00
2025-10-25 13:21:09,287.5,0xff,0xc2,0xff,0x4b,0x70,0x4e,ff c2 ff 4b 70 4e 00 00
2025-10-25 13:21:09,287.5,0xff,0xc2,0xff,0x4b,0x70,0x4e,ff c2 ff 4b 70 4e 00 00
2025-10-25 13:21:09,287.5,0xff,0xc2,0xff,0x4b,0x70,0x4e,ff c2 ff 4b 70 4e 00 00
2025-10-25 13:21:09,287.81,0xff,0xc2,0xff,0x4b,0x70,0x6d,ff c2 ff 4b 70 6d 00 00
2025-10-25 13:21:09,287.81,0xff,0xc2,0xff,0x4b,0x70,0x6d,ff c2 ff 4b 70 6d 00 00
2025-10-25 13:21:09,287.81,0xff,0xc2,0xff,0x4b,0x70,0x6d,ff c2 ff 4b 70 6d 00 00
2025-10-25 13:21:09,287.93,0xff,0xc2,0xff,0x4b,0x70,0x79,ff c2 ff 4b 70 79 00 00
2025-10-25 13:21:09,287.93,0xff,0xc2,0xff,0x4b,0x70,0x79,ff c2 ff 4b 70 79 00 00
2025-10-25 13:21:09,288.18,0xff,0xc2,0xff,0x4b,0x70,0x92,ff c2 ff 4b 70 92 00 00
2025-10-25 13:21:09,288.18,0xff,0xc2,0xff,0x4b,0x70,0x92,ff c2 ff 4b 70 92 00 00
2025-10-25 13:21:09,288.18,0xff,0xc2,0xff,0x4b,0x70,0x92,ff c2 ff 4b 70 92 00 00
2025-10-25 13:21:09,288.81,0xff,0xc2,0xff,0x4b,0x70,0xd1,ff c2 ff 4b 70 d1 00 00
2025-10-25 13:21:09,288.81,0xff,0xc2,0xff,0x4b,0x70,0xd1,ff c2 ff 4b 70 d1 00 00
2025-10-25 13:21:09,288.81,0xff,0xc2,0xff,0x4b,0x70,0xd1,ff c2 ff 4b 70 d1 00 00
2025-10-25 13:21:09,288.81,0xff,0xc2,0xff,0x4b,0x70,0xd1,ff c2 ff 4b 70 d1 00 00
2025-10-25 13:21:09,288.81,0xff,0xc2,0xff,0x4b,0x70,0xd1,ff c2 ff 4b 70 d1 00 00
2025-10-25 13:21:09,288.81,0xff,0xc2,0xff,0x4b,0x70,0xd1,ff c2 ff 4b 70 d1 00 00
2025-10-25 13:21:09,288.81,0xff,0xc2,0xff,0x4b,0x70,0xd1,ff c2 ff 4b 70 d1 00 00
2025-10-25 13:21:09,288.81,0xff,0xc2,0xff,0x4b,0x70,0xd1,ff c2 ff 4b 70 d1 00 00
2025-10-25 13:21:09,288.81,0xff,0xc2,0xff,0x4b,0x70,0xd1,ff c2 ff 4b 70 d1 00 00
2025-10-25 13:21:09,288.81,0xff,0xc2,0xff,0x4b,0x70,0xd1,ff c2 ff 4b 70 d1 00 00
2025-10-25 13:21:09,288.81,0xff,0xc2,0xff,0x4b,0x70,0xd1,ff c2 ff 4b 70 d1 00 00
2025-10-25 13:21:09,288.81,0xff,0xc2,0xff,0x4b,0x70,0xd1,ff c2 ff 4b 70 d1 00 00
2025-10-25 13:21:09,288.81,0xff,0xc2,0xff,0x4b,0x70,0xd1,ff c2 ff 4b 70 d1 00 00
2025-10-25 13:21:09,288.81,0xff,0xc2,0xff,0x4b,0x70,0xd1,ff c2 ff 4b 70 d1 00 00
2025-10-25 13:21:09,288.81,0xff,0xc2,0xff,0x4b,0x70,0xd1,ff c2 ff 4b 70 d1 00 00
2025-10-25 13:21:09,288.81,0xff,0xc2,0xff,0x4b,0x70,0xd1,ff c2 ff 4b 70 d1 00 00
2025-10-25 13:21:10,288.81,0xff,0xc2,0xff,0x4b,0x70,0xd1,ff c2 ff 4b 70 d1 00 00
2025-10-25 13:21:10,288.81,0xff,0xc2,0xff,0x4b,0x70,0xd1,ff c2 ff 4b 70 d1 00 00
2025-10-25 13:21:10,289.93,0xff,0xc2,0xff,0x4b,0x71,0x41,ff c2 ff 4b 71 41 00 00
2025-10-25 13:21:10,289.93,0xff,0xc2,0xff,0x4b,0x71,0x41,ff c2 ff 4b 71 41 00 00
2025-10-25 13:21:10,290.25,0xff,0xc2,0xff,0x4b,0x71,0x61,ff c2 ff 4b 71 61 00 00
2025-10-25 13:21:10,290.25,0xff,0xc2,0xff,0x4b,0x71,0x61,ff c2 ff 4b 71 61 00 00
2025-10-25 13:21:10,290.25,0xff,0xc2,0xff,0x4b,0x71,0x61,ff c2 ff 4b 71 61 00 00
2025-10-25 13:21:10,290.43,0xff,0xe7,0xff,0x3f,0x71,0x73,ff e7 ff 3f 71 73 00 00
2025-10-25 13:21:10,290.43,0xff,0xe7,0xff,0x3f,0x71,0x73,ff e7 ff 3f 71 73 00 00
2025-10-25 13:21:10,290.43,0xff,0xe7,0xff,0x3f,0x71,0x73,ff e7 ff 3f 71 73 00 00
2025-10-25 13:21:10,291,0xff,0xe7,0xff,0x51,0x71,0xac,ff e7 ff 51 71 ac 00 00
2025-10-25 13:21:10,291,0xff,0xe7,0xff,0x51,0x71,0xac,ff e7 ff 51 71 ac 00 00
2025-10-25 13:21:10,291,0xff,0xe1,0xff,0x6a,0x71,0xac,ff e1 ff 6a 71 ac 00 00
2025-10-25 13:21:10,291,0xff,0xe1,0xff,0x6a,0x71,0xac,ff e1 ff 6a 71 ac 00 00
2025-10-25 13:21:10,291,0xff,0xe1,0xff,0x6a,0x71,0xac,ff e1 ff 6a 71 ac 00 00
2025-10-25 13:21:10,290.81,0xff,0xce,0xff,0x71,0x71,0x99,ff ce ff 71 71 99 00 00
2025-10-25 13:21:10,290.81,0xff,0xce,0xff,0x71,0x71,0x99,ff ce ff 71 71 99 00 00
2025-10-25 13:21:10,290.81,0xff,0xce,0xff,0x71,0x71,0x99,ff ce ff 71 71 99 00 00
2025-10-25 13:21:10,291,0xff,0xdb,0xff,0x58,0x71,0xac,ff db ff 58 71 ac 00 00
2025-10-25 13:21:10,291,0xff,0xdb,0xff,0x58,0x71,0xac,ff db ff 58 71 ac 00 00
2025-10-25 13:21:10,290.5,0xff,0xbc,0xff,0x26,0x71,0x7a,ff bc ff 26 71 7a 00 00
2025-10-25 13:21:10,290.5,0xff,0xbc,0xff,0x26,0x71,0x7a,ff bc ff 26 71 7a 00 00
2025-10-25 13:21:10,290.5,0xff,0xbc,0xff,0x26,0x71,0x7a,ff bc ff 26 71 7a 00 00
2025-10-25 13:21:10,290.5,0xff,0xbc,0xff,0x13,0x71,0x7a,ff bc ff 13 71 7a 00 00
2025-10-25 13:21:10,290.5,0xff,0xbc,0xff,0x13,0x71,0x7a,ff bc ff 13 71 7a 00 00
2025-10-25 13:21:10,290.5,0xff,0xbc,0xff,0x13,0x71,0x7a,ff bc ff 13 71 7a 00 00
2025-10-25 13:21:10,290.81,0xff,0xce,0xff,0x32,0x71,0x99,ff ce ff 32 71 99 00 00
2025-10-25 13:21:10,290.81,0xff,0xce,0xff,0x32,0x71,0x99,ff ce ff 32 71 99 00 00
2025-10-25 13:21:10,291,0xff,0xdb,0xff,0x58,0x71,0xac,ff db ff 58 71 ac 00 00
2025-10-25 13:21:10,291,0xff,0xdb,0xff,0x58,0x71,0xac,ff db ff 58 71 ac 00 00
2025-10-25 13:21:10,291,0xff,0xdb,0xff,0x58,0x71,0xac,ff db ff 58 71 ac 00 00
2025-10-25 13:21:10,291.06,0xff,0xd5,0xff,0x71,0x71,0xb2,ff d5 ff 71 71 b2 00 00
2025-10-25 13:21:10,291.06,0xff,0xd5,0xff,0x71,0x71,0xb2,ff d5 ff 71 71 b2 00 00
2025-10-25 13:21:10,290.81,0xff,0xd5,0xff,0x45,0x71,0x99,ff d5 ff 45 71 99 00 00
2025-10-25 13:21:10,290.81,0xff,0xd5,0xff,0x45,0x71,0x99,ff d5 ff 45 71 99 00 00
2025-10-25 13:21:10,290.81,0xff,0xd5,0xff,0x45,0x71,0x99,ff d5 ff 45 71 99 00 00
2025-10-25 13:21:10,290.5,0xff,0xce,0xff,0x1f,0x71,0x7a,ff ce ff 1f 71 7a 00 00
2025-10-25 13:21:10,290.5,0xff,0xce,0xff,0x1f,0x71,0x7a,ff ce ff 1f 71 7a 00 00
2025-10-25 13:21:10,290.5,0xff,0xce,0xff,0x1f,0x71,0x7a,ff ce ff 1f 71 7a 00 00
2025-10-25 13:21:10,290.5,0xff,0xd5,0xff,0x1f,0x71,0x7a,ff d5 ff 1f 71 7a 00 00
2025-10-25 13:21:10,290.5,0xff,0xd5,0xff,0x1f,0x71,0x7a,ff d5 ff 1f 71 7a 00 00
2025-10-25 13:21:10,290.68,0xff,0xdb,0xff,0x3f,0x71,0x8c,ff db ff 3f 71 8c 00 00
2025-10-25 13:21:10,290.68,0xff,0xdb,0xff,0x3f,0x71,0x8c,ff db ff 3f 71 8c 00 00
2025-10-25 13:21:10,290.68,0xff,0xdb,0xff,0x3f,0x71,0x8c,ff db ff 3f 71 8c 00 00
2025-10-25 13:21:10,291.06,0xff,0xce,0xff,0x58,0x71,0xb2,ff ce ff 58 71 b2 00 00
2025-10-25 13:21:10,291.06,0xff,0xce,0xff,0x58,0x71,0xb2,ff ce ff 58 71 b2 00 00
2025-10-25 13:21:10,291.06,0xff,0xce,0xff,0x58,0x71,0xb2,ff ce ff 58 71 b2 00 00
2025-10-25 13:21:10,291.06,0xff,0xce,0xff,0x5e,0x71,0xb2,ff ce ff 5e 71 b2 00 00
2025-10-25 13:21:10,291.06,0xff,0xce,0xff,0x5e,0x71,0xb2,ff ce ff 5e 71 b2 00 00
2025-10-25 13:21:10,290.81,0xff,0xd5,0xff,0x45,0x71,0x99,ff d5 ff 45 71 99 00 00
2025-10-25 13:21:10,290.81,0xff,0xd5,0xff,0x45,0x71,0x99,ff d5 ff 45 71 99 00 00
2025-10-25 13:21:10,290.81,0xff,0xd5,0xff,0x45,0x71,0x99,ff d5 ff 45 71 99 00 00
2025-10-25 13:21:11,290.68,0xff,0xe7,0xff,0x2c,0x71,0x8c,ff e7 ff 2c 71 8c 00 00
2025-10-25 13:21:11,290.68,0xff,0xe7,0xff,0x2c,0x71,0x8c,ff e7 ff 2c 71 8c 00 00
2025-10-25 13:21:11,290.68,0xff,0xe7,0xff,0x2c,0x71,0x8c,ff e7 ff 2c 71 8c 00 00
2025-10-25 13:21:11,290.68,0xff,0xe7,0xff,0x2c,0x71,0x8c,ff e7 ff 2c 71 8c 00 00
2025-10-25 13:21:11,290.68,0xff,0xe7,0xff,0x2c,0x71,0x8c,ff e7 ff 2c 71 8c 00 00
2025-10-25 13:21:11,290.68,0xff,0xe7,0xff,0x2c,0x71,0x8c,ff e7 ff 2c 71 8c 00 00
2025-10-25 13:21:11,290.68,0xff,0xe7,0xff,0x2c,0x71,0x8c,ff e7 ff 2c 71 8c 00 00
2025-10-25 13:21:11,290.68,0xff,0xe7,0xff,0x2c,0x71,0x8c,ff e7 ff 2c 71 8c 00 00
2025-10-25 13:21:11,290.68,0xff,0xe7,0xff,0x2c,0x71,0x8c,ff e7 ff 2c 71 8c 00 00
2025-10-25 13:21:11,290.68,0xff,0xe7,0xff,0x2c,0x71,0x8c,ff e7 ff 2c 71 8c 00 00
2025-10-25 13:21:11,290.68,0xff,0xe7,0xff,0x2c,0x71,0x8c,ff e7 ff 2c 71 8c 00 00
2025-10-25 13:21:11,290.68,0xff,0xe7,0xff,0x2c,0x71,0x8c,ff e7 ff 2c 71 8c 00 00
2025-10-25 13:21:11,290.68,0xff,0xe7,0xff,0x2c,0x71,0x8c,ff e7 ff 2c 71 8c 00 00
2025-10-25 13:21:11,290.68,0xff,0xe7,0xff,0x2c,0x71,0x8c,ff e7 ff 2c 71 8c 00 00
2025-10-25 13:21:11,290.68,0xff,0xe7,0xff,0x2c,0x71,0x8c,ff e7 ff 2c 71 8c 00 00
2025-10-25 13:21:11,290.68,0xff,0xe7,0xff,0x2c,0x71,0x8c,ff e7 ff 2c 71 8c 00 00
2025-10-25 13:21:11,290.68,0xff,0xe7,0xff,0x2c,0x71,0x8c,ff e7 ff 2c 71 8c 00 00
2025-10-25 13:21:11,290.68,0xff,0xe7,0xff,0x2c,0x71,0x8c,ff e7 ff 2c 71 8c 00 00
2025-10-25 13:21:11,291.93,0xff,0xe7,0xff,0x2c,0x72,0x09,ff e7 ff 2c 72 09 00 00
2025-10-25 13:21:11,291.93,0xff,0xe7,0xff,0x2c,0x72,0x09,ff e7 ff 2c 72 09 00 00
2025-10-25 13:21:11,291.93,0xff,0xe7,0xff,0x2c,0x72,0x09,ff e7 ff 2c 72 09 00 00
2025-10-25 13:21:11,292.5,0xff,0xe7,0xff,0x2c,0x72,0x42,ff e7 ff 2c 72 42 00 00
2025-10-25 13:21:11,292.5,0xff,0xe7,0xff,0x2c,0x72,0x42,ff e7 ff 2c 72 42 00 00
2025-10-25 13:21:11,293.06,0xff,0xe7,0xff,0x2c,0x72,0x7a,ff e7 ff 2c 72 7a 00 00
2025-10-25 13:21:11,293.06,0xff,0xe7,0xff,0x2c,0x72,0x7a,ff e7 ff 2c 72 7a 00 00
2025-10-25 13:21:11,293.06,0xff,0xe7,0xff,0x2c,0x72,0x7a,ff e7 ff 2c 72 7a 00 00
2025-10-25 13:21:11,293.43,0xff,0xe7,0xff,0x2c,0x72,0x9f,ff e7 ff 2c 72 9f 00 00
2025-10-25 13:21:11,293.43,0xff,0xe7,0xff,0x2c,0x72,0x9f,ff e7 ff 2c 72 9f 00 00
2025-10-25 13:21:11,293.43,0xff,0xe7,0xff,0x2c,0x72,0x9f,ff e7 ff 2c 72 9f 00 00
2025-10-25 13:21:11,293.43,0xff,0xe7,0xff,0x2c,0x72,0x9f,ff e7 ff 2c 72 9f 00 00
2025-10-25 13:21:11,293.43,0xff,0xe7,0xff,0x2c,0x72,0x9f,ff e7 ff 2c 72 9f 00 00
2025-10-25 13:21:11,294.12,0xff,0xe7,0xff,0x51,0x72,0xe4,ff e7 ff 51 72 e4 00 00
2025-10-25 13:21:11,294.12,0xff,0xe7,0xff,0x51,0x72,0xe4,ff e7 ff 51 72 e4 00 00
2025-10-25 13:21:11,294.12,0xff,0xe7,0xff,0x51,0x72,0xe4,ff e7 ff 51 72 e4 00 00
2025-10-25 13:21:11,294.25,0xff,0xdb,0xff,0x58,0x72,0xf1,ff db ff 58 72 f1 00 00
2025-10-25 13:21:11,294.25,0xff,0xdb,0xff,0x58,0x72,0xf1,ff db ff 58 72 f1 00 00
2025-10-25 13:21:11,294.25,0xff,0xdb,0xff,0x58,0x72,0xf1,ff db ff 58 72 f1 00 00
2025-10-25 13:21:11,294.37,0xff,0xc8,0xff,0x5e,0x72,0xfd,ff c8 ff 5e 72 fd 00 00
2025-10-25 13:21:11,294.37,0xff,0xc8,0xff,0x5e,0x72,0xfd,ff c8 ff 5e 72 fd 00 00
2025-10-25 13:21:11,294.12,0xff,0xc8,0xff,0x45,0x72,0xe4,ff c8 ff 45 72 e4 00 00
2025-10-25 13:21:11,294.12,0xff,0xc8,0xff,0x45,0x72,0xe4,ff c8 ff 45 72 e4 00 00
2025-10-25 13:21:11,294.12,0xff,0xc8,0xff,0x45,0x72,0xe4,ff c8 ff 45 72 e4 00 00
2025-10-25 13:21:11,294.12,0xff,0xce,0xff,0x45,0x72,0xe4,ff ce ff 45 72 e4 00 00
2025-10-25 13:21:11,294.12,0xff,0xce,0xff,0x45,0x72,0xe4,ff ce ff 45 72 e4 00 00
2025-10-25 13:21:11,294.25,0xff,0xdb,0xff,0x58,0x72,0xf1,ff db ff 58 72 f1 00 00
2025-10-25 13:21:11,294.25,0xff,0xdb,0xff,0x58,0x72,0xf1,ff db ff 58 72 f1 00 00
2025-10-25 13:21:11,294.25,0xff,0xdb,0xff,0x58,0x72,0xf1,ff db ff 58 72 f1 00 00
2025-10-25 13:21:11,294.25,0xff,0xe1,0xff,0x58,0x72,0xf1,ff e1 ff 58 72 f1 00 00
2025-10-25 13:21:11,294.25,0xff,0xe1,0xff,0x58,0x72,0xf1,ff e1 ff 58 72 f1 00 00
2025-10-25 13:21:11,294.25,0xff,0xe1,0xff,0x58,0x72,0xf1,ff e1 ff 58 72 f1 00 00
2025-10-25 13:21:11,294.25,0xff,0xe1,0xff,0x58,0x72,0xf1,ff e1 ff 58 72 f1 00 00
2025-10-25 13:21:11,294.25,0xff,0xe1,0xff,0x58,0x72,0xf1,ff e1 ff 58 72 f1 00 00
2025-10-25 13:21:11,294.25,0xff,0xe1,0xff,0x58,0x72,0xf1,ff e1 ff 58 72 f1 00 00
2025-10-25 13:21:12,294.25,0xff,0xe1,0xff,0x58,0x72,0xf1,ff e1 ff 58 72 f1 00 00
2025-10-25 13:21:12,294.25,0xff,0xe1,0xff,0x58,0x72,0xf1,ff e1 ff 58 72 f1 00 00
2025-10-25 13:21:12,294.25,0xff,0xe1,0xff,0x58,0x72,0xf1,ff e1 ff 58 72 f1 00 00
2025-10-25 13:21:12,294.25,0xff,0xe1,0xff,0x58,0x72,0xf1,ff e1 ff 58 72 f1 00 00
2025-10-25 13:21:12,294.25,0xff,0xe1,0xff,0x58,0x72,0xf1,ff e1 ff 58 72 f1 00 00
2025-10-25 13:21:12,294.25,0xff,0xe1,0xff,0x58,0x72,0xf1,ff e1 ff 58 72 f1 00 00
2025-10-25 13:21:12,294.25,0xff,0xe1,0xff,0x58,0x72,0xf1,ff e1 ff 58 72 f1 00 00
2025-10-25 13:21:12,294.25,0xff,0xe1,0xff,0x58,0x72,0xf1,ff e1 ff 58 72 f1 00 00
2025-10-25 13:21:12,294.25,0xff,0xe1,0xff,0x58,0x72,0xf1,ff e1 ff 58 72 f1 00 00
2025-10-25 13:21:12,294.25,0xff,0xe1,0xff,0x58,0x72,0xf1,ff e1 ff 58 72 f1 00 00
2025-10-25 13:21:12,294.25,0xff,0xe1,0xff,0x58,0x72,0xf1,ff e1 ff 58 72 f1 00 00
2025-10-25 13:21:12,294.25,0xff,0xe1,0xff,0x58,0x72,0xf1,ff e1 ff 58 72 f1 00 00
2025-10-25 13:21:12,294.25,0xff,0xe1,0xff,0x58,0x72,0xf1,ff e1 ff 58 72 f1 00 00
2025-10-25 13:21:12,294.25,0xff,0xe1,0xff,0x58,0x72,0xf1,ff e1 ff 58 72 f1 00 00
2025-10-25 13:21:12,294.25,0xff,0xe1,0xff,0x58,0x72,0xf1,ff e1 ff 58 72 f1 00 00
2025-10-25 13:21:12,294.25,0xff,0xe1,0xff,0x58,0x72,0xf1,ff e1 ff 58 72 f1 00 00
2025-10-25 13:21:12,294.25,0xff,0xe1,0xff,0x58,0x72,0xf1,ff e1 ff 58 72 f1 00 00
2025-10-25 13:21:12,295.75,0xff,0xe1,0xff,0x58,0x73,0x87,ff e1 ff 58 73 87 00 00
2025-10-25 13:21:12,295.75,0xff,0xe1,0xff,0x58,0x73,0x87,ff e1 ff 58 73 87 00 00
2025-10-25 13:21:12,295.75,0xff,0xe1,0xff,0x58,0x73,0x87,ff e1 ff 58 73 87 00 00
2025-10-25 13:21:12,296.37,0xff,0xe1,0xff,0x58,0x73,0xc5,ff e1 ff 58 73 c5 00 00
2025-10-25 13:21:12,296.37,0xff,0xe1,0xff,0x58,0x73,0xc5,ff e1 ff 58 73 c5 00 00
2025-10-25 13:21:12,296.37,0xff,0xe1,0xff,0x58,0x73,0xc5,ff e1 ff 58 73 c5 00 00
2025-10-25 13:21:12,296.37,0xff,0xe1,0xff,0x58,0x73,0xc5,ff e1 ff 58 73 c5 00 00
2025-10-25 13:21:12,296.37,0xff,0xe1,0xff,0x58,0x73,0xc5,ff e1 ff 58 73 c5 00 00
2025-10-25 13:21:12,296.25,0xff,0xe1,0xff,0x58,0x73,0xb9,ff e1 ff 58 73 b9 00 00
2025-10-25 13:21:12,296.25,0xff,0xe1,0xff,0x58,0x73,0xb9,ff e1 ff 58 73 b9 00 00
2025-10-25 13:21:12,296.25,0xff,0xe1,0xff,0x58,0x73,0xb9,ff e1 ff 58 73 b9 00 00
2025-10-25 13:21:12,296.81,0xff,0xe1,0xff,0x58,0x73,0xf1,ff e1 ff 58 73 f1 00 00
2025-10-25 13:21:12,296.81,0xff,0xe1,0xff,0x58,0x73,0xf1,ff e1 ff 58 73 f1 00 00
2025-10-25 13:21:12,297.31,0xff,0xe1,0xff,0x58,0x74,0x23,ff e1 ff 58 74 23 00 00
2025-10-25 13:21:12,297.31,0xff,0xe1,0xff,0x58,0x74,0x23,ff e1 ff 58 74 23 00 00
2025-10-25 13:21:12,297.31,0xff,0xe1,0xff,0x58,0x74,0x23,ff e1 ff 58 74 23 00 00
2025-10-25 13:21:12,297.18,0xff,0xe1,0xff,0x58,0x74,0x16,ff e1 ff 58 74 16 00 00
2025-10-25 13:21:12,297.18,0xff,0xe1,0xff,0x58,0x74,0x16,ff e1 ff 58 74 16 00 00
2025-10-25 13:21:12,297.18,0xff,0xe1,0xff,0x58,0x74,0x16,ff e1 ff 58 74 16 00 00
2025-10-25 13:21:12,297.18,0xff,0xe1,0xff,0x58,0x74,0x16,ff e1 ff 58 74 16 00 00
2025-10-25 13:21:12,297.18,0xff,0xe1,0xff,0x58,0x74,0x16,ff e1 ff 58 74 16 00 00
2025-10-25 13:21:12,297.18,0xff,0xe1,0xff,0x58,0x74,0x16,ff e1 ff 58 74 16 00 00
2025-10-25 13:21:12,297.18,0xff,0xe1,0xff,0x58,0x74,0x16,ff e1 ff 58 74 16 00 00
2025-10-25 13:21:12,297.18,0xff,0xe1,0xff,0x58,0x74,0x16,ff e1 ff 58 74 16 00 00
2025-10-25 13:21:12,297.18,0xff,0xe1,0xff,0x58,0x74,0x16,ff e1 ff 58 74 16 00 00
2025-10-25 13:21:12,297.18,0xff,0xe1,0xff,0x58,0x74,0x16,ff e1 ff 58 74 16 00 00
2025-10-25 13:21:12,297.18,0xff,0xe1,0xff,0x58,0x74,0x16,ff e1 ff 58 74 16 00 00
2025-10-25 13:21:12,297.18,0xff,0xe1,0xff,0x58,0x74,0x16,ff e1 ff 58 74 16 00 00
2025-10-25 13:21:12,297.18,0xff,0xe1,0xff,0x58,0x74,0x16,ff e1 ff 58 74 16 00 00
2025-10-25 13:21:12,297.18,0xff,0xe1,0xff,0x58,0x74,0x16,ff e1 ff 58 74 16 00 00
2025-10-25 13:21:12,297.18,0xff,0xe1,0xff,0x58,0x74,0x16,ff e1 ff 58 74 16 00 00
2025-10-25 13:21:12,297.18,0xff,0xe1,0xff,0x58,0x74,0x16,ff e1 ff 58 74 16 00 00
2025-10-25 13:21:12,297.18,0xff,0xe1,0xff,0x58,0x74,0x16,ff e1 ff 58 74 16 00 00
2025-10-25 13:21:12,297.18,0xff,0xe1,0xff,0x58,0x74,0x16,ff e1 ff 58 74 16 00 00
2025-10-25 13:21:12,297.18,0xff,0xe1,0xff,0x58,0x74,0x16,ff e1 ff 58 74 16 00 00
2025-10-25 13:21:13,297.18,0xff,0xe1,0xff,0x58,0x74,0x16,ff e1 ff 58 74 16 00 00
2025-10-25 13:21:13,297.18,0xff,0xe1,0xff,0x58,0x74,0x16,ff e1 ff 58 74 16 00 00
2025-10-25 13:21:13,297.18,0xff,0xe1,0xff,0x58,0x74,0x16,ff e1 ff 58 74 16 00 00
2025-10-25 13:21:13,297.18,0xff,0xe1,0xff,0x58,0x74,0x16,ff e1 ff 58 74 16 00 00
2025-10-25 13:21:13,297.18,0xff,0xe1,0xff,0x58,0x74,0x16,ff e1 ff 58 74 16 00 00
2025-10-25 13:21:13,297.18,0xff,0xe1,0xff,0x58,0x74,0x16,ff e1 ff 58 74 16 00 00
2025-10-25 13:21:13,297.18,0xff,0xe1,0xff,0x58,0x74,0x16,ff e1 ff 58 74 16 00 00
2025-10-25 13:21:13,297.18,0xff,0xe1,0xff,0x58,0x74,0x16,ff e1 ff 58 74 16 00 00
2025-10-25 13:21:13,297.18,0xff,0xe1,0xff,0x58,0x74,0x16,ff e1 ff 58 74 16 00 00
2025-10-25 13:21:13,297.18,0xff,0xe1,0xff,0x58,0x74,0x16,ff e1 ff 58 74 16 00 00
2025-10-25 13:21:13,297.18,0xff,0xe1,0xff,0x58,0x74,0x16,ff e1 ff 58 74 16 00 00
2025-10-25 13:21:13,297.18,0xff,0xe1,0xff,0x58,0x74,0x16,ff e1 ff 58 74 16 00 00
2025-10-25 13:21:13,297.18,0xff,0xe1,0xff,0x58,0x74,0x16,ff e1 ff 58 74 16 00 00
2025-10-25 13:21:13,297.18,0xff,0xe1,0xff,0x58,0x74,0x16,ff e1 ff 58 74 16 00 00
2025-10-25 13:21:13,297.18,0xff,0xe1,0xff,0x58,0x74,0x16,ff e1 ff 58 74 16 00 00
2025-10-25 13:21:13,297.18,0xff,0xe1,0xff,0x58,0x74,0x16,ff e1 ff 58 74 16 00 00
2025-10-25 13:21:13,297.18,0xff,0xe1,0xff,0x58,0x74,0x16,ff e1 ff 58 74 16 00 00
2025-10-25 13:21:13,298.5,0xff,0xe1,0xff,0x58,0x74,0x9a,ff e1 ff 58 74 9a 00 00
2025-10-25 13:21:13,298.5,0xff,0xe1,0xff,0x58,0x74,0x9a,ff e1 ff 58 74 9a 00 00
2025-10-25 13:21:13,298.5,0xff,0xe1,0xff,0x58,0x74,0x9a,ff e1 ff 58 74 9a 00 00
2025-10-25 13:21:13,298.87,0xff,0xe1,0xff,0x58,0x74,0xbf,ff e1 ff 58 74 bf 00 00
2025-10-25 13:21:13,298.87,0xff,0xe1,0xff,0x58,0x74,0xbf,ff e1 ff 58 74 bf 00 00
2025-10-25 13:21:13,299.5,0xff,0xe1,0xff,0x58,0x74,0xfe,ff e1 ff 58 74 fe 00 00
2025-10-25 13:21:13,299.5,0xff,0xe1,0xff,0x58,0x74,0xfe,ff e1 ff 58 74 fe 00 00
2025-10-25 13:21:13,299.5,0xff,0xe1,0xff,0x58,0x74,0xfe,ff e1 ff 58 74 fe 00 00
2025-10-25 13:21:13,299.93,0xff,0xe1,0xff,0x58,0x75,0x29,ff e1 ff 58 75 29 00 00
2025-10-25 13:21:13,299.93,0xff,0xe1,0xff,0x58,0x75,0x29,ff e1 ff 58 75 29 00 00
2025-10-25 13:21:13,299.93,0xff,0xe1,0xff,0x58,0x75,0x29,ff e1 ff 58 75 29 00 00
2025-10-25 13:21:13,300.18,0xff,0xe1,0xff,0x58,0x75,0x42,ff e1 ff 58 75 42 00 00
2025-10-25 13:21:13,300.18,0xff,0xe1,0xff,0x58,0x75,0x42,ff e1 ff 58 75 42 00 00
2025-10-25 13:21:13,300.68,0xff,0xe1,0xff,0x58,0x75,0x74,ff e1 ff 58 75 74 00 00
2025-10-25 13:21:13,300.68,0xff,0xe1,0xff,0x58,0x75,0x74,ff e1 ff 58 75 74 00 00
2025-10-25 13:21:13,300.68,0xff,0xe1,0xff,0x58,0x75,0x74,ff e1 ff 58 75 74 00 00
2025-10-25 13:21:13,300.93,0xff,0xe1,0xff,0x58,0x75,0x8d,ff e1 ff 58 75 8d 00 00
2025-10-25 13:21:13,300.93,0xff,0xe1,0xff,0x58,0x75,0x8d,ff e1 ff 58 75 8d 00 00
2025-10-25 13:21:13,300.93,0xff,0xe1,0xff,0x58,0x75,0x8d,ff e1 ff 58 75 8d 00 00
2025-10-25 13:21:13,300.93,0xff,0xe1,0xff,0x58,0x75,0x8d,ff e1 ff 58 75 8d 00 00
2025-10-25 13:21:13,300.93,0xff,0xe1,0xff,0x58,0x75,0x8d,ff e1 ff 58 75 8d 00 00
2025-10-25 13:21:13,300.93,0xff,0xe1,0xff,0x58,0x75,0x8d,ff e1 ff 58 75 8d 00 00
2025-10-25 13:21:13,300.93,0xff,0xe1,0xff,0x58,0x75,0x8d,ff e1 ff 58 75 8d 00 00
2025-10-25 13:21:13,300.93,0xff,0xe1,0xff,0x58,0x75,0x8d,ff e1 ff 58 75 8d 00 00
2025-10-25 13:21:13,300.93,0xff,0xe1,0xff,0x58,0x75,0x8d,ff e1 ff 58 75 8d 00 00
2025-10-25 13:21:13,300.93,0xff,0xe1,0xff,0x58,0x75,0x8d,ff e1 ff 58 75 8d 00 00
2025-10-25 13:21:13,300.93,0xff,0xe1,0xff,0x58,0x75,0x8d,ff e1 ff 58 75 8d 00 00
2025-10-25 13:21:13,300.93,0xff,0xe1,0xff,0x58,0x75,0x8d,ff e1 ff 58 75 8d 00 00
2025-10-25 13:21:13,300.93,0xff,0xe1,0xff,0x58,0x75,0x8d,ff e1 ff 58 75 8d 00 00
2025-10-25 13:21:13,300.93,0xff,0xe1,0xff,0x58,0x75,0x8d,ff e1 ff 58 75 8d 00 00
2025-10-25 13:21:13,300.93,0xff,0xe1,0xff,0x58,0x75,0x8d,ff e1 ff 58 75 8d 00 00
2025-10-25 13:21:13,300.93,0xff,0xe1,0xff,0x58,0x75,0x8d,ff e1 ff 58 75 8d 00 00
2025-10-25 13:21:13,300.93,0xff,0xe1,0xff,0x58,0x75,0x8d,ff e1 ff 58 75 8d 00 00
2025-10-25 13:21:13,300.93,0xff,0xe1,0xff,0x58,0x75,0x8d,ff e1 ff 58 75 8d 00 00
2025-10-25 13:21:13,300.93,0xff,0xe1,0xff,0x58,0x75,0x8d,ff e1 ff 58 75 8d 00 00
2025-10-25 13:21:14,300.93,0xff,0xe1,0xff,0x58,0x75,0x8d,ff e1 ff 58 75 8d 00 00
2025-10-25 13:21:14,300.93,0xff,0xe1,0xff,0x58,0x75,0x8d,ff e1 ff 58 75 8d 00 00
2025-10-25 13:21:14,300.93,0xff,0xe1,0xff,0x58,0x75,0x8d,ff e1 ff 58 75 8d 00 00
2025-10-25 13:21:14,300.93,0xff,0xe1,0xff,0x58,0x75,0x8d,ff e1 ff 58 75 8d 00 00
2025-10-25 13:21:14,300.93,0xff,0xe1,0xff,0x58,0x75,0x8d,ff e1 ff 58 75 8d 00 00
2025-10-25 13:21:14,300.93,0xff,0xe1,0xff,0x58,0x75,0x8d,ff e1 ff 58 75 8d 00 00
2025-10-25 13:21:14,302.06,0xff,0xe1,0xff,0x58,0x75,0xfe,ff e1 ff 58 75 fe 00 00
2025-10-25 13:21:14,302.06,0xff,0xe1,0xff,0x58,0x75,0xfe,ff e1 ff 58 75 fe 00 00
2025-10-25 13:21:14,302.68,0xff,0xe1,0xff,0x58,0x76,0x3c,ff e1 ff 58 76 3c 00 00
2025-10-25 13:21:14,302.68,0xff,0xe1,0xff,0x58,0x76,0x3c,ff e1 ff 58 76 3c 00 00
2025-10-25 13:21:14,302.68,0xff,0xe1,0xff,0x58,0x76,0x3c,ff e1 ff 58 76 3c 00 00
2025-10-25 13:21:14,302.93,0xff,0xe1,0xff,0x58,0x76,0x55,ff e1 ff 58 76 55 00 00
2025-10-25 13:21:14,302.93,0xff,0xe1,0xff,0x58,0x76,0x55,ff e1 ff 58 76 55 00 00
2025-10-25 13:21:14,303.31,0xff,0xe1,0xff,0x58,0x76,0x7b,ff e1 ff 58 76 7b 00 00
2025-10-25 13:21:14,303.31,0xff,0xe1,0xff,0x58,0x76,0x7b,ff e1 ff 58 76 7b 00 00
2025-10-25 13:21:14,303.31,0xff,0xe1,0xff,0x58,0x76,0x7b,ff e1 ff 58 76 7b 00 00
2025-10-25 13:21:14,303.5,0xff,0xe1,0xff,0x58,0x76,0x8e,ff e1 ff 58 76 8e 00 00
2025-10-25 13:21:14,303.5,0xff,0xe1,0xff,0x58,0x76,0x8e,ff e1 ff 58 76 8e 00 00
2025-10-25 13:21:14,303.5,0xff,0xe1,0xff,0x58,0x76,0x8e,ff e1 ff 58 76 8e 00 00
2025-10-25 13:21:14,304.12,0xff,0xe1,0xff,0x58,0x76,0xcc,ff e1 ff 58 76 cc 00 00
2025-10-25 13:21:14,304.12,0xff,0xe1,0xff,0x58,0x76,0xcc,ff e1 ff 58 76 cc 00 00
2025-10-25 13:21:14,304.18,0xff,0xe1,0xff,0x58,0x76,0xd2,ff e1 ff 58 76 d2 00 00
2025-10-25 13:21:14,304.18,0xff,0xe1,0xff,0x58,0x76,0xd2,ff e1 ff 58 76 d2 00 00
2025-10-25 13:21:14,304.18,0xff,0xe1,0xff,0x58,0x76,0xd2,ff e1 ff 58 76 d2 00 00
2025-10-25 13:21:14,304.18,0xff,0xe1,0xff,0x58,0x76,0xd2,ff e1 ff 58 76 d2 00 00
2025-10-25 13:21:14,304.18,0xff,0xe1,0xff,0x58,0x76,0xd2,ff e1 ff 58 76 d2 00 00
2025-10-25 13:21:14,304.18,0xff,0xe1,0xff,0x58,0x76,0xd2,ff e1 ff 58 76 d2 00 00
2025-10-25 13:21:14,304.18,0xff,0xe1,0xff,0x58,0x76,0xd2,ff e1 ff 58 76 d2 00 00
2025-10-25 13:21:14,304.18,0xff,0xe1,0xff,0x58,0x76,0xd2,ff e1 ff 58 76 d2 00 00
2025-10-25 13:21:14,304.18,0xff,0xe1,0xff,0x58,0x76,0xd2,ff e1 ff 58 76 d2 00 00
2025-10-25 13:21:14,304.18,0xff,0xe1,0xff,0x58,0x76,0xd2,ff e1 ff 58 76 d2 00 00
2025-10-25 13:21:14,304.18,0xff,0xe1,0xff,0x58,0x76,0xd2,ff e1 ff 58 76 d2 00 00
2025-10-25 13:21:14,304.18,0xff,0xe1,0xff,0x58,0x76,0xd2,ff e1 ff 58 76 d2 00 00
2025-10-25 13:21:14,304.18,0xff,0xe1,0xff,0x58,0x76,0xd2,ff e1 ff 58 76 d2 00 00
2025-10-25 13:21:14,304.18,0xff,0xe1,0xff,0x58,0x76,0xd2,ff e1 ff 58 76 d2 00 00
2025-10-25 13:21:14,304.18,0xff,0xe1,0xff,0x58,0x76,0xd2,ff e1 ff 58 76 d2 00 00
2025-10-25 13:21:14,304.18,0xff,0xe1,0xff,0x58,0x76,0xd2,ff e1 ff 58 76 d2 00 00
2025-10-25 13:21:14,304.18,0xff,0xe1,0xff,0x58,0x76,0xd2,ff e1 ff 58 76 d2 00 00
2025-10-25 13:21:14,304.18,0xff,0xe1,0xff,0x58,0x76,0xd2,ff e1 ff 58 76 d2 00 00
2025-10-25 13:21:14,305.31,0xff,0xe1,0xff,0x58,0x77,0x43,ff e1 ff 58 77 43 00 00
2025-10-25 13:21:14,305.31,0xff,0xe1,0xff,0x58,0x77,0x43,ff e1 ff 58 77 43 00 00
2025-10-25 13:21:14,305.31,0xff,0xe1,0xff,0x58,0x77,0x43,ff e1 ff 58 77 43 00 00
2025-10-25 13:21:14,305.68,0xff,0xe1,0xff,0x58,0x77,0x68,ff e1 ff 58 77 68 00 00
2025-10-25 13:21:14,305.68,0xff,0xe1,0xff,0x58,0x77,0x68,ff e1 ff 58 77 68 00 00
2025-10-25 13:21:14,305.68,0xff,0xe1,0xff,0x58,0x77,0x68,ff e1 ff 58 77 68 00 00
2025-10-25 13:21:14,306.18,0xff,0xe1,0xff,0x58,0x77,0x9a,ff e1 ff 58 77 9a 00 00
2025-10-25 13:21:14,306.18,0xff,0xe1,0xff,0x58,0x77,0x9a,ff e1 ff 58 77 9a 00 00
2025-10-25 13:21:14,306.75,0xff,0xe1,0xff,0x58,0x77,0xd3,ff e1 ff 58 77 d3 00 00
2025-10-25 13:21:14,306.75,0xff,0xe1,0xff,0x58,0x77,0xd3,ff e1 ff 58 77 d3 00 00
2025-10-25 13:21:14,306.75,0xff,0xe1,0xff,0x58,0x77,0xd3,ff e1 ff 58 77 d3 00 00
2025-10-25 13:21:14,307,0xff,0xe1,0xff,0x58,0x77,0xec,ff e1 ff 58 77 ec 00 00
2025-10-25 13:21:15,307,0xff,0xe1,0xff,0x58,0x77,0xec,ff e1 ff 58 77 ec 00 00
2025-10-25 13:21:15,307,0xff,0xe1,0xff,0x58,0x77,0xec,ff e1 ff 58 77 ec 00 00
2025-10-25 13:21:15,307.37,0xff,0xe1,0xff,0x58,0x78,0x11,ff e1 ff 58 78 11 00 00
2025-10-25 13:21:15,307.37,0xff,0xe1,0xff,0x58,0x78,0x11,ff e1 ff 58 78 11 00 00
2025-10-25 13:21:15,307.81,0xff,0xe1,0xff,0x58,0x78,0x3d,ff e1 ff 58 78 3d 00 00
2025-10-25 13:21:15,307.81,0xff,0xe1,0xff,0x58,0x78,0x3d,ff e1 ff 58 78 3d 00 00
2025-10-25 13:21:15,307.81,0xff,0xe1,0xff,0x58,0x78,0x3d,ff e1 ff 58 78 3d 00 00
2025-10-25 13:21:15,307.81,0xff,0xe1,0xff,0x58,0x78,0x3d,ff e1 ff 58 78 3d 00 00
2025-10-25 13:21:15,307.81,0xff,0xe1,0xff,0x58,0x78,0x3d,ff e1 ff 58 78 3d 00 00
2025-10-25 13:21:15,307.81,0xff,0xe1,0xff,0x58,0x78,0x3d,ff e1 ff 58 78 3d 00 00
2025-10-25 13:21:15,307.81,0xff,0xe1,0xff,0x58,0x78,0x3d,ff e1 ff 58 78 3d 00 00
2025-10-25 13:21:15,307.81,0xff,0xe1,0xff,0x58,0x78,0x3d,ff e1 ff 58 78 3d 00 00
2025-10-25 13:21:15,307.81,0xff,0xe1,0xff,0x58,0x78,0x3d,ff e1 ff 58 78 3d 00 00
2025-10-25 13:21:15,307.81,0xff,0xe1,0xff,0x58,0x78,0x3d,ff e1 ff 58 78 3d 00 00
2025-10-25 13:21:15,307.81,0xff,0xe1,0xff,0x58,0x78,0x3d,ff e1 ff 58 78 3d 00 00
2025-10-25 13:21:15,307.81,0xff,0xe1,0xff,0x58,0x78,0x3d,ff e1 ff 58 78 3d 00 00
2025-10-25 13:21:15,307.81,0xff,0xe1,0xff,0x58,0x78,0x3d,ff e1 ff 58 78 3d 00 00
2025-10-25 13:21:15,307.81,0xff,0xe1,0xff,0x58,0x78,0x3d,ff e1 ff 58 78 3d 00 00
2025-10-25 13:21:15,307.81,0xff,0xe1,0xff,0x58,0x78,0x3d,ff e1 ff 58 78 3d 00 00
2025-10-25 13:21:15,307.81,0xff,0xe1,0xff,0x58,0x78,0x3d,ff e1 ff 58 78 3d 00 00
2025-10-25 13:21:15,307.81,0xff,0xe1,0xff,0x58,0x78,0x3d,ff e1 ff 58 78 3d 00 00
2025-10-25 13:21:15,307.81,0xff,0xe1,0xff,0x58,0x78,0x3d,ff e1 ff 58 78 3d 00 00
2025-10-25 13:21:15,307.81,0xff,0xe1,0xff,0x58,0x78,0x3d,ff e1 ff 58 78 3d 00 00
2025-10-25 13:21:15,307.81,0xff,0xe1,0xff,0x58,0x78,0x3d,ff e1 ff 58 78 3d 00 00
2025-10-25 13:21:15,307.81,0xff,0xe1,0xff,0x58,0x78,0x3d,ff e1 ff 58 78 3d 00 00
2025-10-25 13:21:15,307.81,0xff,0xe1,0xff,0x58,0x78,0x3d,ff e1 ff 58 78 3d 00 00
2025-10-25 13:21:15,307.81,0xff,0xe1,0xff,0x58,0x78,0x3d,ff e1 ff 58 78 3d 00 00
2025-10-25 13:21:15,307.81,0xff,0xe1,0xff,0x58,0x78,0x3d,ff e1 ff 58 78 3d 00 00
2025-10-25 13:21:15,309.18,0xff,0xe1,0xff,0x58,0x78,0xc6,ff e1 ff 58 78 c6 00 00
2025-10-25 13:21:15,309.18,0xff,0xe1,0xff,0x58,0x78,0xc6,ff e1 ff 58 78 c6 00 00
2025-10-25 13:21:15,309.62,0xff,0xe1,0xff,0x58,0x78,0xf2,ff e1 ff 58 78 f2 00 00
2025-10-25 13:21:15,309.62,0xff,0xe1,0xff,0x58,0x78,0xf2,ff e1 ff 58 78 f2 00 00
2025-10-25 13:21:15,309.62,0xff,0xe1,0xff,0x58,0x78,0xf2,ff e1 ff 58 78 f2 00 00
2025-10-25 13:21:15,310.25,0xff,0xe1,0xff,0x58,0x79,0x31,ff e1 ff 58 79 31 00 00
2025-10-25 13:21:15,310.25,0xff,0xe1,0xff,0x58,0x79,0x31,ff e1 ff 58 79 31 00 00
2025-10-25 13:21:15,310.25,0xff,0xe1,0xff,0x58,0x79,0x31,ff e1 ff 58 79 31 00 00
2025-10-25 13:21:15,310.81,0xff,0xe1,0xff,0x58,0x79,0x69,ff e1 ff 58 79 69 00 00
2025-10-25 13:21:15,310.81,0xff,0xe1,0xff,0x58,0x79,0x69,ff e1 ff 58 79 69 00 00
2025-10-25 13:21:15,311,0xff,0xe1,0xff,0x58,0x79,0x7c,ff e1 ff 58 79 7c 00 00
2025-10-25 13:21:15,311,0xff,0xe1,0xff,0x58,0x79,0x7c,ff e1 ff 58 79 7c 00 00
2025-10-25 13:21:15,311,0xff,0xe1,0xff,0x58,0x79,0x7c,ff e1 ff 58 79 7c 00 00
2025-10-25 13:21:15,311.06,0xff,0xe1,0xff,0x58,0x79,0x82,ff e1 ff 58 79 82 00 00
2025-10-25 13:21:15,311.06,0xff,0xe1,0xff,0x58,0x79,0x82,ff e1 ff 58 79 82 00 00
2025-10-25 13:21:15,311.06,0xff,0xe1,0xff,0x58,0x79,0x82,ff e1 ff 58 79 82 00 00
2025-10-25 13:21:15,311.25,0xff,0xe1,0xff,0x58,0x79,0x95,ff e1 ff 58 79 95 00 00
2025-10-25 13:21:15,311.25,0xff,0xe1,0xff,0x58,0x79,0x95,ff e1 ff 58 79 95 00 00
2025-10-25 13:21:15,311.25,0xff,0xe1,0xff,0x58,0x79,0x95,ff e1 ff 58 79 95 00 00
2025-10-25 13:21:15,311.25,0xff,0xe1,0xff,0x58,0x79,0x95,ff e1 ff 58 79 95 00 00
2025-10-25 13:21:15,311.25,0xff,0xe1,0xff,0x58,0x79,0x95,ff e1 ff 58 79 95 00 00
2025-10-25 13:21:15,311.25,0xff,0xe1,0xff,0x58,0x79,0x95,ff e1 ff 58 79 95 00 00
2025-10-25 13:21:15,311.25,0xff,0xe1,0xff,0x58,0x79,0x95,ff e1 ff 58 79 95 00 00
2025-10-25 13:21:15,311.25,0xff,0xe1,0xff,0x58,0x79,0x95,ff e1 ff 58 79 95 00 00
2025-10-25 13:21:16,311.25,0xff,0xe1,0xff,0x58,0x79,0x95,ff e1 ff 58 79 95 00 00
2025-10-25 13:21:16,311.25,0xff,0xe1,0xff,0x58,0x79,0x95,ff e1 ff 58 79 95 00 00
2025-10-25 13:21:16,311.25,0xff,0xe1,0xff,0x58,0x79,0x95,ff e1 ff 58 79 95 00 00
2025-10-25 13:21:16,311.25,0xff,0xe1,0xff,0x58,0x79,0x95,ff e1 ff 58 79 95 00 00
2025-10-25 13:21:16,311.25,0xff,0xe1,0xff,0x58,0x79,0x95,ff e1 ff 58 79 95 00 00
2025-10-25 13:21:16,311.25,0xff,0xe1,0xff,0x58,0x79,0x95,ff e1 ff 58 79 95 00 00
2025-10-25 13:21:16,311.25,0xff,0xe1,0xff,0x58,0x79,0x95,ff e1 ff 58 79 95 00 00
2025-10-25 13:21:16,311.25,0xff,0xe1,0xff,0x58,0x79,0x95,ff e1 ff 58 79 95 00 00
2025-10-25 13:21:16,311.25,0xff,0xe1,0xff,0x58,0x79,0x95,ff e1 ff 58 79 95 00 00
2025-10-25 13:21:16,311.25,0xff,0xe1,0xff,0x58,0x79,0x95,ff e1 ff 58 79 95 00 00
2025-10-25 13:21:16,311.25,0xff,0xe1,0xff,0x58,0x79,0x95,ff e1 ff 58 79 95 00 00
2025-10-25 13:21:16,311.25,0xff,0xe1,0xff,0x58,0x79,0x95,ff e1 ff 58 79 95 00 00
2025-10-25 13:21:16,311.25,0xff,0xe1,0xff,0x58,0x79,0x95,ff e1 ff 58 79 95 00 00
2025-10-25 13:21:16,311.25,0xff,0xe1,0xff,0x58,0x79,0x95,ff e1 ff 58 79 95 00 00
2025-10-25 13:21:16,311.25,0xff,0xe1,0xff,0x58,0x79,0x95,ff e1 ff 58 79 95 00 00
2025-10-25 13:21:16,311.25,0xff,0xe1,0xff,0x6a,0x79,0x95,ff e1 ff 6a 79 95 00 00
2025-10-25 13:21:16,311.25,0xff,0xe1,0xff,0x6a,0x79,0x95,ff e1 ff 6a 79 95 00 00
2025-10-25 13:21:16,311.25,0xff,0xe1,0xff,0x6a,0x79,0x95,ff e1 ff 6a 79 95 00 00
2025-10-25 13:21:16,311.25,0xff,0xe1,0xff,0x6a,0x79,0x95,ff e1 ff 6a 79 95 00 00
2025-10-25 13:21:16,311.25,0xff,0xe1,0xff,0x6a,0x79,0x95,ff e1 ff 6a 79 95 00 00
2025-10-25 13:21:16,311.25,0xff,0xe7,0xff,0x51,0x79,0x95,ff e7 ff 51 79 95 00 00
2025-10-25 13:21:16,311.25,0xff,0xe7,0xff,0x51,0x79,0x95,ff e7 ff 51 79 95 00 00
2025-10-25 13:21:16,311.25,0xff,0xe7,0xff,0x51,0x79,0x95,ff e7 ff 51 79 95 00 00
2025-10-25 13:21:16,312.81,0xff,0xee,0xff,0x51,0x7a,0x31,ff ee ff 51 7a 31 00 00
2025-10-25 13:21:16,312.81,0xff,0xee,0xff,0x51,0x7a,0x31,ff ee ff 51 7a 31 00 00
2025-10-25 13:21:16,313.56,0xff,0xf4,0xff,0x6a,0x7a,0x7c,ff f4 ff 6a 7a 7c 00 00
2025-10-25 13:21:16,313.56,0xff,0xf4,0xff,0x6a,0x7a,0x7c,ff f4 ff 6a 7a 7c 00 00
2025-10-25 13:21:16,313.56,0xff,0xf4,0xff,0x6a,0x7a,0x7c,ff f4 ff 6a 7a 7c 00 00
2025-10-25 13:21:16,314,0xff,0xf4,0xff,0x6a,0x7a,0xa8,ff f4 ff 6a 7a a8 00 00
2025-10-25 13:21:16,314,0xff,0xf4,0xff,0x6a,0x7a,0xa8,ff f4 ff 6a 7a a8 00 00
2025-10-25 13:21:16,314,0xff,0xf4,0xff,0x6a,0x7a,0xa8,ff f4 ff 6a 7a a8 00 00
2025-10-25 13:21:16,314.18,0x00,0x00,0xff,0x6a,0x7a,0xba,00 00 ff 6a 7a ba 00 00
2025-10-25 13:21:16,314.18,0x00,0x00,0xff,0x6a,0x7a,0xba,00 00 ff 6a 7a ba 00 00
2025-10-25 13:21:16,314.37,0x00,0x00,0xff,0x6a,0x7a,0xcd,00 00 ff 6a 7a cd 00 00
2025-10-25 13:21:16,314.37,0x00,0x00,0xff,0x6a,0x7a,0xcd,00 00 ff 6a 7a cd 00 00
2025-10-25 13:21:16,314.37,0x00,0x00,0xff,0x6a,0x7a,0xcd,00 00 ff 6a 7a cd 00 00
2025-10-25 13:21:16,314.37,0x00,0x00,0xff,0x6a,0x7a,0xcd,00 00 ff 6a 7a cd 00 00
2025-10-25 13:21:16,314.37,0x00,0x00,0xff,0x6a,0x7a,0xcd,00 00 ff 6a 7a cd 00 00
2025-10-25 13:21:16,314.37,0x00,0x00,0xff,0x6a,0x7a,0xcd,00 00 ff 6a 7a cd 00 00
2025-10-25 13:21:16,314.75,0x00,0x00,0xff,0x6a,0x7a,0xf3,00 00 ff 6a 7a f3 00 00
2025-10-25 13:21:16,314.75,0x00,0x00,0xff,0x6a,0x7a,0xf3,00 00 ff 6a 7a f3 00 00
2025-10-25 13:21:16,314.75,0x00,0x00,0xff,0x6a,0x7a,0xf3,00 00 ff 6a 7a f3 00 00
2025-10-25 13:21:16,314.75,0x00,0x00,0xff,0x6a,0x7a,0xf3,00 00 ff 6a 7a f3 00 00
2025-10-25 13:21:16,314.75,0x00,0x00,0xff,0x6a,0x7a,0xf3,00 00 ff 6a 7a f3 00 00
2025-10-25 13:21:16,314.75,0x00,0x00,0xff,0x6a,0x7a,0xf3,00 00 ff 6a 7a f3 00 00
2025-10-25 13:21:16,314.75,0x00,0x00,0xff,0x6a,0x7a,0xf3,00 00 ff 6a 7a f3 00 00
2025-10-25 13:21:16,314.75,0x00,0x00,0xff,0x6a,0x7a,0xf3,00 00 ff 6a 7a f3 00 00
2025-10-25 13:21:16,314.75,0x00,0x00,0xff,0x6a,0x7a,0xf3,00 00 ff 6a 7a f3 00 00
2025-10-25 13:21:16,314.75,0x00,0x00,0xff,0x6a,0x7a,0xf3,00 00 ff 6a 7a f3 00 00
2025-10-25 13:21:16,314.75,0x00,0x00,0xff,0x6a,0x7a,0xf3,00 00 ff 6a 7a f3 00 00
2025-10-25 13:21:16,314.75,0x00,0x00,0xff,0x6a,0x7a,0xf3,00 00 ff 6a 7a f3 00 00
2025-10-25 13:21:16,314.75,0x00,0x00,0xff,0x6a,0x7a,0xf3,00 00 ff 6a 7a f3 00 00
2025-10-25 13:21:17,314.75,0x00,0x00,0xff,0x6a,0x7a,0xf3,00 00 ff 6a 7a f3 00 00
2025-10-25 13:21:17,314.75,0x00,0x00,0xff,0x6a,0x7a,0xf3,00 00 ff 6a 7a f3 00 00
2025-10-25 13:21:17,315.12,0xff,0xf4,0xff,0xaf,0x7b,0x18,ff f4 ff af 7b 18 00 00
2025-10-25 13:21:17,315.12,0xff,0xf4,0xff,0xaf,0x7b,0x18,ff f4 ff af 7b 18 00 00
2025-10-25 13:21:17,315.12,0xff,0xf4,0xff,0xaf,0x7b,0x18,ff f4 ff af 7b 18 00 00
2025-10-25 13:21:17,315.12,0xff,0xf4,0xff,0xaf,0x7b,0x18,ff f4 ff af 7b 18 00 00
2025-10-25 13:21:17,315.12,0xff,0xf4,0xff,0xaf,0x7b,0x18,ff f4 ff af 7b 18 00 00
2025-10-25 13:21:17,315.12,0xff,0xf4,0xff,0xaf,0x7b,0x18,ff f4 ff af 7b 18 00 00
2025-10-25 13:21:17,315,0x00,0x00,0xff,0x83,0x7b,0x0c,00 00 ff 83 7b 0c 00 00
2025-10-25 13:21:17,315,0x00,0x00,0xff,0x83,0x7b,0x0c,00 00 ff 83 7b 0c 00 00
2025-10-25 13:21:17,314.75,0xff,0xf4,0xff,0x51,0x7a,0xf3,ff f4 ff 51 7a f3 00 00
2025-10-25 13:21:17,314.75,0xff,0xf4,0xff,0x51,0x7a,0xf3,ff f4 ff 51 7a f3 00 00
2025-10-25 13:21:17,314.75,0xff,0xf4,0xff,0x51,0x7a,0xf3,ff f4 ff 51 7a f3 00 00
2025-10-25 13:21:17,314.75,0xff,0xfa,0xff,0x3f,0x7a,0xf3,ff fa ff 3f 7a f3 00 00
2025-10-25 13:21:17,314.75,0xff,0xfa,0xff,0x3f,0x7a,0xf3,ff fa ff 3f 7a f3 00 00
2025-10-25 13:21:17,314.93,0xff,0xce,0xff,0x45,0x7b,0x05,ff ce ff 45 7b 05 00 00
2025-10-25 13:21:17,314.93,0xff,0xce,0xff,0x45,0x7b,0x05,ff ce ff 45 7b 05 00 00
2025-10-25 13:21:17,314.93,0xff,0xce,0xff,0x45,0x7b,0x05,ff ce ff 45 7b 05 00 00
2025-10-25 13:21:17,315.12,0xff,0xce,0xff,0x58,0x7b,0x18,ff ce ff 58 7b 18 00 00
2025-10-25 13:21:17,315.12,0xff,0xce,0xff,0x58,0x7b,0x18,ff ce ff 58 7b 18 00 00
2025-10-25 13:21:17,315.12,0xff,0xce,0xff,0x58,0x7b,0x18,ff ce ff 58 7b 18 00 00
2025-10-25 13:21:17,314.75,0xff,0xee,0xff,0x51,0x7a,0xf3,ff ee ff 51 7a f3 00 00
2025-10-25 13:21:17,314.75,0xff,0xee,0xff,0x51,0x7a,0xf3,ff ee ff 51 7a f3 00 00
2025-10-25 13:21:17,314.75,0xff,0xf4,0xff,0x51,0x7a,0xf3,ff f4 ff 51 7a f3 00 00
2025-10-25 13:21:17,314.75,0xff,0xf4,0xff,0x51,0x7a,0xf3,ff f4 ff 51 7a f3 00 00
2025-10-25 13:21:17,314.75,0xff,0xf4,0xff,0x51,0x7a,0xf3,ff f4 ff 51 7a f3 00 00
2025-10-25 13:21:17,314.75,0xff,0xee,0xff,0x51,0x7a,0xf3,ff ee ff 51 7a f3 00 00
2025-10-25 13:21:17,314.75,0xff,0xee,0xff,0x51,0x7a,0xf3,ff ee ff 51 7a f3 00 00
2025-10-25 13:21:17,314.75,0xff,0xe1,0xff,0x51,0x7a,0xf3,ff e1 ff 51 7a f3 00 00
2025-10-25 13:21:17,314.75,0xff,0xe1,0xff,0x51,0x7a,0xf3,ff e1 ff 51 7a f3 00 00
2025-10-25 13:21:17,314.75,0xff,0xe1,0xff,0x51,0x7a,0xf3,ff e1 ff 51 7a f3 00 00
2025-10-25 13:21:17,316.12,0xff,0xe1,0xff,0x51,0x7b,0x7c,ff e1 ff 51 7b 7c 00 00
2025-10-25 13:21:17,316.12,0xff,0xe1,0xff,0x51,0x7b,0x7c,ff e1 ff 51 7b 7c 00 00
2025-10-25 13:21:17,316.12,0xff,0xe1,0xff,0x51,0x7b,0x7c,ff e1 ff 51 7b 7c 00 00
2025-10-25 13:21:17,316.68,0xff,0xe1,0xff,0x51,0x7b,0xb4,ff e1 ff 51 7b b4 00 00
2025-10-25 13:21:17,316.68,0xff,0xe1,0xff,0x51,0x7b,0xb4,ff e1 ff 51 7b b4 00 00
2025-10-25 13:21:17,316.87,0xff,0xe1,0xff,0x51,0x7b,0xc7,ff e1 ff 51 7b c7 00 00
2025-10-25 13:21:17,316.87,0xff,0xe1,0xff,0x51,0x7b,0xc7,ff e1 ff 51 7b c7 00 00
2025-10-25 13:21:17,316.87,0xff,0xe1,0xff,0x51,0x7b,0xc7,ff e1 ff 51 7b c7 00 00
2025-10-25 13:21:17,317.68,0xff,0xe1,0xff,0x51,0x7c,0x18,ff e1 ff 51 7c 18 00 00
2025-10-25 13:21:17,317.68,0xff,0xe1,0xff,0x51,0x7c,0x18,ff e1 ff 51 7c 18 00 00
2025-10-25 13:21:17,317.87,0xff,0xe1,0xff,0x51,0x7c,0x2b,ff e1 ff 51 7c 2b 00 00
2025-10-25 13:21:17,317.87,0xff,0xe1,0xff,0x51,0x7c,0x2b,ff e1 ff 51 7c 2b 00 00
2025-10-25 13:21:17,317.87,0xff,0xe1,0xff,0x51,0x7c,0x2b,ff e1 ff 51 7c 2b 00 00
2025-10-25 13:21:17,318.06,0xff,0xe7,0xff,0x51,0x7c,0x3e,ff e7 ff 51 7c 3e 00 00
2025-10-25 13:21:17,318.06,0xff,0xe7,0xff,0x51,0x7c,0x3e,ff e7 ff 51 7c 3e 00 00
2025-10-25 13:21:17,318.06,0xff,0xe7,0xff,0x51,0x7c,0x3e,ff e7 ff 51 7c 3e 00 00
2025-10-25 13:21:17,317.87,0xff,0xe1,0xff,0x51,0x7c,0x2b,ff e1 ff 51 7c 2b 00 00
2025-10-25 13:21:17,317.87,0xff,0xe1,0xff,0x51,0x7c,0x2b,ff e1 ff 51 7c 2b 00 00
2025-10-25 13:21:17,317.87,0xff,0xe1,0xff,0x51,0x7c,0x2b,ff e1 ff 51 7c 2b 00 00
2025-10-25 13:21:17,317.87,0xff,0xe1,0xff,0x51,0x7c,0x2b,ff e1 ff 51 7c 2b 00 00
2025-10-25 13:21:17,317.87,0xff,0xe1,0xff,0x51,0x7c,0x2b,ff e1 ff 51 7c 2b 00 00
2025-10-25 13:21:18,317.87,0xff,0xe1,0xff,0x51,0x7c,0x2b,ff e1 ff 51 7c 2b 00 00
2025-10-25 13:21:18,317.87,0xff,0xe1,0xff,0x51,0x7c,0x2b,ff e1 ff 51 7c 2b 00 00
2025-10-25 13:21:18,317.87,0xff,0xe1,0xff,0x51,0x7c,0x2b,ff e1 ff 51 7c 2b 00 00
2025-10-25 13:21:18,317.87,0xff,0xe1,0xff,0x51,0x7c,0x2b,ff e1 ff 51 7c 2b 00 00
2025-10-25 13:21:18,317.87,0xff,0xe1,0xff,0x51,0x7c,0x2b,ff e1 ff 51 7c 2b 00 00
2025-10-25 13:21:18,317.87,0xff,0xe1,0xff,0x51,0x7c,0x2b,ff e1 ff 51 7c 2b 00 00
2025-10-25 13:21:18,317.87,0xff,0xe1,0xff,0x51,0x7c,0x2b,ff e1 ff 51 7c 2b 00 00
2025-10-25 13:21:18,317.87,0xff,0xe1,0xff,0x51,0x7c,0x2b,ff e1 ff 51 7c 2b 00 00
2025-10-25 13:21:18,317.87,0xff,0xe1,0xff,0x51,0x7c,0x2b,ff e1 ff 51 7c 2b 00 00
2025-10-25 13:21:18,317.87,0xff,0xe1,0xff,0x51,0x7c,0x2b,ff e1 ff 51 7c 2b 00 00
2025-10-25 13:21:18,317.87,0xff,0xe1,0xff,0x51,0x7c,0x2b,ff e1 ff 51 7c 2b 00 00
2025-10-25 13:21:18,317.87,0xff,0xe1,0xff,0x51,0x7c,0x2b,ff e1 ff 51 7c 2b 00 00
2025-10-25 13:21:18,317.87,0xff,0xe1,0xff,0x51,0x7c,0x2b,ff e1 ff 51 7c 2b 00 00
2025-10-25 13:21:18,317.87,0xff,0xe1,0xff,0x51,0x7c,0x2b,ff e1 ff 51 7c 2b 00 00
2025-10-25 13:21:18,317.87,0xff,0xe1,0xff,0x51,0x7c,0x2b,ff e1 ff 51 7c 2b 00 00
2025-10-25 13:21:18,317.87,0xff,0xe1,0xff,0x51,0x7c,0x2b,ff e1 ff 51 7c 2b 00 00
2025-10-25 13:21:18,317.87,0xff,0xe1,0xff,0x51,0x7c,0x2b,ff e1 ff 51 7c 2b 00 00
2025-10-25 13:21:18,317.87,0xff,0xe1,0xff,0x51,0x7c,0x2b,ff e1 ff 51 7c 2b 00 00
2025-10-25 13:21:18,317.87,0xff,0xe1,0xff,0x51,0x7c,0x2b,ff e1 ff 51 7c 2b 00 00
2025-10-25 13:21:18,317.87,0xff,0xe1,0xff,0x51,0x7c,0x2b,ff e1 ff 51 7c 2b 00 00
2025-10-25 13:21:18,317.87,0xff,0xe1,0xff,0x51,0x7c,0x2b,ff e1 ff 51 7c 2b 00 00
2025-10-25 13:21:18,317.87,0xff,0xe1,0xff,0x51,0x7c,0x2b,ff e1 ff 51 7c 2b 00 00
2025-10-25 13:21:18,317.87,0xff,0xe1,0xff,0x51,0x7c,0x2b,ff e1 ff 51 7c 2b 00 00
2025-10-25 13:21:18,317.87,0xff,0xe1,0xff,0x51,0x7c,0x2b,ff e1 ff 51 7c 2b 00 00
2025-10-25 13:21:18,317.87,0xff,0xe1,0xff,0x51,0x7c,0x2b,ff e1 ff 51 7c 2b 00 00
2025-10-25 13:21:18,317.87,0xff,0xe1,0xff,0x51,0x7c,0x2b,ff e1 ff 51 7c 2b 00 00
2025-10-25 13:21:18,317.87,0xff,0xe1,0xff,0x51,0x7c,0x2b,ff e1 ff 51 7c 2b 00 00
2025-10-25 13:21:18,317.87,0xff,0xe1,0xff,0x51,0x7c,0x2b,ff e1 ff 51 7c 2b 00 00
2025-10-25 13:21:18,317.87,0xff,0xe1,0xff,0x51,0x7c,0x2b,ff e1 ff 51 7c 2b 00 00
2025-10-25 13:21:18,317.87,0xff,0xe1,0xff,0x51,0x7c,0x2b,ff e1 ff 51 7c 2b 00 00
2025-10-25 13:21:18,317.87,0xff,0xe1,0xff,0x51,0x7c,0x2b,ff e1 ff 51 7c 2b 00 00
2025-10-25 13:21:18,317.87,0xff,0xe1,0xff,0x51,0x7c,0x2b,ff e1 ff 51 7c 2b 00 00
2025-10-25 13:21:18,317.87,0xff,0xe1,0xff,0x51,0x7c,0x2b,ff e1 ff 51 7c 2b 00 00
2025-10-25 13:21:18,317.87,0xff,0xe1,0xff,0x51,0x7c,0x2b,ff e1 ff 51 7c 2b 00 00
2025-10-25 13:21:18,319,0xff,0xe7,0xff,0x51,0x7c,0x9c,ff e7 ff 51 7c 9c 00 00
2025-10-25 13:21:18,319,0xff,0xe7,0xff,0x51,0x7c,0x9c,ff e7 ff 51 7c 9c 00 00
2025-10-25 13:21:18,319.37,0xff,0xe7,0xff,0x51,0x7c,0xc1,ff e7 ff 51 7c c1 00 00
2025-10-25 13:21:18,319.37,0xff,0xe7,0xff,0x51,0x7c,0xc1,ff e7 ff 51 7c c1 00 00
2025-10-25 13:21:18,319.37,0xff,0xe7,0xff,0x51,0x7c,0xc1,ff e7 ff 51 7c c1 00 00
2025-10-25 13:21:18,319.81,0xff,0xe7,0xff,0x58,0x7c,0xed,ff e7 ff 58 7c ed 00 00
2025-10-25 13:21:18,319.81,0xff,0xe7,0xff,0x58,0x7c,0xed,ff e7 ff 58 7c ed 00 00
2025-10-25 13:21:18,319.81,0xff,0xe7,0xff,0x58,0x7c,0xed,ff e7 ff 58 7c ed 00 00
2025-10-25 13:21:18,320.18,0xff,0xe7,0xff,0x58,0x7d,0x12,ff e7 ff 58 7d 12 00 00
2025-10-25 13:21:18,320.18,0xff,0xe7,0xff,0x58,0x7d,0x12,ff e7 ff 58 7d 12 00 00
2025-10-25 13:21:18,320.37,0xff,0xe1,0xff,0x58,0x7d,0x25,ff e1 ff 58 7d 25 00 00
2025-10-25 13:21:18,320.37,0xff,0xe1,0xff,0x58,0x7d,0x25,ff e1 ff 58 7d 25 00 00
2025-10-25 13:21:18,320.37,0xff,0xe1,0xff,0x58,0x7d,0x25,ff e1 ff 58 7d 25 00 00
2025-10-25 13:21:18,320.93,0xff,0xe7,0xff,0x51,0x7d,0x5d,ff e7 ff 51 7d 5d 00 00
2025-10-25 13:21:18,320.93,0xff,0xe7,0xff,0x51,0x7d,0x5d,ff e7 ff 51 7d 5d 00 00
2025-10-25 13:21:18,321.12,0xff,0xe7,0xff,0x51,0x7d,0x70,ff e7 ff 51 7d 70 00 00
2025-10-25 13:21:18,321.12,0xff,0xe7,0xff,0x51,0x7d,0x70,ff e7 ff 51 7d 70 00 00
2025-10-25 13:21:18,321.12,0xff,0xe7,0xff,0x51,0x7d,0x70,ff e7 ff 51 7d 70 00 00
2025-10-25 13:21:18,321.12,0xff,0xe7,0xff,0x51,0x7d,0x70,ff e7 ff 51 7d 70 00 00
2025-10-25 13:21:19,321.12,0xff,0xe7,0xff,0x51,0x7d,0x70,ff e7 ff 51 7d 70 00 00
2025-10-25 13:21:19,321.12,0xff,0xe7,0xff,0x51,0x7d,0x70,ff e7 ff 51 7d 70 00 00
2025-10-25 13:21:19,321.12,0xff,0xe7,0xff,0x51,0x7d,0x70,ff e7 ff 51 7d 70 00 00
2025-10-25 13:21:19,321.12,0xff,0xe7,0xff,0x51,0x7d,0x70,ff e7 ff 51 7d 70 00 00
2025-10-25 13:21:19,321.12,0xff,0xe7,0xff,0x51,0x7d,0x70,ff e7 ff 51 7d 70 00 00
2025-10-25 13:21:19,321.12,0xff,0xe7,0xff,0x51,0x7d,0x70,ff e7 ff 51 7d 70 00 00
2025-10-25 13:21:19,321.12,0xff,0xe7,0xff,0x51,0x7d,0x70,ff e7 ff 51 7d 70 00 00
2025-10-25 13:21:19,321.12,0xff,0xe7,0xff,0x51,0x7d,0x70,ff e7 ff 51 7d 70 00 00
2025-10-25 13:21:19,321.12,0xff,0xe7,0xff,0x51,0x7d,0x70,ff e7 ff 51 7d 70 00 00
2025-10-25 13:21:19,321.12,0xff,0xe7,0xff,0x51,0x7d,0x70,ff e7 ff 51 7d 70 00 00
2025-10-25 13:21:19,321.12,0xff,0xe7,0xff,0x51,0x7d,0x70,ff e7 ff 51 7d 70 00 00
2025-10-25 13:21:19,321.12,0xff,0xe7,0xff,0x51,0x7d,0x70,ff e7 ff 51 7d 70 00 00
2025-10-25 13:21:19,321.12,0xff,0xe7,0xff,0x51,0x7d,0x70,ff e7 ff 51 7d 70 00 00
2025-10-25 13:21:19,321.12,0xff,0xe7,0xff,0x51,0x7d,0x70,ff e7 ff 51 7d 70 00 00
2025-10-25 13:21:19,321.12,0xff,0xe7,0xff,0x51,0x7d,0x70,ff e7 ff 51 7d 70 00 00
2025-10-25 13:21:19,321.12,0xff,0xe7,0xff,0x51,0x7d,0x70,ff e7 ff 51 7d 70 00 00
2025-10-25 13:21:19,321.12,0xff,0xe7,0xff,0x51,0x7d,0x70,ff e7 ff 51 7d 70 00 00
2025-10-25 13:21:19,321.12,0xff,0xe7,0xff,0x51,0x7d,0x70,ff e7 ff 51 7d 70 00 00
2025-10-25 13:21:19,321.12,0xff,0xe7,0xff,0x51,0x7d,0x70,ff e7 ff 51 7d 70 00 00
2025-10-25 13:21:19,321.12,0xff,0xe7,0xff,0x51,0x7d,0x70,ff e7 ff 51 7d 70 00 00
2025-10-25 13:21:19,321.12,0xff,0xe7,0xff,0x51,0x7d,0x70,ff e7 ff 51 7d 70 00 00
2025-10-25 13:21:19,321.12,0xff,0xe7,0xff,0x51,0x7d,0x70,ff e7 ff 51 7d 70 00 00
2025-10-25 13:21:19,321.12,0xff,0xe7,0xff,0x51,0x7d,0x70,ff e7 ff 51 7d 70 00 00
2025-10-25 13:21:19,321.12,0xff,0xe7,0xff,0x51,0x7d,0x70,ff e7 ff 51 7d 70 00 00
2025-10-25 13:21:19,321.12,0xff,0xe7,0xff,0x51,0x7d,0x70,ff e7 ff 51 7d 70 00 00
2025-10-25 13:21:19,321.12,0xff,0xe7,0xff,0x51,0x7d,0x70,ff e7 ff 51 7d 70 00 00
2025-10-25 13:21:19,321.12,0xff,0xe7,0xff,0x51,0x7d,0x70,ff e7 ff 51 7d 70 00 00
2025-10-25 13:21:19,321.12,0xff,0xe7,0xff,0x51,0x7d,0x70,ff e7 ff 51 7d 70 00 00
2025-10-25 13:21:19,321.12,0xff,0xe7,0xff,0x51,0x7d,0x70,ff e7 ff 51 7d 70 00 00
2025-10-25 13:21:19,322.68,0xff,0xe7,0xff,0x51,0x7e,0x0c,ff e7 ff 51 7e 0c 00 00
2025-10-25 13:21:19,322.68,0xff,0xe7,0xff,0x51,0x7e,0x0c,ff e7 ff 51 7e 0c 00 00
2025-10-25 13:21:19,322.68,0xff,0xe7,0xff,0x51,0x7e,0x0c,ff e7 ff 51 7e 0c 00 00
2025-10-25 13:21:19,323.37,0xff,0xe1,0xff,0x51,0x7e,0x51,ff e1 ff 51 7e 51 00 00
2025-10-25 13:21:19,323.37,0xff,0xe1,0xff,0x51,0x7e,0x51,ff e1 ff 51 7e 51 00 00
2025-10-25 13:21:19,323.75,0xff,0xe7,0xff,0x51,0x7e,0x77,ff e7 ff 51 7e 77 00 00
2025-10-25 13:21:19,323.75,0xff,0xe7,0xff,0x51,0x7e,0x77,ff e7 ff 51 7e 77 00 00
2025-10-25 13:21:19,323.75,0xff,0xe7,0xff,0x51,0x7e,0x77,ff e7 ff 51 7e 77 00 00
2025-10-25 13:21:19,324.12,0xff,0xe1,0xff,0x51,0x7e,0x9c,ff e1 ff 51 7e 9c 00 00
2025-10-25 13:21:19,324.12,0xff,0xe1,0xff,0x51,0x7e,0x9c,ff e1 ff 51 7e 9c 00 00
2025-10-25 13:21:19,324.12,0xff,0xe1,0xff,0x51,0x7e,0x9c,ff e1 ff 51 7e 9c 00 00
2025-10-25 13:21:19,324.5,0xff,0xe7,0xff,0x51,0x7e,0xc2,ff e7 ff 51 7e c2 00 00
2025-10-25 13:21:19,324.5,0xff,0xe7,0xff,0x51,0x7e,0xc2,ff e7 ff 51 7e c2 00 00
2025-10-25 13:21:19,324.5,0xff,0xe7,0xff,0x51,0x7e,0xc2,ff e7 ff 51 7e c2 00 00
2025-10-25 13:21:19,324.5,0xff,0xe7,0xff,0x51,0x7e,0xc2,ff e7 ff 51 7e c2 00 00
2025-10-25 13:21:19,324.5,0xff,0xe7,0xff,0x51,0x7e,0xc2,ff e7 ff 51 7e c2 00 00
2025-10-25 13:21:19,324.87,0xff,0xe7,0xff,0x51,0x7e,0xe7,ff e7 ff 51 7e e7 00 00
2025-10-25 13:21:19,324.87,0xff,0xe7,0xff,0x51,0x7e,0xe7,ff e7 ff 51 7e e7 00 00
2025-10-25 13:21:19,324.87,0xff,0xe7,0xff,0x51,0x7e,0xe7,ff e7 ff 51 7e e7 00 00
2025-10-25 13:21:19,324.87,0xff,0xe7,0xff,0x51,0x7e,0xe7,ff e7 ff 51 7e e7 00 00
2025-10-25 13:21:19,324.87,0xff,0xe7,0xff,0x51,0x7e,0xe7,ff e7 ff 51 7e e7 00 00
2025-10-25 13:21:19,324.87,0xff,0xe7,0xff,0x51,0x7e,0xe7,ff e7 ff 51 7e e7 00 00
2025-10-25 13:21:20,324.87,0xff,0xe7,0xff,0x51,0x7e,0xe7,ff e7 ff 51 7e e7 00 00
2025-10-25 13:21:20,324.87,0xff,0xe7,0xff,0x51,0x7e,0xe7,ff e7 ff 51 7e e7 00 00
2025-10-25 13:21:20,324.87,0xff,0xe7,0xff,0x51,0x7e,0xe7,ff e7 ff 51 7e e7 00 00
2025-10-25 13:21:20,324.87,0xff,0xe7,0xff,0x51,0x7e,0xe7,ff e7 ff 51 7e e7 00 00
2025-10-25 13:21:20,324.87,0xff,0xe7,0xff,0x51,0x7e,0xe7,ff e7 ff 51 7e e7 00 00
2025-10-25 13:21:20,324.87,0xff,0xe7,0xff,0x51,0x7e,0xe7,ff e7 ff 51 7e e7 00 00
2025-10-25 13:21:20,324.87,0xff,0xe7,0xff,0x51,0x7e,0xe7,ff e7 ff 51 7e e7 00 00
2025-10-25 13:21:20,324.87,0xff,0xe7,0xff,0x51,0x7e,0xe7,ff e7 ff 51 7e e7 00 00
2025-10-25 13:21:20,324.87,0xff,0xe7,0xff,0x51,0x7e,0xe7,ff e7 ff 51 7e e7 00 00
2025-10-25 13:21:20,324.87,0xff,0xe7,0xff,0x51,0x7e,0xe7,ff e7 ff 51 7e e7 00 00
2025-10-25 13:21:20,324.87,0xff,0xe7,0xff,0x51,0x7e,0xe7,ff e7 ff 51 7e e7 00 00
2025-10-25 13:21:20,324.87,0xff,0xe7,0xff,0x51,0x7e,0xe7,ff e7 ff 51 7e e7 00 00
2025-10-25 13:21:20,324.87,0xff,0xe7,0xff,0x51,0x7e,0xe7,ff e7 ff 51 7e e7 00 00
2025-10-25 13:21:20,324.87,0xff,0xe7,0xff,0x51,0x7e,0xe7,ff e7 ff 51 7e e7 00 00
2025-10-25 13:21:20,324.87,0xff,0xe7,0xff,0x51,0x7e,0xe7,ff e7 ff 51 7e e7 00 00
2025-10-25 13:21:20,324.87,0xff,0xe7,0xff,0x51,0x7e,0xe7,ff e7 ff 51 7e e7 00 00
2025-10-25 13:21:20,324.87,0xff,0xe7,0xff,0x51,0x7e,0xe7,ff e7 ff 51 7e e7 00 00
2025-10-25 13:21:20,324.87,0xff,0xe7,0xff,0x51,0x7e,0xe7,ff e7 ff 51 7e e7 00 00
2025-10-25 13:21:20,324.87,0xff,0xe7,0xff,0x51,0x7e,0xe7,ff e7 ff 51 7e e7 00 00
2025-10-25 13:21:20,325.87,0xff,0xe1,0xff,0x58,0x7f,0x4b,ff e1 ff 58 7f 4b 00 00
2025-10-25 13:21:20,325.87,0xff,0xe1,0xff,0x58,0x7f,0x4b,ff e1 ff 58 7f 4b 00 00
2025-10-25 13:21:20,326.31,0xff,0xe7,0xff,0x58,0x7f,0x77,ff e7 ff 58 7f 77 00 00
2025-10-25 13:21:20,326.31,0xff,0xe7,0xff,0x58,0x7f,0x77,ff e7 ff 58 7f 77 00 00
2025-10-25 13:21:20,326.31,0xff,0xe7,0xff,0x58,0x7f,0x77,ff e7 ff 58 7f 77 00 00
2025-10-25 13:21:20,326.87,0xff,0xe1,0xff,0x51,0x7f,0xaf,ff e1 ff 51 7f af 00 00
2025-10-25 13:21:20,326.87,0xff,0xe1,0xff,0x51,0x7f,0xaf,ff e1 ff 51 7f af 00 00
2025-10-25 13:21:20,326.87,0xff,0xe1,0xff,0x51,0x7f,0xaf,ff e1 ff 51 7f af 00 00
2025-10-25 13:21:20,327.25,0xff,0xe7,0xff,0x51,0x7f,0xd5,ff e7 ff 51 7f d5 00 00
2025-10-25 13:21:20,327.25,0xff,0xe7,0xff,0x51,0x7f,0xd5,ff e7 ff 51 7f d5 00 00
2025-10-25 13:21:20,327.37,0xff,0xe7,0xff,0x51,0x7f,0xe1,ff e7 ff 51 7f e1 00 00
2025-10-25 13:21:20,327.37,0xff,0xe7,0xff,0x51,0x7f,0xe1,ff e7 ff 51 7f e1 00 00
2025-10-25 13:21:20,327.37,0xff,0xe7,0xff,0x51,0x7f,0xe1,ff e7 ff 51 7f e1 00 00
2025-10-25 13:21:20,327.56,0xff,0xe7,0xff,0x51,0x7f,0xf4,ff e7 ff 51 7f f4 00 00
2025-10-25 13:21:20,327.56,0xff,0xe7,0xff,0x51,0x7f,0xf4,ff e7 ff 51 7f f4 00 00
2025-10-25 13:21:20,327.56,0xff,0xe7,0xff,0x51,0x7f,0xf4,ff e7 ff 51 7f f4 00 00
2025-10-25 13:21:20,327.56,0xff,0xe7,0xff,0x51,0x7f,0xf4,ff e7 ff 51 7f f4 00 00
2025-10-25 13:21:20,327.56,0xff,0xe7,0xff,0x51,0x7f,0xf4,ff e7 ff 51 7f f4 00 00
2025-10-25 13:21:20,327.56,0xff,0xe7,0xff,0x51,0x7f,0xf4,ff e7 ff 51 7f f4 00 00
2025-10-25 13:21:20,327.56,0xff,0xe7,0xff,0x51,0x7f,0xf4,ff e7 ff 51 7f f4 00 00
2025-10-25 13:21:20,327.56,0xff,0xe7,0xff,0x51,0x7f,0xf4,ff e7 ff 51 7f f4 00 00
2025-10-25 13:21:20,327.56,0xff,0xe7,0xff,0x51,0x7f,0xf4,ff e7 ff 51 7f f4 00 00
2025-10-25 13:21:20,327.56,0xff,0xe7,0xff,0x51,0x7f,0xf4,ff e7 ff 51 7f f4 00 00
2025-10-25 13:21:20,327.56,0xff,0xe7,0xff,0x51,0x7f,0xf4,ff e7 ff 51 7f f4 00 00
2025-10-25 13:21:20,327.56,0xff,0xe7,0xff,0x51,0x7f,0xf4,ff e7 ff 51 7f f4 00 00
2025-10-25 13:21:20,327.56,0xff,0xe7,0xff,0x51,0x7f,0xf4,ff e7 ff 51 7f f4 00 00
2025-10-25 13:21:20,327.56,0xff,0xe7,0xff,0x51,0x7f,0xf4,ff e7 ff 51 7f f4 00 00
2025-10-25 13:21:20,327.56,0xff,0xe7,0xff,0x51,0x7f,0xf4,ff e7 ff 51 7f f4 00 00
2025-10-25 13:21:20,327.56,0xff,0xe7,0xff,0x51,0x7f,0xf4,ff e7 ff 51 7f f4 00 00
2025-10-25 13:21:20,327.56,0xff,0xe7,0xff,0x51,0x7f,0xf4,ff e7 ff 51 7f f4 00 00
2025-10-25 13:21:20,327.56,0xff,0xe7,0xff,0x51,0x7f,0xf4,ff e7 ff 51 7f f4 00 00
2025-10-25 13:21:20,327.56,0xff,0xe7,0xff,0x51,0x7f,0xf4,ff e7 ff 51 7f f4 00 00
2025-10-25 13:21:21,327.56,0xff,0xe7,0xff,0x51,0x7f,0xf4,ff e7 ff 51 7f f4 00 00
2025-10-25 13:21:21,327.56,0xff,0xe7,0xff,0x51,0x7f,0xf4,ff e7 ff 51 7f f4 00 00
2025-10-25 13:21:21,327.56,0xff,0xe7,0xff,0x51,0x7f,0xf4,ff e7 ff 51 7f f4 00 00
2025-10-25 13:21:21,327.56,0xff,0xe7,0xff,0x51,0x7f,0xf4,ff e7 ff 51 7f f4 00 00
2025-10-25 13:21:21,328.56,0xff,0xe1,0xff,0x51,0x80,0x58,ff e1 ff 51 80 58 00 00
2025-10-25 13:21:21,328.56,0xff,0xe1,0xff,0x51,0x80,0x58,ff e1 ff 51 80 58 00 00
2025-10-25 13:21:21,328.56,0xff,0xe1,0xff,0x51,0x80,0x58,ff e1 ff 51 80 58 00 00
2025-10-25 13:21:21,329.31,0xff,0xe7,0xff,0x51,0x80,0xa3,ff e7 ff 51 80 a3 00 00
2025-10-25 13:21:21,329.31,0xff,0xe7,0xff,0x51,0x80,0xa3,ff e7 ff 51 80 a3 00 00
2025-10-25 13:21:21,329.31,0xff,0xe7,0xff,0x51,0x80,0xa3,ff e7 ff 51 80 a3 00 00
2025-10-25 13:21:21,329.31,0xff,0xe7,0xff,0x51,0x80,0xa3,ff e7 ff 51 80 a3 00 00
2025-10-25 13:21:21,329.31,0xff,0xe7,0xff,0x51,0x80,0xa3,ff e7 ff 51 80 a3 00 00
2025-10-25 13:21:21,329.12,0xff,0xe7,0xff,0x51,0x80,0x90,ff e7 ff 51 80 90 00 00
2025-10-25 13:21:21,329.12,0xff,0xe7,0xff,0x51,0x80,0x90,ff e7 ff 51 80 90 00 00
2025-10-25 13:21:21,329.12,0xff,0xe7,0xff,0x51,0x80,0x90,ff e7 ff 51 80 90 00 00
2025-10-25 13:21:21,329.25,0xff,0xe7,0xff,0x51,0x80,0x9d,ff e7 ff 51 80 9d 00 00
2025-10-25 13:21:21,329.25,0xff,0xe7,0xff,0x51,0x80,0x9d,ff e7 ff 51 80 9d 00 00
2025-10-25 13:21:21,329.5,0xff,0xee,0xff,0x8a,0x80,0xb6,ff ee ff 8a 80 b6 00 00
2025-10-25 13:21:21,329.5,0xff,0xee,0xff,0x8a,0x80,0xb6,ff ee ff 8a 80 b6 00 00
2025-10-25 13:21:21,329.5,0xff,0xee,0xff,0x8a,0x80,0xb6,ff ee ff 8a 80 b6 00 00
2025-10-25 13:21:21,329.5,0x00,0x00,0xff,0x8a,0x80,0xb6,00 00 ff 8a 80 b6 00 00
2025-10-25 13:21:21,329.5,0x00,0x00,0xff,0x8a,0x80,0xb6,00 00 ff 8a 80 b6 00 00
2025-10-25 13:21:21,329.5,0x00,0x00,0xff,0x8a,0x80,0xb6,00 00 ff 8a 80 b6 00 00
2025-10-25 13:21:21,329.5,0x00,0x00,0xff,0x8a,0x80,0xb6,00 00 ff 8a 80 b6 00 00
2025-10-25 13:21:21,329.5,0x00,0x00,0xff,0x8a,0x80,0xb6,00 00 ff 8a 80 b6 00 00
2025-10-25 13:21:21,329.56,0xff,0xfa,0xff,0x6a,0x80,0xbc,ff fa ff 6a 80 bc 00 00
2025-10-25 13:21:21,329.56,0xff,0xfa,0xff,0x6a,0x80,0xbc,ff fa ff 6a 80 bc 00 00
2025-10-25 13:21:21,329.56,0xff,0xfa,0xff,0x6a,0x80,0xbc,ff fa ff 6a 80 bc 00 00
2025-10-25 13:21:21,329.37,0x00,0x00,0xff,0x6a,0x80,0xa9,00 00 ff 6a 80 a9 00 00
2025-10-25 13:21:21,329.37,0x00,0x00,0xff,0x6a,0x80,0xa9,00 00 ff 6a 80 a9 00 00
2025-10-25 13:21:21,329.37,0x00,0x00,0xff,0x6a,0x80,0xa9,00 00 ff 6a 80 a9 00 00
2025-10-25 13:21:21,329.56,0xff,0xfa,0xff,0x6a,0x80,0xbc,ff fa ff 6a 80 bc 00 00
2025-10-25 13:21:21,329.56,0xff,0xfa,0xff,0x6a,0x80,0xbc,ff fa ff 6a 80 bc 00 00
2025-10-25 13:21:21,329.56,0xff,0xe7,0xff,0x6a,0x80,0xbc,ff e7 ff 6a 80 bc 00 00
2025-10-25 13:21:21,329.56,0xff,0xe7,0xff,0x6a,0x80,0xbc,ff e7 ff 6a 80 bc 00 00
2025-10-25 13:21:21,329.56,0xff,0xe7,0xff,0x6a,0x80,0xbc,ff e7 ff 6a 80 bc 00 00
2025-10-25 13:21:21,329.56,0xff,0xe7,0xff,0x6a,0x80,0xbc,ff e7 ff 6a 80 bc 00 00
2025-10-25 13:21:21,329.56,0xff,0xe7,0xff,0x6a,0x80,0xbc,ff e7 ff 6a 80 bc 00 00
2025-10-25 13:21:21,329.56,0xff,0xe7,0xff,0x6a,0x80,0xbc,ff e7 ff 6a 80 bc 00 00
2025-10-25 13:21:21,329.56,0xff,0xe7,0xff,0x6a,0x80,0xbc,ff e7 ff 6a 80 bc 00 00
2025-10-25 13:21:21,329.56,0xff,0xe7,0xff,0x6a,0x80,0xbc,ff e7 ff 6a 80 bc 00 00
2025-10-25 13:21:21,329.56,0xff,0xe7,0xff,0x6a,0x80,0xbc,ff e7 ff 6a 80 bc 00 00
2025-10-25 13:21:21,329.56,0xff,0xe7,0xff,0x6a,0x80,0xbc,ff e7 ff 6a 80 bc 00 00
2025-10-25 13:21:21,329.56,0xff,0xe7,0xff,0x6a,0x80,0xbc,ff e7 ff 6a 80 bc 00 00
2025-10-25 13:21:21,330.81,0xff,0xe7,0xff,0x6a,0x81,0x39,ff e7 ff 6a 81 39 00 00
2025-10-25 13:21:21,330.81,0xff,0xe7,0xff,0x6a,0x81,0x39,ff e7 ff 6a 81 39 00 00
2025-10-25 13:21:21,330.93,0xff,0xe7,0xff,0x6a,0x81,0x45,ff e7 ff 6a 81 45 00 00
2025-10-25 13:21:21,330.93,0xff,0xe7,0xff,0x6a,0x81,0x45,ff e7 ff 6a 81 45 00 00
2025-10-25 13:21:21,330.93,0xff,0xe7,0xff,0x6a,0x81,0x45,ff e7 ff 6a 81 45 00 00
2025-10-25 13:21:21,331.12,0xff,0xe7,0xff,0x6a,0x81,0x58,ff e7 ff 6a 81 58 00 00
2025-10-25 13:21:21,331.12,0xff,0xe7,0xff,0x6a,0x81,0x58,ff e7 ff 6a 81 58 00 00
2025-10-25 13:21:21,331.12,0xff,0xe7,0xff,0x6a,0x81,0x58,ff e7 ff 6a 81 58 00 00
2025-10-25 13:21:22,331.12,0xff,0xe7,0xff,0x6a,0x81,0x58,ff e7 ff 6a 81 58 00 00
2025-10-25 13:21:22,331.12,0xff,0xe7,0xff,0x6a,0x81,0x58,ff e7 ff 6a 81 58 00 00
2025-10-25 13:21:22,331.37,0xff,0xe7,0xff,0x6a,0x81,0x71,ff e7 ff 6a 81 71 00 00
2025-10-25 13:21:22,331.37,0xff,0xe7,0xff,0x6a,0x81,0x71,ff e7 ff 6a 81 71 00 00
2025-10-25 13:21:22,331.37,0xff,0xe7,0xff,0x6a,0x81,0x71,ff e7 ff 6a 81 71 00 00
2025-10-25 13:21:22,331.25,0x00,0x19,0xff,0x8a,0x81,0x65,00 19 ff 8a 81 65 00 00
2025-10-25 13:21:22,331.25,0x00,0x19,0xff,0x8a,0x81,0x65,00 19 ff 8a 81 65 00 00
2025-10-25 13:21:22,331.5,0x00,0x1f,0xff,0x71,0x81,0x7e,00 1f ff 71 81 7e 00 00
2025-10-25 13:21:22,331.5,0x00,0x1f,0xff,0x71,0x81,0x7e,00 1f ff 71 81 7e 00 00
2025-10-25 13:21:22,331.5,0x00,0x1f,0xff,0x71,0x81,0x7e,00 1f ff 71 81 7e 00 00
2025-10-25 13:21:22,331.62,0xff,0xf4,0xff,0x2c,0x81,0x8a,ff f4 ff 2c 81 8a 00 00
2025-10-25 13:21:22,331.62,0xff,0xf4,0xff,0x2c,0x81,0x8a,ff f4 ff 2c 81 8a 00 00
2025-10-25 13:21:22,331.62,0xff,0xf4,0xff,0x2c,0x81,0x8a,ff f4 ff 2c 81 8a 00 00
2025-10-25 13:21:22,331.5,0xff,0xd5,0xff,0x19,0x81,0x7e,ff d5 ff 19 81 7e 00 00
2025-10-25 13:21:22,331.5,0xff,0xd5,0xff,0x19,0x81,0x7e,ff d5 ff 19 81 7e 00 00
2025-10-25 13:21:22,331.75,0xff,0xdb,0xff,0x58,0x81,0x97,ff db ff 58 81 97 00 00
2025-10-25 13:21:22,331.75,0xff,0xdb,0xff,0x58,0x81,0x97,ff db ff 58 81 97 00 00
2025-10-25 13:21:22,331.75,0xff,0xdb,0xff,0x58,0x81,0x97,ff db ff 58 81 97 00 00
2025-10-25 13:21:22,332.06,0xff,0xce,0xff,0x90,0x81,0xb6,ff ce ff 90 81 b6 00 00
2025-10-25 13:21:22,332.06,0xff,0xce,0xff,0x90,0x81,0xb6,ff ce ff 90 81 b6 00 00
2025-10-25 13:21:22,332.06,0xff,0xce,0xff,0x90,0x81,0xb6,ff ce ff 90 81 b6 00 00
2025-10-25 13:21:22,332.06,0xff,0xce,0xff,0x90,0x81,0xb6,ff ce ff 90 81 b6 00 00
2025-10-25 13:21:22,332.06,0xff,0xce,0xff,0x90,0x81,0xb6,ff ce ff 90 81 b6 00 00
2025-10-25 13:21:22,331.87,0xff,0xee,0xff,0x8a,0x81,0xa3,ff ee ff 8a 81 a3 00 00
2025-10-25 13:21:22,331.87,0xff,0xee,0xff,0x8a,0x81,0xa3,ff ee ff 8a 81 a3 00 00
2025-10-25 13:21:22,331.87,0xff,0xee,0xff,0x8a,0x81,0xa3,ff ee ff 8a 81 a3 00 00
2025-10-25 13:21:22,331.75,0xff,0xfa,0xff,0x6a,0x81,0x97,ff fa ff 6a 81 97 00 00
2025-10-25 13:21:22,331.75,0xff,0xfa,0xff,0x6a,0x81,0x97,ff fa ff 6a 81 97 00 00
2025-10-25 13:21:22,331.87,0xff,0xfa,0xff,0x83,0x81,0xa3,ff fa ff 83 81 a3 00 00
2025-10-25 13:21:22,331.87,0xff,0xfa,0xff,0x83,0x81,0xa3,ff fa ff 83 81 a3 00 00
2025-10-25 13:21:22,331.87,0xff,0xfa,0xff,0x83,0x81,0xa3,ff fa ff 83 81 a3 00 00
2025-10-25 13:21:22,333.06,0xff,0xee,0xff,0x8a,0x82,0x1a,ff ee ff 8a 82 1a 00 00
2025-10-25 13:21:22,333.06,0xff,0xee,0xff,0x8a,0x82,0x1a,ff ee ff 8a 82 1a 00 00
2025-10-25 13:21:22,333.06,0xff,0xee,0xff,0x8a,0x82,0x1a,ff ee ff 8a 82 1a 00 00
2025-10-25 13:21:22,334.12,0xff,0xe7,0xff,0xaf,0x82,0x84,ff e7 ff af 82 84 00 00
2025-10-25 13:21:22,334.12,0xff,0xe7,0xff,0xaf,0x82,0x84,ff e7 ff af 82 84 00 00
2025-10-25 13:21:22,334.12,0xff,0xe7,0xff,0xaf,0x82,0x84,ff e7 ff af 82 84 00 00
2025-10-25 13:21:22,334.12,0xff,0xe7,0xff,0xaf,0x82,0x84,ff e7 ff af 82 84 00 00
2025-10-25 13:21:22,334.12,0xff,0xe7,0xff,0xaf,0x82,0x84,ff e7 ff af 82 84 00 00
2025-10-25 13:21:22,334.25,0xff,0xe7,0xff,0xaf,0x82,0x91,ff e7 ff af 82 91 00 00
2025-10-25 13:21:22,334.25,0xff,0xe7,0xff,0xaf,0x82,0x91,ff e7 ff af 82 91 00 00
2025-10-25 13:21:22,334.43,0xff,0xe7,0xff,0xaf,0x82,0xa3,ff e7 ff af 82 a3 00 00
2025-10-25 13:21:22,334.43,0xff,0xe7,0xff,0xaf,0x82,0xa3,ff e7 ff af 82 a3 00 00
2025-10-25 13:21:22,334.43,0xff,0xe7,0xff,0xaf,0x82,0xa3,ff e7 ff af 82 a3 00 00
2025-10-25 13:21:22,334.68,0xff,0xe7,0xff,0xaf,0x82,0xbc,ff e7 ff af 82 bc 00 00
2025-10-25 13:21:22,334.68,0xff,0xe7,0xff,0xaf,0x82,0xbc,ff e7 ff af 82 bc 00 00
2025-10-25 13:21:22,335.06,0xff,0xe7,0xff,0xaf,0x82,0xe2,ff e7 ff af 82 e2 00 00
2025-10-25 13:21:22,335.06,0xff,0xe7,0xff,0xaf,0x82,0xe2,ff e7 ff af 82 e2 00 00
2025-10-25 13:21:22,335.06,0xff,0xe7,0xff,0xaf,0x82,0xe2,ff e7 ff af 82 e2 00 00
2025-10-25 13:21:22,334.81,0xff,0xe7,0xff,0x71,0x82,0xc9,ff e7 ff 71 82 c9 00 00
2025-10-25 13:21:22,334.81,0xff,0xe7,0xff,0x71,0x82,0xc9,ff e7 ff 71 82 c9 00 00
2025-10-25 13:21:22,334.81,0xff,0xe7,0xff,0x71,0x82,0xc9,ff e7 ff 71 82 c9 00 00
2025-10-25 13:21:23,334.81,0xff,0xe1,0xff,0x71,0x82,0xc9,ff e1 ff 71 82 c9 00 00
2025-10-25 13:21:23,334.81,0xff,0xe1,0xff,0x71,0x82,0xc9,ff e1 ff 71 82 c9 00 00
2025-10-25 13:21:23,334.81,0xff,0xdb,0xff,0x71,0x82,0xc9,ff db ff 71 82 c9 00 00
2025-10-25 13:21:23,334.81,0xff,0xdb,0xff,0x71,0x82,0xc9,ff db ff 71 82 c9 00 00
2025-10-25 13:21:23,334.81,0xff,0xdb,0xff,0x71,0x82,0xc9,ff db ff 71 82 c9 00 00
2025-10-25 13:21:23,335.06,0xff,0xce,0xff,0x71,0x82,0xe2,ff ce ff 71 82 e2 00 00
2025-10-25 13:21:23,335.06,0xff,0xce,0xff,0x71,0x82,0xe2,ff ce ff 71 82 e2 00 00
2025-10-25 13:21:23,335.18,0xff,0xce,0xff,0x90,0x82,0xee,ff ce ff 90 82 ee 00 00
2025-10-25 13:21:23,335.18,0xff,0xce,0xff,0x90,0x82,0xee,ff ce ff 90 82 ee 00 00
2025-10-25 13:21:23,335.18,0xff,0xce,0xff,0x90,0x82,0xee,ff ce ff 90 82 ee 00 00
2025-10-25 13:21:23,335.18,0xff,0xd5,0xff,0x90,0x82,0xee,ff d5 ff 90 82 ee 00 00
2025-10-25 13:21:23,335.18,0xff,0xd5,0xff,0x90,0x82,0xee,ff d5 ff 90 82 ee 00 00
2025-10-25 13:21:23,335.18,0xff,0xd5,0xff,0x90,0x82,0xee,ff d5 ff 90 82 ee 00 00
2025-10-25 13:21:23,334.81,0xff,0xdb,0xff,0x71,0x82,0xc9,ff db ff 71 82 c9 00 00
2025-10-25 13:21:23,334.81,0xff,0xdb,0xff,0x71,0x82,0xc9,ff db ff 71 82 c9 00 00
2025-10-25 13:21:23,334.81,0xff,0xdb,0xff,0x71,0x82,0xc9,ff db ff 71 82 c9 00 00
2025-10-25 13:21:23,334.81,0xff,0xdb,0xff,0x71,0x82,0xc9,ff db ff 71 82 c9 00 00
2025-10-25 13:21:23,334.81,0xff,0xdb,0xff,0x71,0x82,0xc9,ff db ff 71 82 c9 00 00
2025-10-25 13:21:23,334.81,0xff,0xdb,0xff,0x71,0x82,0xc9,ff db ff 71 82 c9 00 00
2025-10-25 13:21:23,334.81,0xff,0xdb,0xff,0x71,0x82,0xc9,ff db ff 71 82 c9 00 00
2025-10-25 13:21:23,334.81,0xff,0xdb,0xff,0x71,0x82,0xc9,ff db ff 71 82 c9 00 00
2025-10-25 13:21:23,334.81,0xff,0xdb,0xff,0x71,0x82,0xc9,ff db ff 71 82 c9 00 00
2025-10-25 13:21:23,334.81,0xff,0xdb,0xff,0x71,0x82,0xc9,ff db ff 71 82 c9 00 00
2025-10-25 13:21:23,335.87,0xff,0xdb,0xff,0x71,0x83,0x33,ff db ff 71 83 33 00 00
2025-10-25 13:21:23,335.87,0xff,0xdb,0xff,0x71,0x83,0x33,ff db ff 71 83 33 00 00
2025-10-25 13:21:23,335.87,0xff,0xdb,0xff,0x71,0x83,0x33,ff db ff 71 83 33 00 00
2025-10-25 13:21:23,336.25,0xff,0xdb,0xff,0x71,0x83,0x59,ff db ff 71 83 59 00 00
2025-10-25 13:21:23,336.25,0xff,0xdb,0xff,0x71,0x83,0x59,ff db ff 71 83 59 00 00
2025-10-25 13:21:23,336.75,0xff,0xdb,0xff,0x71,0x83,0x8b,ff db ff 71 83 8b 00 00
2025-10-25 13:21:23,336.75,0xff,0xdb,0xff,0x71,0x83,0x8b,ff db ff 71 83 8b 00 00
2025-10-25 13:21:23,336.75,0xff,0xdb,0xff,0x71,0x83,0x8b,ff db ff 71 83 8b 00 00
2025-10-25 13:21:23,336.81,0xff,0xdb,0xff,0x71,0x83,0x91,ff db ff 71 83 91 00 00
2025-10-25 13:21:23,336.81,0xff,0xdb,0xff,0x71,0x83,0x91,ff db ff 71 83 91 00 00
2025-10-25 13:21:23,336.81,0xff,0xdb,0xff,0x71,0x83,0x91,ff db ff 71 83 91 00 00
2025-10-25 13:21:23,336.81,0xff,0xdb,0xff,0x71,0x83,0x91,ff db ff 71 83 91 00 00
2025-10-25 13:21:23,336.81,0xff,0xdb,0xff,0x71,0x83,0x91,ff db ff 71 83 91 00 00
2025-10-25 13:21:23,337.25,0xff,0xdb,0xff,0x71,0x83,0xbd,ff db ff 71 83 bd 00 00
2025-10-25 13:21:23,337.25,0xff,0xdb,0xff,0x71,0x83,0xbd,ff db ff 71 83 bd 00 00
2025-10-25 13:21:23,337.25,0xff,0xdb,0xff,0x71,0x83,0xbd,ff db ff 71 83 bd 00 00
2025-10-25 13:21:23,337.5,0xff,0xdb,0xff,0x71,0x83,0xd6,ff db ff 71 83 d6 00 00
2025-10-25 13:21:23,337.5,0xff,0xdb,0xff,0x71,0x83,0xd6,ff db ff 71 83 d6 00 00
2025-10-25 13:21:23,337.5,0xff,0xdb,0xff,0x71,0x83,0xd6,ff db ff 71 83 d6 00 00
2025-10-25 13:21:23,337.5,0xff,0xdb,0xff,0x71,0x83,0xd6,ff db ff 71 83 d6 00 00
2025-10-25 13:21:23,337.5,0xff,0xdb,0xff,0x71,0x83,0xd6,ff db ff 71 83 d6 00 00
2025-10-25 13:21:23,337.5,0xff,0xdb,0xff,0x71,0x83,0xd6,ff db ff 71 83 d6 00 00
2025-10-25 13:21:23,337.5,0xff,0xdb,0xff,0x71,0x83,0xd6,ff db ff 71 83 d6 00 00
2025-10-25 13:21:23,337.5,0xff,0xdb,0xff,0x71,0x83,0xd6,ff db ff 71 83 d6 00 00
2025-10-25 13:21:23,337.5,0xff,0xdb,0xff,0x71,0x83,0xd6,ff db ff 71 83 d6 00 00
2025-10-25 13:21:23,337.5,0xff,0xdb,0xff,0x71,0x83,0xd6,ff db ff 71 83 d6 00 00
2025-10-25 13:21:23,337.5,0xff,0xdb,0xff,0x71,0x83,0xd6,ff db ff 71 83 d6 00 00
2025-10-25 13:21:23,337.5,0xff,0xdb,0xff,0x71,0x83,0xd6,ff db ff 71 83 d6 00 00
2025-10-25 13:21:23,337.5,0xff,0xdb,0xff,0x71,0x83,0xd6,ff db ff 71 83 d6 00 00
2025-10-25 13:21:24,337.5,0xff,0xdb,0xff,0x71,0x83,0xd6,ff db ff 71 83 d6 00 00
2025-10-25 13:21:24,337.5,0xff,0xdb,0xff,0x71,0x83,0xd6,ff db ff 71 83 d6 00 00
2025-10-25 13:21:24,337.5,0xff,0xdb,0xff,0x71,0x83,0xd6,ff db ff 71 83 d6 00 00
2025-10-25 13:21:24,337.5,0xff,0xdb,0xff,0x71,0x83,0xd6,ff db ff 71 83 d6 00 00
2025-10-25 13:21:24,337.5,0xff,0xdb,0xff,0x71,0x83,0xd6,ff db ff 71 83 d6 00 00
2025-10-25 13:21:24,337.5,0xff,0xdb,0xff,0x71,0x83,0xd6,ff db ff 71 83 d6 00 00
2025-10-25 13:21:24,337.5,0xff,0xdb,0xff,0x71,0x83,0xd6,ff db ff 71 83 d6 00 00
2025-10-25 13:21:24,337.5,0xff,0xdb,0xff,0x71,0x83,0xd6,ff db ff 71 83 d6 00 00
2025-10-25 13:21:24,337.5,0xff,0xdb,0xff,0x71,0x83,0xd6,ff db ff 71 83 d6 00 00
2025-10-25 13:21:24,337.5,0xff,0xdb,0xff,0x71,0x83,0xd6,ff db ff 71 83 d6 00 00
2025-10-25 13:21:24,337.5,0xff,0xdb,0xff,0x71,0x83,0xd6,ff db ff 71 83 d6 00 00
2025-10-25 13:21:24,337.5,0xff,0xdb,0xff,0x71,0x83,0xd6,ff db ff 71 83 d6 00 00
2025-10-25 13:21:24,337.5,0xff,0xdb,0xff,0x71,0x83,0xd6,ff db ff 71 83 d6 00 00
2025-10-25 13:21:24,338.62,0xff,0xdb,0xff,0x71,0x84,0x46,ff db ff 71 84 46 00 00
2025-10-25 13:21:24,338.62,0xff,0xdb,0xff,0x71,0x84,0x46,ff db ff 71 84 46 00 00
2025-10-25 13:21:24,338.62,0xff,0xdb,0xff,0x71,0x84,0x46,ff db ff 71 84 46 00 00
2025-10-25 13:21:24,339.18,0xff,0xdb,0xff,0x71,0x84,0x7e,ff db ff 71 84 7e 00 00
2025-10-25 13:21:24,339.18,0xff,0xdb,0xff,0x71,0x84,0x7e,ff db ff 71 84 7e 00 00
2025-10-25 13:21:24,339.43,0xff,0xdb,0xff,0x71,0x84,0x97,ff db ff 71 84 97 00 00
2025-10-25 13:21:24,339.43,0xff,0xdb,0xff,0x71,0x84,0x97,ff db ff 71 84 97 00 00
2025-10-25 13:21:24,339.43,0xff,0xdb,0xff,0x71,0x84,0x97,ff db ff 71 84 97 00 00
2025-10-25 13:21:24,339.5,0xff,0xdb,0xff,0x71,0x84,0x9e,ff db ff 71 84 9e 00 00
2025-10-25 13:21:24,339.5,0xff,0xdb,0xff,0x71,0x84,0x9e,ff db ff 71 84 9e 00 00
2025-10-25 13:21:24,339.75,0xff,0xdb,0xff,0x71,0x84,0xb7,ff db ff 71 84 b7 00 00
2025-10-25 13:21:24,339.75,0xff,0xdb,0xff,0x71,0x84,0xb7,ff db ff 71 84 b7 00 00
2025-10-25 13:21:24,339.75,0xff,0xdb,0xff,0x71,0x84,0xb7,ff db ff 71 84 b7 00 00
2025-10-25 13:21:24,339.93,0xff,0xdb,0xff,0x71,0x84,0xc9,ff db ff 71 84 c9 00 00
2025-10-25 13:21:24,339.93,0xff,0xdb,0xff,0x71,0x84,0xc9,ff db ff 71 84 c9 00 00
2025-10-25 13:21:24,339.93,0xff,0xdb,0xff,0x71,0x84,0xc9,ff db ff 71 84 c9 00 00
2025-10-25 13:21:24,339.68,0xff,0xdb,0xff,0x71,0x84,0xb0,ff db ff 71 84 b0 00 00
2025-10-25 13:21:24,339.68,0xff,0xdb,0xff,0x71,0x84,0xb0,ff db ff 71 84 b0 00 00
2025-10-25 13:21:24,339.68,0xff,0xdb,0xff,0x71,0x84,0xb0,ff db ff 71 84 b0 00 00
2025-10-25 13:21:24,339.68,0xff,0xdb,0xff,0x71,0x84,0xb0,ff db ff 71 84 b0 00 00
2025-10-25 13:21:24,339.68,0xff,0xdb,0xff,0x71,0x84,0xb0,ff db ff 71 84 b0 00 00
2025-10-25 13:21:24,339.68,0xff,0xdb,0xff,0x71,0x84,0xb0,ff db ff 71 84 b0 00 00
2025-10-25 13:21:24,339.68,0xff,0xdb,0xff,0x71,0x84,0xb0,ff db ff 71 84 b0 00 00
2025-10-25 13:21:24,339.68,0xff,0xdb,0xff,0x71,0x84,0xb0,ff db ff 71 84 b0 00 00
2025-10-25 13:21:24,339.68,0xff,0xdb,0xff,0x71,0x84,0xb0,ff db ff 71 84 b0 00 00
2025-10-25 13:21:24,339.68,0xff,0xdb,0xff,0x71,0x84,0xb0,ff db ff 71 84 b0 00 00
2025-10-25 13:21:24,339.68,0xff,0xdb,0xff,0x71,0x84,0xb0,ff db ff 71 84 b0 00 00
2025-10-25 13:21:24,339.68,0xff,0xdb,0xff,0x71,0x84,0xb0,ff db ff 71 84 b0 00 00
2025-10-25 13:21:24,339.68,0xff,0xdb,0xff,0x71,0x84,0xb0,ff db ff 71 84 b0 00 00
2025-10-25 13:21:24,339.68,0xff,0xdb,0xff,0x71,0x84,0xb0,ff db ff 71 84 b0 00 00
2025-10-25 13:21:24,339.68,0xff,0xdb,0xff,0x71,0x84,0xb0,ff db ff 71 84 b0 00 00
2025-10-25 13:21:24,339.68,0xff,0xdb,0xff,0x71,0x84,0xb0,ff db ff 71 84 b0 00 00
2025-10-25 13:21:24,339.68,0xff,0xdb,0xff,0x71,0x84,0xb0,ff db ff 71 84 b0 00 00
2025-10-25 13:21:24,339.68,0xff,0xdb,0xff,0x71,0x84,0xb0,ff db ff 71 84 b0 00 00
2025-10-25 13:21:24,339.68,0xff,0xdb,0xff,0x71,0x84,0xb0,ff db ff 71 84 b0 00 00
2025-10-25 13:21:24,339.68,0xff,0xdb,0xff,0x71,0x84,0xb0,ff db ff 71 84 b0 00 00
2025-10-25 13:21:24,339.68,0xff,0xdb,0xff,0x71,0x84,0xb0,ff db ff 71 84 b0 00 00
2025-10-25 13:21:24,339.68,0xff,0xdb,0xff,0x71,0x84,0xb0,ff db ff 71 84 b0 00 00
2025-10-25 13:21:24,339.68,0xff,0xdb,0xff,0x71,0x84,0xb0,ff db ff 71 84 b0 00 00
2025-10-25 13:21:24,340.75,0xff,0xdb,0xff,0x71,0x85,0x1b,ff db ff 71 85 1b 00 00
2025-10-25 13:21:25,340.75,0xff,0xdb,0xff,0x71,0x85,0x1b,ff db ff 71 85 1b 00 00
2025-10-25 13:21:25,340.75,0xff,0xdb,0xff,0x71,0x85,0x1b,ff db ff 71 85 1b 00 00
2025-10-25 13:21:25,341.18,0xff,0xdb,0xff,0x71,0x85,0x46,ff db ff 71 85 46 00 00
2025-10-25 13:21:25,341.18,0xff,0xdb,0xff,0x71,0x85,0x46,ff db ff 71 85 46 00 00
2025-10-25 13:21:25,341.18,0xff,0xdb,0xff,0x71,0x85,0x46,ff db ff 71 85 46 00 00
2025-10-25 13:21:25,341.56,0xff,0xdb,0xff,0x71,0x85,0x6c,ff db ff 71 85 6c 00 00
2025-10-25 13:21:25,341.56,0xff,0xdb,0xff,0x71,0x85,0x6c,ff db ff 71 85 6c 00 00
2025-10-25 13:21:25,341.87,0xff,0xdb,0xff,0x71,0x85,0x8b,ff db ff 71 85 8b 00 00
2025-10-25 13:21:25,341.87,0xff,0xdb,0xff,0x71,0x85,0x8b,ff db ff 71 85 8b 00 00
2025-10-25 13:21:25,341.87,0xff,0xdb,0xff,0x71,0x85,0x8b,ff db ff 71 85 8b 00 00
2025-10-25 13:21:25,342,0xff,0xdb,0xff,0x71,0x85,0x98,ff db ff 71 85 98 00 00
2025-10-25 13:21:25,342,0xff,0xdb,0xff,0x71,0x85,0x98,ff db ff 71 85 98 00 00
2025-10-25 13:21:25,342,0xff,0xdb,0xff,0x71,0x85,0x98,ff db ff 71 85 98 00 00
2025-10-25 13:21:25,342,0xff,0xdb,0xff,0x71,0x85,0x98,ff db ff 71 85 98 00 00
2025-10-25 13:21:25,342,0xff,0xdb,0xff,0x71,0x85,0x98,ff db ff 71 85 98 00 00
2025-10-25 13:21:25,342.12,0xff,0xdb,0xff,0x71,0x85,0xa4,ff db ff 71 85 a4 00 00
2025-10-25 13:21:25,342.12,0xff,0xdb,0xff,0x71,0x85,0xa4,ff db ff 71 85 a4 00 00
2025-10-25 13:21:25,342.12,0xff,0xdb,0xff,0x71,0x85,0xa4,ff db ff 71 85 a4 00 00
2025-10-25 13:21:25,342.12,0xff,0xdb,0xff,0x71,0x85,0xa4,ff db ff 71 85 a4 00 00
2025-10-25 13:21:25,342.12,0xff,0xdb,0xff,0x71,0x85,0xa4,ff db ff 71 85 a4 00 00
2025-10-25 13:21:25,342.12,0xff,0xdb,0xff,0x71,0x85,0xa4,ff db ff 71 85 a4 00 00
2025-10-25 13:21:25,342.12,0xff,0xdb,0xff,0x71,0x85,0xa4,ff db ff 71 85 a4 00 00
2025-10-25 13:21:25,342.12,0xff,0xdb,0xff,0x71,0x85,0xa4,ff db ff 71 85 a4 00 00
2025-10-25 13:21:25,342.12,0xff,0xdb,0xff,0x71,0x85,0xa4,ff db ff 71 85 a4 00 00
2025-10-25 13:21:25,342.12,0xff,0xdb,0xff,0x71,0x85,0xa4,ff db ff 71 85 a4 00 00
2025-10-25 13:21:25,342.12,0xff,0xdb,0xff,0x71,0x85,0xa4,ff db ff 71 85 a4 00 00
2025-10-25 13:21:25,342.12,0xff,0xdb,0xff,0x71,0x85,0xa4,ff db ff 71 85 a4 00 00
2025-10-25 13:21:25,342.12,0xff,0xdb,0xff,0x71,0x85,0xa4,ff db ff 71 85 a4 00 00
2025-10-25 13:21:25,342.12,0xff,0xdb,0xff,0x71,0x85,0xa4,ff db ff 71 85 a4 00 00
2025-10-25 13:21:25,342.12,0xff,0xdb,0xff,0x71,0x85,0xa4,ff db ff 71 85 a4 00 00
2025-10-25 13:21:25,342.12,0xff,0xdb,0xff,0x71,0x85,0xa4,ff db ff 71 85 a4 00 00
2025-10-25 13:21:25,342.12,0xff,0xdb,0xff,0x71,0x85,0xa4,ff db ff 71 85 a4 00 00
2025-10-25 13:21:25,342.12,0xff,0xdb,0xff,0x71,0x85,0xa4,ff db ff 71 85 a4 00 00
2025-10-25 13:21:25,342.12,0xff,0xdb,0xff,0x71,0x85,0xa4,ff db ff 71 85 a4 00 00
2025-10-25 13:21:25,342.12,0xff,0xdb,0xff,0x71,0x85,0xa4,ff db ff 71 85 a4 00 00
2025-10-25 13:21:25,342.12,0xff,0xdb,0xff,0x71,0x85,0xa4,ff db ff 71 85 a4 00 00
2025-10-25 13:21:25,342.12,0xff,0xdb,0xff,0x71,0x85,0xa4,ff db ff 71 85 a4 00 00
2025-10-25 13:21:25,342.12,0xff,0xdb,0xff,0x71,0x85,0xa4,ff db ff 71 85 a4 00 00
2025-10-25 13:21:25,342.12,0xff,0xdb,0xff,0x71,0x85,0xa4,ff db ff 71 85 a4 00 00
2025-10-25 13:21:25,342.12,0xff,0xdb,0xff,0x71,0x85,0xa4,ff db ff 71 85 a4 00 00
2025-10-25 13:21:25,342.12,0xff,0xdb,0xff,0x71,0x85,0xa4,ff db ff 71 85 a4 00 00
2025-10-25 13:21:25,342.12,0xff,0xdb,0xff,0x71,0x85,0xa4,ff db ff 71 85 a4 00 00
2025-10-25 13:21:25,342.12,0xff,0xdb,0xff,0x71,0x85,0xa4,ff db ff 71 85 a4 00 00
2025-10-25 13:21:25,342.12,0xff,0xdb,0xff,0x71,0x85,0xa4,ff db ff 71 85 a4 00 00
2025-10-25 13:21:25,342.12,0xff,0xdb,0xff,0x71,0x85,0xa4,ff db ff 71 85 a4 00 00
2025-10-25 13:21:25,342.12,0xff,0xdb,0xff,0x71,0x85,0xa4,ff db ff 71 85 a4 00 00
2025-10-25 13:21:25,343.18,0xff,0xdb,0xff,0x71,0x86,0x0e,ff db ff 71 86 0e 00 00
2025-10-25 13:21:25,343.18,0xff,0xdb,0xff,0x71,0x86,0x0e,ff db ff 71 86 0e 00 00
2025-10-25 13:21:25,343.18,0xff,0xdb,0xff,0x71,0x86,0x0e,ff db ff 71 86 0e 00 00
2025-10-25 13:21:25,343.62,0xff,0xdb,0xff,0x71,0x86,0x3a,ff db ff 71 86 3a 00 00
2025-10-25 13:21:25,343.62,0xff,0xdb,0xff,0x71,0x86,0x3a,ff db ff 71 86 3a 00 00
2025-10-25 13:21:25,343.93,0xff,0xdb,0xff,0x71,0x86,0x59,ff db ff 71 86 59 00 00
2025-10-25 13:21:26,343.93,0xff,0xdb,0xff,0x71,0x86,0x59,ff db ff 71 86 59 00 00
2025-10-25 13:21:26,343.93,0xff,0xdb,0xff,0x71,0x86,0x59,ff db ff 71 86 59 00 00
2025-10-25 13:21:26,343.68,0xff,0xdb,0xff,0x71,0x86,0x40,ff db ff 71 86 40 00 00
2025-10-25 13:21:26,343.68,0xff,0xdb,0xff,0x71,0x86,0x40,ff db ff 71 86 40 00 00
2025-10-25 13:21:26,343.75,0xff,0xdb,0xff,0x71,0x86,0x47,ff db ff 71 86 47 00 00
2025-10-25 13:21:26,343.75,0xff,0xdb,0xff,0x71,0x86,0x47,ff db ff 71 86 47 00 00
2025-10-25 13:21:26,343.75,0xff,0xdb,0xff,0x71,0x86,0x47,ff db ff 71 86 47 00 00
2025-10-25 13:21:26,344,0xff,0xdb,0xff,0x71,0x86,0x60,ff db ff 71 86 60 00 00
2025-10-25 13:21:26,344,0xff,0xdb,0xff,0x71,0x86,0x60,ff db ff 71 86 60 00 00
2025-10-25 13:21:26,344,0xff,0xdb,0xff,0x71,0x86,0x60,ff db ff 71 86 60 00 00
2025-10-25 13:21:26,343.93,0xff,0xdb,0xff,0x71,0x86,0x59,ff db ff 71 86 59 00 00
2025-10-25 13:21:26,343.93,0xff,0xdb,0xff,0x71,0x86,0x59,ff db ff 71 86 59 00 00
2025-10-25 13:21:26,343.93,0xff,0xdb,0xff,0x71,0x86,0x59,ff db ff 71 86 59 00 00
2025-10-25 13:21:26,343.93,0xff,0xdb,0xff,0x71,0x86,0x59,ff db ff 71 86 59 00 00
2025-10-25 13:21:26,343.93,0xff,0xdb,0xff,0x71,0x86,0x59,ff db ff 71 86 59 00 00
2025-10-25 13:21:26,343.93,0xff,0xdb,0xff,0x71,0x86,0x59,ff db ff 71 86 59 00 00
2025-10-25 13:21:26,343.93,0xff,0xdb,0xff,0x71,0x86,0x59,ff db ff 71 86 59 00 00
2025-10-25 13:21:26,343.93,0xff,0xdb,0xff,0x71,0x86,0x59,ff db ff 71 86 59 00 00
2025-10-25 13:21:26,343.93,0xff,0xdb,0xff,0x71,0x86,0x59,ff db ff 71 86 59 00 00
2025-10-25 13:21:26,343.93,0xff,0xdb,0xff,0x71,0x86,0x59,ff db ff 71 86 59 00 00
2025-10-25 13:21:26,343.93,0xff,0xdb,0xff,0x71,0x86,0x59,ff db ff 71 86 59 00 00
2025-10-25 13:21:26,343.93,0xff,0xdb,0xff,0x71,0x86,0x59,ff db ff 71 86 59 00 00
2025-10-25 13:21:26,343.93,0xff,0xdb,0xff,0x71,0x86,0x59,ff db ff 71 86 59 00 00
2025-10-25 13:21:26,343.93,0xff,0xdb,0xff,0x71,0x86,0x59,ff db ff 71 86 59 00 00
2025-10-25 13:21:26,343.93,0xff,0xdb,0xff,0x71,0x86,0x59,ff db ff 71 86 59 00 00
2025-10-25 13:21:26,343.93,0xff,0xdb,0xff,0x71,0x86,0x59,ff db ff 71 86 59 00 00
2025-10-25 13:21:26,343.93,0xff,0xdb,0xff,0x71,0x86,0x59,ff db ff 71 86 59 00 00
2025-10-25 13:21:26,343.93,0xff,0xdb,0xff,0x71,0x86,0x59,ff db ff 71 86 59 00 00
2025-10-25 13:21:26,343.93,0xff,0xdb,0xff,0x71,0x86,0x59,ff db ff 71 86 59 00 00
2025-10-25 13:21:26,343.93,0xff,0xdb,0xff,0x71,0x86,0x59,ff db ff 71 86 59 00 00
2025-10-25 13:21:26,343.93,0xff,0xdb,0xff,0x71,0x86,0x59,ff db ff 71 86 59 00 00
2025-10-25 13:21:26,343.93,0xff,0xdb,0xff,0x71,0x86,0x59,ff db ff 71 86 59 00 00
2025-10-25 13:21:26,343.93,0xff,0xdb,0xff,0x71,0x86,0x59,ff db ff 71 86 59 00 00
2025-10-25 13:21:26,343.93,0xff,0xdb,0xff,0x71,0x86,0x59,ff db ff 71 86 59 00 00
2025-10-25 13:21:26,343.93,0xff,0xdb,0xff,0x71,0x86,0x59,ff db ff 71 86 59 00 00
2025-10-25 13:21:26,343.93,0xff,0xdb,0xff,0x71,0x86,0x59,ff db ff 71 86 59 00 00
2025-10-25 13:21:26,343.93,0xff,0xdb,0xff,0x71,0x86,0x59,ff db ff 71 86 59 00 00
2025-10-25 13:21:26,343.93,0xff,0xdb,0xff,0x71,0x86,0x59,ff db ff 71 86 59 00 00
2025-10-25 13:21:26,343.93,0xff,0xdb,0xff,0x71,0x86,0x59,ff db ff 71 86 59 00 00
2025-10-25 13:21:26,343.93,0xff,0xdb,0xff,0x71,0x86,0x59,ff db ff 71 86 59 00 00
2025-10-25 13:21:26,343.93,0xff,0xdb,0xff,0x71,0x86,0x59,ff db ff 71 86 59 00 00
2025-10-25 13:21:26,343.93,0xff,0xdb,0xff,0x71,0x86,0x59,ff db ff 71 86 59 00 00
2025-10-25 13:21:26,343.93,0xff,0xdb,0xff,0x71,0x86,0x59,ff db ff 71 86 59 00 00
2025-10-25 13:21:26,343.93,0xff,0xdb,0xff,0x71,0x86,0x59,ff db ff 71 86 59 00 00
2025-10-25 13:21:26,343.93,0xff,0xdb,0xff,0x71,0x86,0x59,ff db ff 71 86 59 00 00
2025-10-25 13:21:26,343.93,0xff,0xdb,0xff,0x71,0x86,0x59,ff db ff 71 86 59 00 00
2025-10-25 13:21:26,343.93,0xff,0xdb,0xff,0x71,0x86,0x59,ff db ff 71 86 59 00 00
2025-10-25 13:21:26,343.93,0xff,0xdb,0xff,0x71,0x86,0x59,ff db ff 71 86 59 00 00
2025-10-25 13:21:26,343.93,0xff,0xdb,0xff,0x71,0x86,0x59,ff db ff 71 86 59 00 00
2025-10-25 13:21:26,343.93,0xff,0xdb,0xff,0x71,0x86,0x59,ff db ff 71 86 59 00 00
2025-10-25 13:21:26,343.93,0xff,0xdb,0xff,0x71,0x86,0x59,ff db ff 71 86 59 00 00
2025-10-25 13:21:26,343.93,0xff,0xdb,0xff,0x71,0x86,0x59,ff db ff 71 86 59 00 00
2025-10-25 13:21:27,343.93,0xff,0xdb,0xff,0x71,0x86,0x59,ff db ff 71 86 59 00 00
2025-10-25 13:21:27,343.93,0xff,0xdb,0xff,0x71,0x86,0x59,ff db ff 71 86 59 00 00
2025-10-25 13:21:27,343.93,0xff,0xdb,0xff,0x71,0x86,0x59,ff db ff 71 86 59 00 00
2025-10-25 13:21:27,343.93,0xff,0xdb,0xff,0x71,0x86,0x59,ff db ff 71 86 59 00 00
2025-10-25 13:21:27,343.93,0xff,0xdb,0xff,0x71,0x86,0x59,ff db ff 71 86 59 00 00
2025-10-25 13:21:27,343.93,0xff,0xdb,0xff,0x71,0x86,0x59,ff db ff 71 86 59 00 00
2025-10-25 13:21:27,343.93,0xff,0xdb,0xff,0x71,0x86,0x59,ff db ff 71 86 59 00 00
2025-10-25 13:21:27,343.93,0xff,0xdb,0xff,0x71,0x86,0x59,ff db ff 71 86 59 00 00
2025-10-25 13:21:27,343.93,0xff,0xdb,0xff,0x71,0x86,0x59,ff db ff 71 86 59 00 00
2025-10-25 13:21:27,343.93,0xff,0xdb,0xff,0x71,0x86,0x59,ff db ff 71 86 59 00 00
2025-10-25 13:21:27,343.93,0xff,0xdb,0xff,0x71,0x86,0x59,ff db ff 71 86 59 00 00
2025-10-25 13:21:27,343.93,0xff,0xdb,0xff,0x71,0x86,0x59,ff db ff 71 86 59 00 00
2025-10-25 13:21:27,343.93,0xff,0xdb,0xff,0x71,0x86,0x59,ff db ff 71 86 59 00 00
2025-10-25 13:21:27,343.93,0xff,0xdb,0xff,0x71,0x86,0x59,ff db ff 71 86 59 00 00
2025-10-25 13:21:27,343.93,0xff,0xdb,0xff,0x71,0x86,0x59,ff db ff 71 86 59 00 00
2025-10-25 13:21:27,343.93,0xff,0xdb,0xff,0x71,0x86,0x59,ff db ff 71 86 59 00 00
2025-10-25 13:21:27,343.93,0xff,0xdb,0xff,0x71,0x86,0x59,ff db ff 71 86 59 00 00
2025-10-25 13:21:27,343.93,0xff,0xdb,0xff,0x71,0x86,0x59,ff db ff 71 86 59 00 00
2025-10-25 13:21:27,343.93,0xff,0xdb,0xff,0x71,0x86,0x59,ff db ff 71 86 59 00 00
2025-10-25 13:21:27,343.93,0xff,0xdb,0xff,0x71,0x86,0x59,ff db ff 71 86 59 00 00
2025-10-25 13:21:27,343.93,0xff,0xdb,0xff,0x71,0x86,0x59,ff db ff 71 86 59 00 00
2025-10-25 13:21:27,343.93,0xff,0xdb,0xff,0x71,0x86,0x59,ff db ff 71 86 59 00 00
2025-10-25 13:21:27,343.93,0xff,0xdb,0xff,0x71,0x86,0x59,ff db ff 71 86 59 00 00
2025-10-25 13:21:27,343.93,0xff,0xdb,0xff,0x71,0x86,0x59,ff db ff 71 86 59 00 00
2025-10-25 13:21:27,343.93,0xff,0xdb,0xff,0x71,0x86,0x59,ff db ff 71 86 59 00 00
2025-10-25 13:21:27,343.93,0xff,0xdb,0xff,0x71,0x86,0x59,ff db ff 71 86 59 00 00
2025-10-25 13:21:27,343.93,0xff,0xdb,0xff,0x71,0x86,0x59,ff db ff 71 86 59 00 00
2025-10-25 13:21:27,343.93,0xff,0xdb,0xff,0x71,0x86,0x59,ff db ff 71 86 59 00 00
2025-10-25 13:21:27,343.75,0x00,0x06,0xff,0x8a,0x86,0x47,00 06 ff 8a 86 47 00 00
2025-10-25 13:21:27,343.75,0x00,0x06,0xff,0x8a,0x86,0x47,00 06 ff 8a 86 47 00 00
2025-10-25 13:21:27,343.75,0x00,0x06,0xff,0x8a,0x86,0x47,00 06 ff 8a 86 47 00 00
2025-10-25 13:21:27,343.75,0x00,0x2b,0xff,0x90,0x86,0x47,00 2b ff 90 86 47 00 00
2025-10-25 13:21:27,343.75,0x00,0x2b,0xff,0x90,0x86,0x47,00 2b ff 90 86 47 00 00
2025-10-25 13:21:27,343.43,0x00,0x32,0xff,0x77,0x86,0x27,00 32 ff 77 86 27 00 00
2025-10-25 13:21:27,343.43,0x00,0x32,0xff,0x77,0x86,0x27,00 32 ff 77 86 27 00 00
2025-10-25 13:21:27,343.43,0x00,0x32,0xff,0x77,0x86,0x27,00 32 ff 77 86 27 00 00
2025-10-25 13:21:27,343.75,0x00,0x19,0xff,0x8a,0x86,0x47,00 19 ff 8a 86 47 00 00
2025-10-25 13:21:27,343.75,0x00,0x19,0xff,0x8a,0x86,0x47,00 19 ff 8a 86 47 00 00
2025-10-25 13:21:27,343.75,0x00,0x19,0xff,0x8a,0x86,0x47,00 19 ff 8a 86 47 00 00
2025-10-25 13:21:27,344,0xff,0xf4,0xff,0x83,0x86,0x60,ff f4 ff 83 86 60 00 00
2025-10-25 13:21:27,344,0xff,0xf4,0xff,0x83,0x86,0x60,ff f4 ff 83 86 60 00 00
2025-10-25 13:21:27,344.25,0xff,0xc2,0xff,0x96,0x86,0x79,ff c2 ff 96 86 79 00 00
2025-10-25 13:21:27,344.25,0xff,0xc2,0xff,0x96,0x86,0x79,ff c2 ff 96 86 79 00 00
2025-10-25 13:21:27,344.25,0xff,0xc2,0xff,0x96,0x86,0x79,ff c2 ff 96 86 79 00 00
2025-10-25 13:21:27,344.31,0xff,0xc2,0xff,0xc8,0x86,0x7f,ff c2 ff c8 86 7f 00 00
2025-10-25 13:21:27,344.31,0xff,0xc2,0xff,0xc8,0x86,0x7f,ff c2 ff c8 86 7f 00 00
2025-10-25 13:21:27,344.25,0xff,0xbc,0xff,0x9c,0x86,0x79,ff bc ff 9c 86 79 00 00
2025-10-25 13:21:27,344.25,0xff,0xbc,0xff,0x9c,0x86,0x79,ff bc ff 9c 86 79 00 00
2025-10-25 13:21:27,344.25,0xff,0xbc,0xff,0x9c,0x86,0x79,ff bc ff 9c 86 79 00 00
2025-10-25 13:21:27,344,0xff,0xe1,0xff,0x8a,0x86,0x60,ff e1 ff 8a 86 60 00 00
2025-10-25 13:21:27,344,0xff,0xe1,0xff,0x8a,0x86,0x60,ff e1 ff 8a 86 60 00 00
2025-10-25 13:21:27,344,0xff,0xe1,0xff,0x8a,0x86,0x60,ff e1 ff 8a 86 60 00 00
2025-10-25 13:21:28,343.93,0xff,0xf4,0xff,0x51,0x86,0x59,ff f4 ff 51 86 59 00 00
2025-10-25 13:21:28,343.93,0xff,0xf4,0xff,0x51,0x86,0x59,ff f4 ff 51 86 59 00 00
2025-10-25 13:21:28,343.93,0xff,0xf4,0xff,0x51,0x86,0x59,ff f4 ff 51 86 59 00 00
2025-10-25 13:21:28,343.93,0xff,0xfa,0xff,0x51,0x86,0x59,ff fa ff 51 86 59 00 00
2025-10-25 13:21:28,343.93,0xff,0xfa,0xff,0x51,0x86,0x59,ff fa ff 51 86 59 00 00
2025-10-25 13:21:28,343.93,0xff,0xf4,0xff,0x6a,0x86,0x59,ff f4 ff 6a 86 59 00 00
2025-10-25 13:21:28,343.93,0xff,0xf4,0xff,0x6a,0x86,0x59,ff f4 ff 6a 86 59 00 00
2025-10-25 13:21:28,343.93,0xff,0xf4,0xff,0x6a,0x86,0x59,ff f4 ff 6a 86 59 00 00
2025-10-25 13:21:28,344.18,0xff,0xc8,0xff,0x77,0x86,0x72,ff c8 ff 77 86 72 00 00
2025-10-25 13:21:28,344.18,0xff,0xc8,0xff,0x77,0x86,0x72,ff c8 ff 77 86 72 00 00
2025-10-25 13:21:28,344.25,0xff,0xbc,0xff,0x9c,0x86,0x79,ff bc ff 9c 86 79 00 00
2025-10-25 13:21:28,344.25,0xff,0xbc,0xff,0x9c,0x86,0x79,ff bc ff 9c 86 79 00 00
2025-10-25 13:21:28,344.25,0xff,0xbc,0xff,0x9c,0x86,0x79,ff bc ff 9c 86 79 00 00
2025-10-25 13:21:28,344.25,0xff,0xce,0xff,0x90,0x86,0x79,ff ce ff 90 86 79 00 00
2025-10-25 13:21:28,344.25,0xff,0xce,0xff,0x90,0x86,0x79,ff ce ff 90 86 79 00 00
2025-10-25 13:21:28,344.25,0xff,0xce,0xff,0x90,0x86,0x79,ff ce ff 90 86 79 00 00
2025-10-25 13:21:28,344,0xff,0xf4,0xff,0x8a,0x86,0x60,ff f4 ff 8a 86 60 00 00
2025-10-25 13:21:28,344,0xff,0xf4,0xff,0x8a,0x86,0x60,ff f4 ff 8a 86 60 00 00
2025-10-25 13:21:28,344,0xff,0xf4,0xff,0x8a,0x86,0x60,ff f4 ff 8a 86 60 00 00
2025-10-25 13:21:28,344,0xff,0xf4,0xff,0x8a,0x86,0x60,ff f4 ff 8a 86 60 00 00
2025-10-25 13:21:28,344,0xff,0xf4,0xff,0x8a,0x86,0x60,ff f4 ff 8a 86 60 00 00
2025-10-25 13:21:28,344,0xff,0xf4,0xff,0x8a,0x86,0x60,ff f4 ff 8a 86 60 00 00
2025-10-25 13:21:28,344,0xff,0xf4,0xff,0x8a,0x86,0x60,ff f4 ff 8a 86 60 00 00
2025-10-25 13:21:28,344,0xff,0xf4,0xff,0x8a,0x86,0x60,ff f4 ff 8a 86 60 00 00
2025-10-25 13:21:28,344,0xff,0xf4,0xff,0x8a,0x86,0x60,ff f4 ff 8a 86 60 00 00
2025-10-25 13:21:28,344,0xff,0xf4,0xff,0x8a,0x86,0x60,ff f4 ff 8a 86 60 00 00
2025-10-25 13:21:28,344,0xff,0xf4,0xff,0x8a,0x86,0x60,ff f4 ff 8a 86 60 00 00
2025-10-25 13:21:28,344,0xff,0xf4,0xff,0x8a,0x86,0x60,ff f4 ff 8a 86 60 00 00
2025-10-25 13:21:28,344,0xff,0xf4,0xff,0x8a,0x86,0x60,ff f4 ff 8a 86 60 00 00
2025-10-25 13:21:28,344,0xff,0xf4,0xff,0x8a,0x86,0x60,ff f4 ff 8a 86 60 00 00
2025-10-25 13:21:28,344,0xff,0xf4,0xff,0x8a,0x86,0x60,ff f4 ff 8a 86 60 00 00
2025-10-25 13:21:28,344,0xff,0xf4,0xff,0x8a,0x86,0x60,ff f4 ff 8a 86 60 00 00
2025-10-25 13:21:28,344,0xff,0xf4,0xff,0x8a,0x86,0x60,ff f4 ff 8a 86 60 00 00
2025-10-25 13:21:28,344,0xff,0xf4,0xff,0x8a,0x86,0x60,ff f4 ff 8a 86 60 00 00
2025-10-25 13:21:28,344,0xff,0xf4,0xff,0x8a,0x86,0x60,ff f4 ff 8a 86 60 00 00
2025-10-25 13:21:28,344,0xff,0xf4,0xff,0x8a,0x86,0x60,ff f4 ff 8a 86 60 00 00
2025-10-25 13:21:28,344,0xff,0xf4,0xff,0x8a,0x86,0x60,ff f4 ff 8a 86 60 00 00
2025-10-25 13:21:28,344,0xff,0xf4,0xff,0x8a,0x86,0x60,ff f4 ff 8a 86 60 00 00
2025-10-25 13:21:28,344,0xff,0xf4,0xff,0x8a,0x86,0x60,ff f4 ff 8a 86 60 00 00
2025-10-25 13:21:28,344,0xff,0xf4,0xff,0x8a,0x86,0x60,ff f4 ff 8a 86 60 00 00
2025-10-25 13:21:28,344,0xff,0xf4,0xff,0x8a,0x86,0x60,ff f4 ff 8a 86 60 00 00
2025-10-25 13:21:28,344,0xff,0xf4,0xff,0x8a,0x86,0x60,ff f4 ff 8a 86 60 00 00
2025-10-25 13:21:28,344,0xff,0xf4,0xff,0x8a,0x86,0x60,ff f4 ff 8a 86 60 00 00
2025-10-25 13:21:28,344,0xff,0xf4,0xff,0x8a,0x86,0x60,ff f4 ff 8a 86 60 00 00
2025-10-25 13:21:28,344,0xff,0xf4,0xff,0x8a,0x86,0x60,ff f4 ff 8a 86 60 00 00
2025-10-25 13:21:28,344,0xff,0xf4,0xff,0x8a,0x86,0x60,ff f4 ff 8a 86 60 00 00
2025-10-25 13:21:28,344,0xff,0xf4,0xff,0x8a,0x86,0x60,ff f4 ff 8a 86 60 00 00
2025-10-25 13:21:28,344,0xff,0xf4,0xff,0x8a,0x86,0x60,ff f4 ff 8a 86 60 00 00
2025-10-25 13:21:28,344,0xff,0xf4,0xff,0x8a,0x86,0x60,ff f4 ff 8a 86 60 00 00
2025-10-25 13:21:28,344,0xff,0xf4,0xff,0x8a,0x86,0x60,ff f4 ff 8a 86 60 00 00
2025-10-25 13:21:28,344,0xff,0xf4,0xff,0x8a,0x86,0x60,ff f4 ff 8a 86 60 00 00
2025-10-25 13:21:28,344,0xff,0xf4,0xff,0x8a,0x86,0x60,ff f4 ff 8a 86 60 00 00
2025-10-25 13:21:28,344,0xff,0xf4,0xff,0x8a,0x86,0x60,ff f4 ff 8a 86 60 00 00
2025-10-25 13:21:29,344,0xff,0xf4,0xff,0x8a,0x86,0x60,ff f4 ff 8a 86 60 00 00
2025-10-25 13:21:29,344,0xff,0xf4,0xff,0x8a,0x86,0x60,ff f4 ff 8a 86 60 00 00
2025-10-25 13:21:29,344,0xff,0xf4,0xff,0x8a,0x86,0x60,ff f4 ff 8a 86 60 00 00
2025-10-25 13:21:29,344,0xff,0xf4,0xff,0x8a,0x86,0x60,ff f4 ff 8a 86 60 00 00
2025-10-25 13:21:29,344,0xff,0xf4,0xff,0x8a,0x86,0x60,ff f4 ff 8a 86 60 00 00
2025-10-25 13:21:29,344,0xff,0xf4,0xff,0x8a,0x86,0x60,ff f4 ff 8a 86 60 00 00
2025-10-25 13:21:29,344,0xff,0xf4,0xff,0x8a,0x86,0x60,ff f4 ff 8a 86 60 00 00
2025-10-25 13:21:29,344,0xff,0xf4,0xff,0x8a,0x86,0x60,ff f4 ff 8a 86 60 00 00
2025-10-25 13:21:29,344,0xff,0xf4,0xff,0x8a,0x86,0x60,ff f4 ff 8a 86 60 00 00
2025-10-25 13:21:29,344,0xff,0xf4,0xff,0x8a,0x86,0x60,ff f4 ff 8a 86 60 00 00
2025-10-25 13:21:29,344,0xff,0xf4,0xff,0x8a,0x86,0x60,ff f4 ff 8a 86 60 00 00
2025-10-25 13:21:29,344,0xff,0xf4,0xff,0x8a,0x86,0x60,ff f4 ff 8a 86 60 00 00
2025-10-25 13:21:29,344,0xff,0xf4,0xff,0x8a,0x86,0x60,ff f4 ff 8a 86 60 00 00
2025-10-25 13:21:29,344,0xff,0xf4,0xff,0x8a,0x86,0x60,ff f4 ff 8a 86 60 00 00
2025-10-25 13:21:29,344,0xff,0xf4,0xff,0x8a,0x86,0x60,ff f4 ff 8a 86 60 00 00
2025-10-25 13:21:29,344,0xff,0xf4,0xff,0x8a,0x86,0x60,ff f4 ff 8a 86 60 00 00
2025-10-25 13:21:29,344,0xff,0xf4,0xff,0x8a,0x86,0x60,ff f4 ff 8a 86 60 00 00
2025-10-25 13:21:29,344,0xff,0xf4,0xff,0x8a,0x86,0x60,ff f4 ff 8a 86 60 00 00
2025-10-25 13:21:29,344,0xff,0xf4,0xff,0x8a,0x86,0x60,ff f4 ff 8a 86 60 00 00
2025-10-25 13:21:29,344,0xff,0xf4,0xff,0x8a,0x86,0x60,ff f4 ff 8a 86 60 00 00
2025-10-25 13:21:29,344,0xff,0xf4,0xff,0x8a,0x86,0x60,ff f4 ff 8a 86 60 00 00
2025-10-25 13:21:29,344,0xff,0xf4,0xff,0x8a,0x86,0x60,ff f4 ff 8a 86 60 00 00
2025-10-25 13:21:29,344,0xff,0xf4,0xff,0x8a,0x86,0x60,ff f4 ff 8a 86 60 00 00
2025-10-25 13:21:29,344,0xff,0xf4,0xff,0x8a,0x86,0x60,ff f4 ff 8a 86 60 00 00
2025-10-25 13:21:29,344,0xff,0xf4,0xff,0x8a,0x86,0x60,ff f4 ff 8a 86 60 00 00
2025-10-25 13:21:29,344,0xff,0xf4,0xff,0x8a,0x86,0x60,ff f4 ff 8a 86 60 00 00
2025-10-25 13:21:29,344,0xff,0xf4,0xff,0x8a,0x86,0x60,ff f4 ff 8a 86 60 00 00
2025-10-25 13:21:29,344,0xff,0xf4,0xff,0x8a,0x86,0x60,ff f4 ff 8a 86 60 00 00
2025-10-25 13:21:29,344,0xff,0xf4,0xff,0x8a,0x86,0x60,ff f4 ff 8a 86 60 00 00
2025-10-25 13:21:29,344,0xff,0xf4,0xff,0x8a,0x86,0x60,ff f4 ff 8a 86 60 00 00
2025-10-25 13:21:29,344,0xff,0xf4,0xff,0x8a,0x86,0x60,ff f4 ff 8a 86 60 00 00
2025-10-25 13:21:29,344,0xff,0xf4,0xff,0x8a,0x86,0x60,ff f4 ff 8a 86 60 00 00
2025-10-25 13:21:29,344,0xff,0xf4,0xff,0x8a,0x86,0x60,ff f4 ff 8a 86 60 00 00
2025-10-25 13:21:29,344,0xff,0xf4,0xff,0x8a,0x86,0x60,ff f4 ff 8a 86 60 00 00
2025-10-25 13:21:29,344,0xff,0xf4,0xff,0x8a,0x86,0x60,ff f4 ff 8a 86 60 00 00
2025-10-25 13:21:29,344,0xff,0xf4,0xff,0x8a,0x86,0x60,ff f4 ff 8a 86 60 00 00
2025-10-25 13:21:29,344,0xff,0xf4,0xff,0x8a,0x86,0x60,ff f4 ff 8a 86 60 00 00
2025-10-25 13:21:29,344,0xff,0xf4,0xff,0x8a,0x86,0x60,ff f4 ff 8a 86 60 00 00
2025-10-25 13:21:29,344,0xff,0xf4,0xff,0x8a,0x86,0x60,ff f4 ff 8a 86 60 00 00
2025-10-25 13:21:29,344,0xff,0xf4,0xff,0x8a,0x86,0x60,ff f4 ff 8a 86 60 00 00
2025-10-25 13:21:29,344,0xff,0xf4,0xff,0x8a,0x86,0x60,ff f4 ff 8a 86 60 00 00
2025-10-25 13:21:29,344,0xff,0xf4,0xff,0x8a,0x86,0x60,ff f4 ff 8a 86 60 00 00
2025-10-25 13:21:29,344,0xff,0xf4,0xff,0x8a,0x86,0x60,ff f4 ff 8a 86 60 00 00
2025-10-25 13:21:29,344,0xff,0xf4,0xff,0x8a,0x86,0x60,ff f4 ff 8a 86 60 00 00
2025-10-25 13:21:29,344,0xff,0xf4,0xff,0x8a,0x86,0x60,ff f4 ff 8a 86 60 00 00
2025-10-25 13:21:29,344,0xff,0xf4,0xff,0x8a,0x86,0x60,ff f4 ff 8a 86 60 00 00
2025-10-25 13:21:29,344,0xff,0xf4,0xff,0x8a,0x86,0x60,ff f4 ff 8a 86 60 00 00
2025-10-25 13:21:29,344,0xff,0xf4,0xff,0x8a,0x86,0x60,ff f4 ff 8a 86 60 00 00
2025-10-25 13:21:29,344,0xff,0xf4,0xff,0x8a,0x86,0x60,ff f4 ff 8a 86 60 00 00
2025-10-25 13:21:29,344,0xff,0xf4,0xff,0x8a,0x86,0x60,ff f4 ff 8a 86 60 00 00
2025-10-25 13:21:29,344,0xff,0xf4,0xff,0x8a,0x86,0x60,ff f4 ff 8a 86 60 00 00
2025-10-25 13:21:29,344,0xff,0xf4,0xff,0x8a,0x86,0x60,ff f4 ff 8a 86 60 00 00
2025-10-25 13:21:30,344,0xff,0xf4,0xff,0x8a,0x86,0x60,ff f4 ff 8a 86 60 00 00
2025-10-25 13:21:30,344,0xff,0xf4,0xff,0x8a,0x86,0x60,ff f4 ff 8a 86 60 00 00
2025-10-25 13:21:30,344,0xff,0xf4,0xff,0x8a,0x86,0x60,ff f4 ff 8a 86 60 00 00
2025-10-25 13:21:30,344,0xff,0xf4,0xff,0x8a,0x86,0x60,ff f4 ff 8a 86 60 00 00
2025-10-25 13:21:30,344,0xff,0xf4,0xff,0x8a,0x86,0x60,ff f4 ff 8a 86 60 00 00
2025-10-25 13:21:30,344,0xff,0xf4,0xff,0x8a,0x86,0x60,ff f4 ff 8a 86 60 00 00
2025-10-25 13:21:30,344,0xff,0xf4,0xff,0x8a,0x86,0x60,ff f4 ff 8a 86 60 00 00
2025-10-25 13:21:30,344,0xff,0xf4,0xff,0x8a,0x86,0x60,ff f4 ff 8a 86 60 00 00
2025-10-25 13:21:30,344,0xff,0xf4,0xff,0x8a,0x86,0x60,ff f4 ff 8a 86 60 00 00
2025-10-25 13:21:30,344,0xff,0xf4,0xff,0x8a,0x86,0x60,ff f4 ff 8a 86 60 00 00
2025-10-25 13:21:30,344,0xff,0xf4,0xff,0x8a,0x86,0x60,ff f4 ff 8a 86 60 00 00
2025-10-25 13:21:30,344,0xff,0xf4,0xff,0x8a,0x86,0x60,ff f4 ff 8a 86 60 00 00
2025-10-25 13:21:30,344,0xff,0xf4,0xff,0x8a,0x86,0x60,ff f4 ff 8a 86 60 00 00
2025-10-25 13:21:30,344,0xff,0xf4,0xff,0x8a,0x86,0x60,ff f4 ff 8a 86 60 00 00
2025-10-25 13:21:30,344,0xff,0xf4,0xff,0x8a,0x86,0x60,ff f4 ff 8a 86 60 00 00
2025-10-25 13:21:30,344,0xff,0xf4,0xff,0x8a,0x86,0x60,ff f4 ff 8a 86 60 00 00
2025-10-25 13:21:30,344,0xff,0xf4,0xff,0x8a,0x86,0x60,ff f4 ff 8a 86 60 00 00
2025-10-25 13:21:30,344,0xff,0xf4,0xff,0x8a,0x86,0x60,ff f4 ff 8a 86 60 00 00
2025-10-25 13:21:30,344,0xff,0xf4,0xff,0x8a,0x86,0x60,ff f4 ff 8a 86 60 00 00
2025-10-25 13:21:30,344,0xff,0xf4,0xff,0x8a,0x86,0x60,ff f4 ff 8a 86 60 00 00
2025-10-25 13:21:30,344,0xff,0xf4,0xff,0x8a,0x86,0x60,ff f4 ff 8a 86 60 00 00
2025-10-25 13:21:30,344,0xff,0xf4,0xff,0x8a,0x86,0x60,ff f4 ff 8a 86 60 00 00
2025-10-25 13:21:30,344,0xff,0xf4,0xff,0x8a,0x86,0x60,ff f4 ff 8a 86 60 00 00
2025-10-25 13:21:30,344,0xff,0xf4,0xff,0x8a,0x86,0x60,ff f4 ff 8a 86 60 00 00
2025-10-25 13:21:30,344,0xff,0xf4,0xff,0x8a,0x86,0x60,ff f4 ff 8a 86 60 00 00
2025-10-25 13:21:30,344,0xff,0xf4,0xff,0x8a,0x86,0x60,ff f4 ff 8a 86 60 00 00
2025-10-25 13:21:30,344,0xff,0xf4,0xff,0x8a,0x86,0x60,ff f4 ff 8a 86 60 00 00
2025-10-25 13:21:30,344,0xff,0xf4,0xff,0x8a,0x86,0x60,ff f4 ff 8a 86 60 00 00
2025-10-25 13:21:30,344,0xff,0xf4,0xff,0x8a,0x86,0x60,ff f4 ff 8a 86 60 00 00
2025-10-25 13:21:30,344,0xff,0xf4,0xff,0x8a,0x86,0x60,ff f4 ff 8a 86 60 00 00
2025-10-25 13:21:30,344,0xff,0xf4,0xff,0x8a,0x86,0x60,ff f4 ff 8a 86 60 00 00
2025-10-25 13:21:30,344,0xff,0xf4,0xff,0x8a,0x86,0x60,ff f4 ff 8a 86 60 00 00
2025-10-25 13:21:30,344,0xff,0xf4,0xff,0x8a,0x86,0x60,ff f4 ff 8a 86 60 00 00
2025-10-25 13:21:30,344,0xff,0xf4,0xff,0x8a,0x86,0x60,ff f4 ff 8a 86 60 00 00
2025-10-25 13:21:30,344,0xff,0xf4,0xff,0x8a,0x86,0x60,ff f4 ff 8a 86 60 00 00
