Timestamp,Yaw_Angle(degrees),Hex_Byte0,Hex_Byte1,Hex_Byte2,Hex_Byte3,Hex_Byte4,Hex_Byte5,Hex_All
2025-10-25 13:23:31,-15.44,0xff,0x96,0xff,0x77,0x86,0x98,ff 96 ff 77 86 98 00 00
2025-10-25 13:23:31,-15.44,0xff,0x96,0xff,0x77,0x86,0x98,ff 96 ff 77 86 98 00 00
2025-10-25 13:23:31,-15.69,0xff,0xc2,0xff,0x5e,0x86,0x7f,ff c2 ff 5e 86 7f 00 00
2025-10-25 13:23:31,-15.69,0xff,0xc2,0xff,0x5e,0x86,0x7f,ff c2 ff 5e 86 7f 00 00
2025-10-25 13:23:31,-15.69,0xff,0xc2,0xff,0x5e,0x86,0x7f,ff c2 ff 5e 86 7f 00 00
2025-10-25 13:23:31,-16,0xff,0xee,0xff,0x51,0x86,0x60,ff ee ff 51 86 60 00 00
2025-10-25 13:23:31,-16,0xff,0xee,0xff,0x51,0x86,0x60,ff ee ff 51 86 60 00 00
2025-10-25 13:23:31,-15.88,0xff,0xdb,0xff,0x8a,0x86,0x6c,ff db ff 8a 86 6c 00 00
2025-10-25 13:23:31,-15.88,0xff,0xdb,0xff,0x8a,0x86,0x6c,ff db ff 8a 86 6c 00 00
2025-10-25 13:23:31,-15.88,0xff,0xdb,0xff,0x8a,0x86,0x6c,ff db ff 8a 86 6c 00 00
2025-10-25 13:23:31,-15.63,0xff,0xc8,0xff,0x96,0x86,0x85,ff c8 ff 96 86 85 00 00
2025-10-25 13:23:31,-15.63,0xff,0xc8,0xff,0x96,0x86,0x85,ff c8 ff 96 86 85 00 00
2025-10-25 13:23:31,-15.63,0xff,0xc8,0xff,0x96,0x86,0x85,ff c8 ff 96 86 85 00 00
2025-10-25 13:23:31,-15.88,0xff,0xdb,0xff,0x8a,0x86,0x6c,ff db ff 8a 86 6c 00 00
2025-10-25 13:23:31,-15.88,0xff,0xdb,0xff,0x8a,0x86,0x6c,ff db ff 8a 86 6c 00 00
2025-10-25 13:23:31,-15.88,0xff,0xdb,0xff,0x8a,0x86,0x6c,ff db ff 8a 86 6c 00 00
2025-10-25 13:23:31,-15.94,0x00,0x00,0xff,0x6a,0x86,0x66,00 00 ff 6a 86 66 00 00
2025-10-25 13:23:31,-15.94,0x00,0x00,0xff,0x6a,0x86,0x66,00 00 ff 6a 86 66 00 00
2025-10-25 13:23:31,-16.19,0x00,0x1f,0xff,0x58,0x86,0x4d,00 1f ff 58 86 4d 00 00
2025-10-25 13:23:31,-16.19,0x00,0x1f,0xff,0x58,0x86,0x4d,00 1f ff 58 86 4d 00 00
2025-10-25 13:23:31,-16.19,0x00,0x1f,0xff,0x58,0x86,0x4d,00 1f ff 58 86 4d 00 00
2025-10-25 13:23:31,-16.57,0x00,0x38,0xff,0x45,0x86,0x27,00 38 ff 45 86 27 00 00
2025-10-25 13:23:31,-16.57,0x00,0x38,0xff,0x45,0x86,0x27,00 38 ff 45 86 27 00 00
2025-10-25 13:23:31,-16.19,0x00,0x19,0xff,0x71,0x86,0x4d,00 19 ff 71 86 4d 00 00
2025-10-25 13:23:31,-16.19,0x00,0x19,0xff,0x71,0x86,0x4d,00 19 ff 71 86 4d 00 00
2025-10-25 13:23:31,-16.19,0x00,0x19,0xff,0x71,0x86,0x4d,00 19 ff 71 86 4d 00 00
2025-10-25 13:23:31,-15.88,0xff,0xf4,0xff,0x83,0x86,0x6c,ff f4 ff 83 86 6c 00 00
2025-10-25 13:23:31,-15.88,0xff,0xf4,0xff,0x83,0x86,0x6c,ff f4 ff 83 86 6c 00 00
2025-10-25 13:23:31,-15.63,0xff,0xce,0xff,0x90,0x86,0x85,ff ce ff 90 86 85 00 00
2025-10-25 13:23:31,-15.63,0xff,0xce,0xff,0x90,0x86,0x85,ff ce ff 90 86 85 00 00
2025-10-25 13:23:31,-15.69,0xff,0xb5,0xff,0x83,0x86,0x7f,ff b5 ff 83 86 7f 00 00
2025-10-25 13:23:31,-15.69,0xff,0xb5,0xff,0x83,0x86,0x7f,ff b5 ff 83 86 7f 00 00
2025-10-25 13:23:32,-15.69,0xff,0xb5,0xff,0x83,0x86,0x7f,ff b5 ff 83 86 7f 00 00
2025-10-25 13:23:32,-15.94,0xff,0xe1,0xff,0x71,0x86,0x66,ff e1 ff 71 86 66 00 00
2025-10-25 13:23:32,-15.94,0xff,0xe1,0xff,0x71,0x86,0x66,ff e1 ff 71 86 66 00 00
2025-10-25 13:23:32,-16.19,0x00,0x00,0xff,0x6a,0x86,0x4d,00 00 ff 6a 86 4d 00 00
2025-10-25 13:23:32,-16.19,0x00,0x00,0xff,0x6a,0x86,0x4d,00 00 ff 6a 86 4d 00 00
2025-10-25 13:23:32,-16.19,0x00,0x00,0xff,0x6a,0x86,0x4d,00 00 ff 6a 86 4d 00 00
2025-10-25 13:23:32,-16.13,0x00,0x00,0xff,0x83,0x86,0x53,00 00 ff 83 86 53 00 00
2025-10-25 13:23:32,-16.13,0x00,0x00,0xff,0x83,0x86,0x53,00 00 ff 83 86 53 00 00
2025-10-25 13:23:32,-16.13,0x00,0x00,0xff,0x83,0x86,0x53,00 00 ff 83 86 53 00 00
2025-10-25 13:23:32,-16.13,0x00,0x00,0xff,0x83,0x86,0x53,00 00 ff 83 86 53 00 00
2025-10-25 13:23:32,-16.13,0x00,0x00,0xff,0x83,0x86,0x53,00 00 ff 83 86 53 00 00
2025-10-25 13:23:32,-16.13,0x00,0x00,0xff,0x83,0x86,0x53,00 00 ff 83 86 53 00 00
2025-10-25 13:23:32,-16.13,0x00,0x00,0xff,0x83,0x86,0x53,00 00 ff 83 86 53 00 00
2025-10-25 13:23:32,-16.13,0x00,0x00,0xff,0x83,0x86,0x53,00 00 ff 83 86 53 00 00
2025-10-25 13:23:32,-16.13,0x00,0x00,0xff,0x83,0x86,0x53,00 00 ff 83 86 53 00 00
2025-10-25 13:23:32,-16.13,0x00,0x00,0xff,0x83,0x86,0x53,00 00 ff 83 86 53 00 00
2025-10-25 13:23:32,-16.13,0x00,0x00,0xff,0x83,0x86,0x53,00 00 ff 83 86 53 00 00
2025-10-25 13:23:32,-16.13,0x00,0x00,0xff,0x83,0x86,0x53,00 00 ff 83 86 53 00 00
2025-10-25 13:23:32,-16.13,0x00,0x00,0xff,0x83,0x86,0x53,00 00 ff 83 86 53 00 00
2025-10-25 13:23:32,-16.13,0x00,0x00,0xff,0x83,0x86,0x53,00 00 ff 83 86 53 00 00
2025-10-25 13:23:32,-16.13,0x00,0x00,0xff,0x83,0x86,0x53,00 00 ff 83 86 53 00 00
2025-10-25 13:23:32,-16.13,0x00,0x00,0xff,0x83,0x86,0x53,00 00 ff 83 86 53 00 00
2025-10-25 13:23:32,-16.13,0x00,0x00,0xff,0x83,0x86,0x53,00 00 ff 83 86 53 00 00
2025-10-25 13:23:32,-16.13,0x00,0x00,0xff,0x83,0x86,0x53,00 00 ff 83 86 53 00 00
2025-10-25 13:23:32,-16.13,0x00,0x00,0xff,0x83,0x86,0x53,00 00 ff 83 86 53 00 00
2025-10-25 13:23:32,-16.13,0x00,0x00,0xff,0x83,0x86,0x53,00 00 ff 83 86 53 00 00
2025-10-25 13:23:32,-16.13,0x00,0x00,0xff,0x83,0x86,0x53,00 00 ff 83 86 53 00 00
2025-10-25 13:23:32,-16.13,0x00,0x00,0xff,0x83,0x86,0x53,00 00 ff 83 86 53 00 00
2025-10-25 13:23:32,-16.13,0x00,0x00,0xff,0x83,0x86,0x53,00 00 ff 83 86 53 00 00
2025-10-25 13:23:32,-16.13,0x00,0x00,0xff,0x83,0x86,0x53,00 00 ff 83 86 53 00 00
2025-10-25 13:23:32,-16.13,0x00,0x00,0xff,0x83,0x86,0x53,00 00 ff 83 86 53 00 00
2025-10-25 13:23:32,-16.13,0x00,0x00,0xff,0x83,0x86,0x53,00 00 ff 83 86 53 00 00
2025-10-25 13:23:32,-16.13,0x00,0x00,0xff,0x83,0x86,0x53,00 00 ff 83 86 53 00 00
2025-10-25 13:23:32,-16.13,0x00,0x00,0xff,0x83,0x86,0x53,00 00 ff 83 86 53 00 00
2025-10-25 13:23:32,-16.13,0x00,0x00,0xff,0x83,0x86,0x53,00 00 ff 83 86 53 00 00
2025-10-25 13:23:32,-16.13,0x00,0x00,0xff,0x83,0x86,0x53,00 00 ff 83 86 53 00 00
2025-10-25 13:23:32,-16.13,0x00,0x00,0xff,0x83,0x86,0x53,00 00 ff 83 86 53 00 00
2025-10-25 13:23:32,-16.13,0x00,0x00,0xff,0x83,0x86,0x53,00 00 ff 83 86 53 00 00
2025-10-25 13:23:32,-16.13,0x00,0x00,0xff,0x83,0x86,0x53,00 00 ff 83 86 53 00 00
2025-10-25 13:23:32,-16.13,0x00,0x00,0xff,0x83,0x86,0x53,00 00 ff 83 86 53 00 00
2025-10-25 13:23:32,-16.13,0x00,0x00,0xff,0x83,0x86,0x53,00 00 ff 83 86 53 00 00
2025-10-25 13:23:32,-16.13,0x00,0x00,0xff,0x83,0x86,0x53,00 00 ff 83 86 53 00 00
2025-10-25 13:23:32,-16.13,0x00,0x00,0xff,0x83,0x86,0x53,00 00 ff 83 86 53 00 00
2025-10-25 13:23:32,-16.13,0x00,0x00,0xff,0x83,0x86,0x53,00 00 ff 83 86 53 00 00
2025-10-25 13:23:32,-16.13,0x00,0x00,0xff,0x83,0x86,0x53,00 00 ff 83 86 53 00 00
2025-10-25 13:23:32,-16.13,0x00,0x00,0xff,0x83,0x86,0x53,00 00 ff 83 86 53 00 00
2025-10-25 13:23:32,-16.13,0x00,0x00,0xff,0x83,0x86,0x53,00 00 ff 83 86 53 00 00
2025-10-25 13:23:32,-16.13,0x00,0x00,0xff,0x83,0x86,0x53,00 00 ff 83 86 53 00 00
2025-10-25 13:23:32,-16.13,0x00,0x00,0xff,0x83,0x86,0x53,00 00 ff 83 86 53 00 00
2025-10-25 13:23:32,-16.13,0x00,0x00,0xff,0x83,0x86,0x53,00 00 ff 83 86 53 00 00
2025-10-25 13:23:32,-16.13,0x00,0x00,0xff,0x83,0x86,0x53,00 00 ff 83 86 53 00 00
2025-10-25 13:23:32,-16.13,0x00,0x00,0xff,0x83,0x86,0x53,00 00 ff 83 86 53 00 00
2025-10-25 13:23:33,-16.13,0x00,0x00,0xff,0x83,0x86,0x53,00 00 ff 83 86 53 00 00
2025-10-25 13:23:33,-16.13,0x00,0x00,0xff,0x83,0x86,0x53,00 00 ff 83 86 53 00 00
2025-10-25 13:23:33,-16.13,0x00,0x00,0xff,0x83,0x86,0x53,00 00 ff 83 86 53 00 00
2025-10-25 13:23:33,-16.25,0x00,0x0c,0xff,0x3f,0x86,0x47,00 0c ff 3f 86 47 00 00
2025-10-25 13:23:33,-16.25,0x00,0x0c,0xff,0x3f,0x86,0x47,00 0c ff 3f 86 47 00 00
2025-10-25 13:23:33,-16.25,0x00,0x0c,0xff,0x3f,0x86,0x47,00 0c ff 3f 86 47 00 00
2025-10-25 13:23:33,-16,0xff,0xfa,0xff,0x3f,0x86,0x60,ff fa ff 3f 86 60 00 00
2025-10-25 13:23:33,-16.19,0x00,0x25,0xff,0x58,0x86,0x4d,00 25 ff 58 86 4d 00 00
2025-10-25 13:23:33,-16.19,0x00,0x25,0xff,0x58,0x86,0x4d,00 25 ff 58 86 4d 00 00
2025-10-25 13:23:33,-16.19,0x00,0x25,0xff,0x58,0x86,0x4d,00 25 ff 58 86 4d 00 00
2025-10-25 13:23:33,-16.19,0x00,0x1f,0xff,0x6a,0x86,0x4d,00 1f ff 6a 86 4d 00 00
2025-10-25 13:23:33,-16.19,0x00,0x1f,0xff,0x6a,0x86,0x4d,00 1f ff 6a 86 4d 00 00
2025-10-25 13:23:33,-16.19,0x00,0x1f,0xff,0x6a,0x86,0x4d,00 1f ff 6a 86 4d 00 00
2025-10-25 13:23:33,-15.88,0xff,0xf4,0xff,0x8a,0x86,0x6c,ff f4 ff 8a 86 6c 00 00
2025-10-25 13:23:33,-15.88,0xff,0xf4,0xff,0x8a,0x86,0x6c,ff f4 ff 8a 86 6c 00 00
2025-10-25 13:23:33,-15.88,0xff,0xe1,0xff,0x8a,0x86,0x6c,ff e1 ff 8a 86 6c 00 00
2025-10-25 13:23:33,-15.88,0xff,0xe1,0xff,0x8a,0x86,0x6c,ff e1 ff 8a 86 6c 00 00
2025-10-25 13:23:33,-15.88,0xff,0xe1,0xff,0x8a,0x86,0x6c,ff e1 ff 8a 86 6c 00 00
2025-10-25 13:23:33,-15.88,0xff,0xe7,0xff,0x8a,0x86,0x6c,ff e7 ff 8a 86 6c 00 00
2025-10-25 13:23:33,-15.94,0xff,0xf4,0xff,0x6a,0x86,0x66,ff f4 ff 6a 86 66 00 00
2025-10-25 13:23:33,-15.94,0xff,0xf4,0xff,0x6a,0x86,0x66,ff f4 ff 6a 86 66 00 00
2025-10-25 13:23:33,-15.94,0xff,0xf4,0xff,0x6a,0x86,0x66,ff f4 ff 6a 86 66 00 00
2025-10-25 13:23:33,-15.94,0xff,0xe1,0xff,0x6a,0x86,0x66,ff e1 ff 6a 86 66 00 00
2025-10-25 13:23:33,-15.94,0xff,0xe1,0xff,0x6a,0x86,0x66,ff e1 ff 6a 86 66 00 00
2025-10-25 13:23:33,-15.69,0xff,0xce,0xff,0x77,0x86,0x7f,ff ce ff 77 86 7f 00 00
2025-10-25 13:23:33,-15.69,0xff,0xce,0xff,0x77,0x86,0x7f,ff ce ff 77 86 7f 00 00
2025-10-25 13:23:33,-15.69,0xff,0xce,0xff,0x77,0x86,0x7f,ff ce ff 77 86 7f 00 00
2025-10-25 13:23:33,-15.88,0xff,0xdb,0xff,0x90,0x86,0x6c,ff db ff 90 86 6c 00 00
2025-10-25 13:23:33,-15.88,0xff,0xdb,0xff,0x90,0x86,0x6c,ff db ff 90 86 6c 00 00
2025-10-25 13:23:33,-15.88,0xff,0xdb,0xff,0x90,0x86,0x6c,ff db ff 90 86 6c 00 00
2025-10-25 13:23:33,-15.88,0xff,0xdb,0xff,0x90,0x86,0x6c,ff db ff 90 86 6c 00 00
2025-10-25 13:23:33,-15.88,0xff,0xdb,0xff,0x90,0x86,0x6c,ff db ff 90 86 6c 00 00
2025-10-25 13:23:33,-15.88,0xff,0xdb,0xff,0x90,0x86,0x6c,ff db ff 90 86 6c 00 00
2025-10-25 13:23:33,-15.88,0xff,0xdb,0xff,0x90,0x86,0x6c,ff db ff 90 86 6c 00 00
2025-10-25 13:23:33,-15.88,0xff,0xdb,0xff,0x90,0x86,0x6c,ff db ff 90 86 6c 00 00
2025-10-25 13:23:33,-15.88,0xff,0xdb,0xff,0x90,0x86,0x6c,ff db ff 90 86 6c 00 00
2025-10-25 13:23:33,-15.88,0xff,0xdb,0xff,0x90,0x86,0x6c,ff db ff 90 86 6c 00 00
2025-10-25 13:23:33,-14.75,0xff,0xdb,0xff,0x90,0x86,0xdd,ff db ff 90 86 dd 00 00
2025-10-25 13:23:33,-14.75,0xff,0xdb,0xff,0x90,0x86,0xdd,ff db ff 90 86 dd 00 00
2025-10-25 13:23:33,-14.75,0xff,0xdb,0xff,0x90,0x86,0xdd,ff db ff 90 86 dd 00 00
2025-10-25 13:23:33,-14.19,0xff,0xd5,0xff,0x90,0x87,0x15,ff d5 ff 90 87 15 00 00
2025-10-25 13:23:33,-14.19,0xff,0xd5,0xff,0x90,0x87,0x15,ff d5 ff 90 87 15 00 00
2025-10-25 13:23:33,-14.19,0xff,0xd5,0xff,0x90,0x87,0x15,ff d5 ff 90 87 15 00 00
2025-10-25 13:23:33,-13.88,0xff,0xd5,0xff,0x90,0x87,0x34,ff d5 ff 90 87 34 00 00
2025-10-25 13:23:33,-13.88,0xff,0xd5,0xff,0x90,0x87,0x34,ff d5 ff 90 87 34 00 00
2025-10-25 13:23:33,-13.69,0xff,0xd5,0xff,0x8a,0x87,0x47,ff d5 ff 8a 87 47 00 00
2025-10-25 13:23:33,-13.69,0xff,0xd5,0xff,0x8a,0x87,0x47,ff d5 ff 8a 87 47 00 00
2025-10-25 13:23:33,-13.69,0xff,0xd5,0xff,0x8a,0x87,0x47,ff d5 ff 8a 87 47 00 00
2025-10-25 13:23:33,-13.07,0xff,0xe1,0xff,0xaf,0x87,0x85,ff e1 ff af 87 85 00 00
2025-10-25 13:23:34,-13.07,0xff,0xe1,0xff,0xaf,0x87,0x85,ff e1 ff af 87 85 00 00
2025-10-25 13:23:34,-12.82,0xff,0xf4,0xff,0xa9,0x87,0x9e,ff f4 ff a9 87 9e 00 00
2025-10-25 13:23:34,-12.82,0xff,0xf4,0xff,0xa9,0x87,0x9e,ff f4 ff a9 87 9e 00 00
2025-10-25 13:23:34,-12.82,0xff,0xf4,0xff,0xa9,0x87,0x9e,ff f4 ff a9 87 9e 00 00
2025-10-25 13:23:34,-13,0x00,0x19,0xff,0xaf,0x87,0x8c,00 19 ff af 87 8c 00 00
2025-10-25 13:23:34,-13,0x00,0x19,0xff,0xaf,0x87,0x8c,00 19 ff af 87 8c 00 00
2025-10-25 13:23:34,-13.07,0x00,0x1f,0xff,0x8a,0x87,0x85,00 1f ff 8a 87 85 00 00
2025-10-25 13:23:34,-13.07,0x00,0x1f,0xff,0x8a,0x87,0x85,00 1f ff 8a 87 85 00 00
2025-10-25 13:23:34,-13.07,0x00,0x1f,0xff,0x8a,0x87,0x85,00 1f ff 8a 87 85 00 00
2025-10-25 13:23:34,-13,0x00,0x00,0xff,0xaf,0x87,0x8c,00 00 ff af 87 8c 00 00
2025-10-25 13:23:34,-13,0x00,0x00,0xff,0xaf,0x87,0x8c,00 00 ff af 87 8c 00 00
2025-10-25 13:23:34,-13,0x00,0x00,0xff,0xaf,0x87,0x8c,00 00 ff af 87 8c 00 00
2025-10-25 13:23:34,-13.07,0x00,0x06,0xff,0x8a,0x87,0x85,00 06 ff 8a 87 85 00 00
2025-10-25 13:23:34,-13.07,0x00,0x06,0xff,0x8a,0x87,0x85,00 06 ff 8a 87 85 00 00
2025-10-25 13:23:34,-13.07,0x00,0x06,0xff,0x8a,0x87,0x85,00 06 ff 8a 87 85 00 00
2025-10-25 13:23:34,-13.07,0x00,0x00,0xff,0x8a,0x87,0x85,00 00 ff 8a 87 85 00 00
2025-10-25 13:23:34,-13.07,0x00,0x00,0xff,0x8a,0x87,0x85,00 00 ff 8a 87 85 00 00
2025-10-25 13:23:34,-13.13,0x00,0x00,0xff,0x51,0x87,0x7f,00 00 ff 51 87 7f 00 00
2025-10-25 13:23:34,-13.13,0x00,0x00,0xff,0x51,0x87,0x7f,00 00 ff 51 87 7f 00 00
2025-10-25 13:23:34,-13.19,0x00,0x06,0xff,0x3f,0x87,0x79,00 06 ff 3f 87 79 00 00
2025-10-25 13:23:34,-13.19,0x00,0x06,0xff,0x3f,0x87,0x79,00 06 ff 3f 87 79 00 00
2025-10-25 13:23:34,-13.19,0x00,0x06,0xff,0x3f,0x87,0x79,00 06 ff 3f 87 79 00 00
2025-10-25 13:23:34,-13.19,0x00,0x0c,0xff,0x3f,0x87,0x79,00 0c ff 3f 87 79 00 00
2025-10-25 13:23:34,-13.19,0x00,0x0c,0xff,0x3f,0x87,0x79,00 0c ff 3f 87 79 00 00
2025-10-25 13:23:34,-13.19,0x00,0x0c,0xff,0x3f,0x87,0x79,00 0c ff 3f 87 79 00 00
2025-10-25 13:23:34,-13.13,0x00,0x06,0xff,0x6a,0x87,0x7f,00 06 ff 6a 87 7f 00 00
2025-10-25 13:23:34,-12.82,0xff,0xf4,0xff,0x83,0x87,0x9e,ff f4 ff 83 87 9e 00 00
2025-10-25 13:23:34,-12.82,0xff,0xf4,0xff,0x83,0x87,0x9e,ff f4 ff 83 87 9e 00 00
2025-10-25 13:23:34,-12.82,0xff,0xf4,0xff,0x83,0x87,0x9e,ff f4 ff 83 87 9e 00 00
2025-10-25 13:23:34,-12.82,0xff,0xdb,0xff,0x8a,0x87,0x9e,ff db ff 8a 87 9e 00 00
2025-10-25 13:23:34,-12.82,0xff,0xdb,0xff,0x8a,0x87,0x9e,ff db ff 8a 87 9e 00 00
2025-10-25 13:23:34,-12.88,0xff,0xe1,0xff,0x6a,0x87,0x98,ff e1 ff 6a 87 98 00 00
2025-10-25 13:23:34,-12.88,0xff,0xe1,0xff,0x6a,0x87,0x98,ff e1 ff 6a 87 98 00 00
2025-10-25 13:23:34,-12.88,0xff,0xe1,0xff,0x6a,0x87,0x98,ff e1 ff 6a 87 98 00 00
2025-10-25 13:23:34,-12.88,0xff,0xe7,0xff,0x6a,0x87,0x98,ff e7 ff 6a 87 98 00 00
2025-10-25 13:23:34,-12.88,0xff,0xe7,0xff,0x6a,0x87,0x98,ff e7 ff 6a 87 98 00 00
2025-10-25 13:23:34,-12.88,0xff,0xe7,0xff,0x6a,0x87,0x98,ff e7 ff 6a 87 98 00 00
2025-10-25 13:23:34,-12.82,0xff,0xe1,0xff,0x8a,0x87,0x9e,ff e1 ff 8a 87 9e 00 00
2025-10-25 13:23:34,-12.82,0xff,0xe1,0xff,0x8a,0x87,0x9e,ff e1 ff 8a 87 9e 00 00
2025-10-25 13:23:34,-12.57,0xff,0xce,0xff,0x90,0x87,0xb7,ff ce ff 90 87 b7 00 00
2025-10-25 13:23:34,-12.57,0xff,0xce,0xff,0x90,0x87,0xb7,ff ce ff 90 87 b7 00 00
2025-10-25 13:23:34,-12.57,0xff,0xce,0xff,0x90,0x87,0xb7,ff ce ff 90 87 b7 00 00
2025-10-25 13:23:34,-12.57,0xff,0xce,0xff,0x90,0x87,0xb7,ff ce ff 90 87 b7 00 00
2025-10-25 13:23:34,-12.57,0xff,0xce,0xff,0x90,0x87,0xb7,ff ce ff 90 87 b7 00 00
2025-10-25 13:23:34,-12.57,0xff,0xce,0xff,0x90,0x87,0xb7,ff ce ff 90 87 b7 00 00
2025-10-25 13:23:34,-12.57,0xff,0xce,0xff,0x90,0x87,0xb7,ff ce ff 90 87 b7 00 00
2025-10-25 13:23:34,-12.57,0xff,0xce,0xff,0x90,0x87,0xb7,ff ce ff 90 87 b7 00 00
2025-10-25 13:23:34,-12.88,0xff,0xe7,0xff,0x6a,0x87,0x98,ff e7 ff 6a 87 98 00 00
2025-10-25 13:23:34,-12.88,0xff,0xe7,0xff,0x6a,0x87,0x98,ff e7 ff 6a 87 98 00 00
2025-10-25 13:23:34,-12.88,0xff,0xe7,0xff,0x6a,0x87,0x98,ff e7 ff 6a 87 98 00 00
2025-10-25 13:23:34,-12.88,0x00,0x00,0xff,0x6a,0x87,0x98,00 00 ff 6a 87 98 00 00
2025-10-25 13:23:34,-12.88,0x00,0x00,0xff,0x6a,0x87,0x98,00 00 ff 6a 87 98 00 00
2025-10-25 13:23:35,-11.82,0xff,0xee,0xff,0x6a,0x88,0x02,ff ee ff 6a 88 02 00 00
2025-10-25 13:23:35,-11.82,0xff,0xee,0xff,0x6a,0x88,0x02,ff ee ff 6a 88 02 00 00
2025-10-25 13:23:35,-11.82,0xff,0xee,0xff,0x6a,0x88,0x02,ff ee ff 6a 88 02 00 00
2025-10-25 13:23:35,-11.32,0xff,0xe1,0xff,0x71,0x88,0x34,ff e1 ff 71 88 34 00 00
2025-10-25 13:23:35,-11.32,0xff,0xe1,0xff,0x71,0x88,0x34,ff e1 ff 71 88 34 00 00
2025-10-25 13:23:35,-11.32,0xff,0xe1,0xff,0x71,0x88,0x34,ff e1 ff 71 88 34 00 00
2025-10-25 13:23:35,-10.75,0xff,0xe7,0xff,0x8a,0x88,0x6d,ff e7 ff 8a 88 6d 00 00
2025-10-25 13:23:35,-10.75,0xff,0xe7,0xff,0x8a,0x88,0x6d,ff e7 ff 8a 88 6d 00 00
2025-10-25 13:23:35,-10.5,0xff,0xe1,0xff,0x71,0x88,0x86,ff e1 ff 71 88 86 00 00
2025-10-25 13:23:35,-10.5,0xff,0xe1,0xff,0x71,0x88,0x86,ff e1 ff 71 88 86 00 00
2025-10-25 13:23:35,-10.5,0xff,0xe1,0xff,0x71,0x88,0x86,ff e1 ff 71 88 86 00 00
2025-10-25 13:23:35,-9.88,0xff,0xd5,0xff,0x71,0x88,0xc4,ff d5 ff 71 88 c4 00 00
2025-10-25 13:23:35,-9.88,0xff,0xd5,0xff,0x71,0x88,0xc4,ff d5 ff 71 88 c4 00 00
2025-10-25 13:23:35,-9.88,0xff,0xd5,0xff,0x71,0x88,0xc4,ff d5 ff 71 88 c4 00 00
2025-10-25 13:23:35,-9.88,0xff,0xd5,0xff,0x71,0x88,0xc4,ff d5 ff 71 88 c4 00 00
2025-10-25 13:23:35,-9.88,0xff,0xd5,0xff,0x71,0x88,0xc4,ff d5 ff 71 88 c4 00 00
2025-10-25 13:23:35,-9.82001,0xff,0xd5,0xff,0x71,0x88,0xca,ff d5 ff 71 88 ca 00 00
2025-10-25 13:23:35,-9.82001,0xff,0xd5,0xff,0x71,0x88,0xca,ff d5 ff 71 88 ca 00 00
2025-10-25 13:23:35,-9.82001,0xff,0xd5,0xff,0x71,0x88,0xca,ff d5 ff 71 88 ca 00 00
2025-10-25 13:23:35,-9.82001,0xff,0xd5,0xff,0x71,0x88,0xca,ff d5 ff 71 88 ca 00 00
2025-10-25 13:23:35,-9.82001,0xff,0xd5,0xff,0x71,0x88,0xca,ff d5 ff 71 88 ca 00 00
2025-10-25 13:23:35,-9.82001,0xff,0xd5,0xff,0x71,0x88,0xca,ff d5 ff 71 88 ca 00 00
2025-10-25 13:23:35,-9.82001,0xff,0xd5,0xff,0x71,0x88,0xca,ff d5 ff 71 88 ca 00 00
2025-10-25 13:23:35,-9.82001,0xff,0xd5,0xff,0x71,0x88,0xca,ff d5 ff 71 88 ca 00 00
2025-10-25 13:23:35,-9.82001,0xff,0xd5,0xff,0x71,0x88,0xca,ff d5 ff 71 88 ca 00 00
2025-10-25 13:23:35,-9.82001,0xff,0xd5,0xff,0x71,0x88,0xca,ff d5 ff 71 88 ca 00 00
2025-10-25 13:23:35,-9.82001,0xff,0xd5,0xff,0x71,0x88,0xca,ff d5 ff 71 88 ca 00 00
2025-10-25 13:23:35,-9.82001,0xff,0xd5,0xff,0x71,0x88,0xca,ff d5 ff 71 88 ca 00 00
2025-10-25 13:23:35,-9.82001,0xff,0xd5,0xff,0x71,0x88,0xca,ff d5 ff 71 88 ca 00 00
2025-10-25 13:23:35,-9.82001,0xff,0xd5,0xff,0x71,0x88,0xca,ff d5 ff 71 88 ca 00 00
2025-10-25 13:23:35,-9.82001,0xff,0xd5,0xff,0x71,0x88,0xca,ff d5 ff 71 88 ca 00 00
2025-10-25 13:23:35,-9.82001,0xff,0xd5,0xff,0x71,0x88,0xca,ff d5 ff 71 88 ca 00 00
2025-10-25 13:23:35,-10.32,0x00,0x00,0xff,0x83,0x88,0x98,00 00 ff 83 88 98 00 00
2025-10-25 13:23:35,-10.32,0x00,0x00,0xff,0x83,0x88,0x98,00 00 ff 83 88 98 00 00
2025-10-25 13:23:35,-10.32,0x00,0x00,0xff,0xa9,0x88,0x98,00 00 ff a9 88 98 00 00
2025-10-25 13:23:35,-10.32,0x00,0x00,0xff,0xa9,0x88,0x98,00 00 ff a9 88 98 00 00
2025-10-25 13:23:35,-10.32,0x00,0x00,0xff,0xa9,0x88,0x98,00 00 ff a9 88 98 00 00
2025-10-25 13:23:35,-10.32,0x00,0x0c,0xff,0xaf,0x88,0x98,00 0c ff af 88 98 00 00
2025-10-25 13:23:35,-10.32,0x00,0x0c,0xff,0xaf,0x88,0x98,00 0c ff af 88 98 00 00
2025-10-25 13:23:35,-10.32,0x00,0x0c,0xff,0xaf,0x88,0x98,00 0c ff af 88 98 00 00
2025-10-25 13:23:35,-10.32,0x00,0x19,0xff,0xaf,0x88,0x98,00 19 ff af 88 98 00 00
2025-10-25 13:23:35,-10.32,0x00,0x19,0xff,0xaf,0x88,0x98,00 19 ff af 88 98 00 00
2025-10-25 13:23:35,-10.5,0x00,0x2b,0xff,0xbc,0x88,0x86,00 2b ff bc 88 86 00 00
2025-10-25 13:23:35,-10.5,0x00,0x2b,0xff,0xbc,0x88,0x86,00 2b ff bc 88 86 00 00
2025-10-25 13:23:35,-10.5,0x00,0x2b,0xff,0xbc,0x88,0x86,00 2b ff bc 88 86 00 00
2025-10-25 13:23:35,-10.32,0x00,0x19,0xff,0xaf,0x88,0x98,00 19 ff af 88 98 00 00
2025-10-25 13:23:35,-10.32,0x00,0x19,0xff,0xaf,0x88,0x98,00 19 ff af 88 98 00 00
2025-10-25 13:23:35,-10.32,0x00,0x19,0xff,0xaf,0x88,0x98,00 19 ff af 88 98 00 00
2025-10-25 13:23:35,-9.32001,0x00,0x00,0xff,0x83,0x88,0xfc,00 00 ff 83 88 fc 00 00
2025-10-25 13:23:35,-9.32001,0x00,0x00,0xff,0x83,0x88,0xfc,00 00 ff 83 88 fc 00 00
2025-10-25 13:23:35,-8.69,0x00,0x00,0xff,0x83,0x89,0x3b,00 00 ff 83 89 3b 00 00
2025-10-25 13:23:35,-8.69,0x00,0x00,0xff,0x83,0x89,0x3b,00 00 ff 83 89 3b 00 00
2025-10-25 13:23:36,-8.5,0x00,0x0c,0xff,0x6a,0x89,0x4e,00 0c ff 6a 89 4e 00 00
2025-10-25 13:23:36,-8.5,0x00,0x0c,0xff,0x6a,0x89,0x4e,00 0c ff 6a 89 4e 00 00
2025-10-25 13:23:36,-8.5,0x00,0x0c,0xff,0x6a,0x89,0x4e,00 0c ff 6a 89 4e 00 00
2025-10-25 13:23:36,-8.57001,0x00,0x12,0xff,0x51,0x89,0x47,00 12 ff 51 89 47 00 00
2025-10-25 13:23:36,-8.57001,0x00,0x12,0xff,0x51,0x89,0x47,00 12 ff 51 89 47 00 00
2025-10-25 13:23:36,-8.57001,0x00,0x12,0xff,0x51,0x89,0x47,00 12 ff 51 89 47 00 00
2025-10-25 13:23:36,-8.25,0x00,0x0c,0xff,0x51,0x89,0x67,00 0c ff 51 89 67 00 00
2025-10-25 13:23:36,-8.25,0x00,0x0c,0xff,0x51,0x89,0x67,00 0c ff 51 89 67 00 00
2025-10-25 13:23:36,-8,0xff,0xf4,0xff,0x51,0x89,0x80,ff f4 ff 51 89 80 00 00
2025-10-25 13:23:36,-8,0xff,0xf4,0xff,0x51,0x89,0x80,ff f4 ff 51 89 80 00 00
2025-10-25 13:23:36,-8,0xff,0xf4,0xff,0x51,0x89,0x80,ff f4 ff 51 89 80 00 00
2025-10-25 13:23:36,-8,0xff,0xee,0xff,0x51,0x89,0x80,ff ee ff 51 89 80 00 00
2025-10-25 13:23:36,-8,0xff,0xee,0xff,0x51,0x89,0x80,ff ee ff 51 89 80 00 00
2025-10-25 13:23:36,-8,0xff,0xee,0xff,0x51,0x89,0x80,ff ee ff 51 89 80 00 00
2025-10-25 13:23:36,-8,0xff,0xfa,0xff,0x51,0x89,0x80,ff fa ff 51 89 80 00 00
2025-10-25 13:23:36,-8,0xff,0xfa,0xff,0x51,0x89,0x80,ff fa ff 51 89 80 00 00
2025-10-25 13:23:36,-8,0xff,0xfa,0xff,0x51,0x89,0x80,ff fa ff 51 89 80 00 00
2025-10-25 13:23:36,-8.25,0x00,0x06,0xff,0x6a,0x89,0x67,00 06 ff 6a 89 67 00 00
2025-10-25 13:23:36,-8.25,0x00,0x06,0xff,0x6a,0x89,0x67,00 06 ff 6a 89 67 00 00
2025-10-25 13:23:36,-8.25,0x00,0x06,0xff,0x6a,0x89,0x67,00 06 ff 6a 89 67 00 00
2025-10-25 13:23:36,-8.25,0x00,0x06,0xff,0x6a,0x89,0x67,00 06 ff 6a 89 67 00 00
2025-10-25 13:23:36,-8,0xff,0xe1,0xff,0x6a,0x89,0x80,ff e1 ff 6a 89 80 00 00
2025-10-25 13:23:36,-8,0xff,0xe1,0xff,0x6a,0x89,0x80,ff e1 ff 6a 89 80 00 00
2025-10-25 13:23:36,-8,0xff,0xe1,0xff,0x6a,0x89,0x80,ff e1 ff 6a 89 80 00 00
2025-10-25 13:23:36,-7.75,0xff,0xb5,0xff,0x7d,0x89,0x99,ff b5 ff 7d 89 99 00 00
2025-10-25 13:23:36,-7.75,0xff,0xb5,0xff,0x7d,0x89,0x99,ff b5 ff 7d 89 99 00 00
2025-10-25 13:23:36,-7.75,0xff,0xb5,0xff,0x7d,0x89,0x99,ff b5 ff 7d 89 99 00 00
2025-10-25 13:23:36,-6.63,0xff,0xbc,0xff,0x9c,0x8a,0x09,ff bc ff 9c 8a 09 00 00
2025-10-25 13:23:36,-6.63,0xff,0xbc,0xff,0x9c,0x8a,0x09,ff bc ff 9c 8a 09 00 00
2025-10-25 13:23:36,-6.88,0xff,0xee,0xff,0xaf,0x89,0xf0,ff ee ff af 89 f0 00 00
2025-10-25 13:23:36,-6.88,0xff,0xee,0xff,0xaf,0x89,0xf0,ff ee ff af 89 f0 00 00
2025-10-25 13:23:36,-6.88,0xff,0xee,0xff,0xaf,0x89,0xf0,ff ee ff af 89 f0 00 00
2025-10-25 13:23:36,-6.57001,0x00,0x06,0xff,0xaf,0x8a,0x0f,00 06 ff af 8a 0f 00 00
2025-10-25 13:23:36,-6.57001,0x00,0x06,0xff,0xaf,0x8a,0x0f,00 06 ff af 8a 0f 00 00
2025-10-25 13:23:36,-6.57001,0x00,0x06,0xff,0xaf,0x8a,0x0f,00 06 ff af 8a 0f 00 00
2025-10-25 13:23:36,-6.07001,0xff,0xe1,0xff,0x8a,0x8a,0x41,ff e1 ff 8a 8a 41 00 00
2025-10-25 13:23:36,-6.07001,0xff,0xe1,0xff,0x8a,0x8a,0x41,ff e1 ff 8a 8a 41 00 00
2025-10-25 13:23:36,-5.32001,0xff,0xc8,0xff,0x5e,0x8a,0x8c,ff c8 ff 5e 8a 8c 00 00
2025-10-25 13:23:36,-5.32001,0xff,0xc8,0xff,0x5e,0x8a,0x8c,ff c8 ff 5e 8a 8c 00 00
2025-10-25 13:23:36,-5.32001,0xff,0xc8,0xff,0x5e,0x8a,0x8c,ff c8 ff 5e 8a 8c 00 00
2025-10-25 13:23:36,-5.38,0xff,0xe7,0xff,0x3f,0x8a,0x86,ff e7 ff 3f 8a 86 00 00
2025-10-25 13:23:36,-5.38,0xff,0xe7,0xff,0x3f,0x8a,0x86,ff e7 ff 3f 8a 86 00 00
2025-10-25 13:23:36,-5.38,0xff,0xe7,0xff,0x3f,0x8a,0x86,ff e7 ff 3f 8a 86 00 00
2025-10-25 13:23:36,-5.38,0xff,0xfa,0xff,0x6a,0x8a,0x86,ff fa ff 6a 8a 86 00 00
2025-10-25 13:23:36,-5.38,0xff,0xfa,0xff,0x6a,0x8a,0x86,ff fa ff 6a 8a 86 00 00
2025-10-25 13:23:36,-5.32001,0xff,0xe1,0xff,0x8a,0x8a,0x8c,ff e1 ff 8a 8a 8c 00 00
2025-10-25 13:23:36,-5.32001,0xff,0xe1,0xff,0x8a,0x8a,0x8c,ff e1 ff 8a 8a 8c 00 00
2025-10-25 13:23:36,-5.07001,0xff,0xc8,0xff,0x96,0x8a,0xa5,ff c8 ff 96 8a a5 00 00
2025-10-25 13:23:36,-5.07001,0xff,0xc8,0xff,0x96,0x8a,0xa5,ff c8 ff 96 8a a5 00 00
2025-10-25 13:23:36,-5.07001,0xff,0xc8,0xff,0x96,0x8a,0xa5,ff c8 ff 96 8a a5 00 00
2025-10-25 13:23:36,-5.32001,0xff,0xd5,0xff,0x90,0x8a,0x8c,ff d5 ff 90 8a 8c 00 00
2025-10-25 13:23:36,-5.32001,0xff,0xd5,0xff,0x90,0x8a,0x8c,ff d5 ff 90 8a 8c 00 00
2025-10-25 13:23:37,-5.32001,0xff,0xd5,0xff,0x90,0x8a,0x8c,ff d5 ff 90 8a 8c 00 00
2025-10-25 13:23:37,-5.38,0xff,0xdb,0xff,0x71,0x8a,0x86,ff db ff 71 8a 86 00 00
2025-10-25 13:23:37,-5.38,0xff,0xdb,0xff,0x71,0x8a,0x86,ff db ff 71 8a 86 00 00
2025-10-25 13:23:37,-5.07001,0xff,0xce,0xff,0x71,0x8a,0xa5,ff ce ff 71 8a a5 00 00
2025-10-25 13:23:37,-5.07001,0xff,0xce,0xff,0x71,0x8a,0xa5,ff ce ff 71 8a a5 00 00
2025-10-25 13:23:37,-5.07001,0xff,0xce,0xff,0x71,0x8a,0xa5,ff ce ff 71 8a a5 00 00
2025-10-25 13:23:37,-5.32001,0xff,0xdb,0xff,0xb5,0x8a,0x8c,ff db ff b5 8a 8c 00 00
2025-10-25 13:23:37,-5.32001,0xff,0xdb,0xff,0xb5,0x8a,0x8c,ff db ff b5 8a 8c 00 00
2025-10-25 13:23:37,-5.32001,0xff,0xdb,0xff,0xb5,0x8a,0x8c,ff db ff b5 8a 8c 00 00
2025-10-25 13:23:37,-5.07001,0xff,0xc8,0xff,0xc2,0x8a,0xa5,ff c8 ff c2 8a a5 00 00
2025-10-25 13:23:37,-5.07001,0xff,0xc8,0xff,0xc2,0x8a,0xa5,ff c8 ff c2 8a a5 00 00
2025-10-25 13:23:37,-5.32001,0xff,0xdb,0xff,0xb5,0x8a,0x8c,ff db ff b5 8a 8c 00 00
2025-10-25 13:23:37,-5.32001,0xff,0xdb,0xff,0xb5,0x8a,0x8c,ff db ff b5 8a 8c 00 00
2025-10-25 13:23:37,-5.32001,0xff,0xdb,0xff,0xb5,0x8a,0x8c,ff db ff b5 8a 8c 00 00
2025-10-25 13:23:37,-5.32001,0xff,0xdb,0xff,0x90,0x8a,0x8c,ff db ff 90 8a 8c 00 00
2025-10-25 13:23:37,-5.32001,0xff,0xdb,0xff,0x90,0x8a,0x8c,ff db ff 90 8a 8c 00 00
2025-10-25 13:23:37,-5.38,0xff,0xdb,0xff,0x71,0x8a,0x86,ff db ff 71 8a 86 00 00
2025-10-25 13:23:37,-5.38,0xff,0xdb,0xff,0x71,0x8a,0x86,ff db ff 71 8a 86 00 00
2025-10-25 13:23:37,-5.38,0xff,0xdb,0xff,0x71,0x8a,0x86,ff db ff 71 8a 86 00 00
2025-10-25 13:23:37,-5.38,0xff,0xdb,0xff,0x71,0x8a,0x86,ff db ff 71 8a 86 00 00
2025-10-25 13:23:37,-5.38,0xff,0xdb,0xff,0x71,0x8a,0x86,ff db ff 71 8a 86 00 00
2025-10-25 13:23:37,-4.32001,0xff,0xe7,0xff,0x8a,0x8a,0xf0,ff e7 ff 8a 8a f0 00 00
2025-10-25 13:23:37,-4.32001,0xff,0xe7,0xff,0x8a,0x8a,0xf0,ff e7 ff 8a 8a f0 00 00
2025-10-25 13:23:37,-4.32001,0xff,0xe7,0xff,0x8a,0x8a,0xf0,ff e7 ff 8a 8a f0 00 00
2025-10-25 13:23:37,-3.5,0xff,0xdb,0xff,0x8a,0x8b,0x42,ff db ff 8a 8b 42 00 00
2025-10-25 13:23:37,-3.5,0xff,0xdb,0xff,0x8a,0x8b,0x42,ff db ff 8a 8b 42 00 00
2025-10-25 13:23:37,-3.5,0xff,0xdb,0xff,0x8a,0x8b,0x42,ff db ff 8a 8b 42 00 00
2025-10-25 13:23:37,-3.5,0xff,0xee,0xff,0x8a,0x8b,0x42,ff ee ff 8a 8b 42 00 00
2025-10-25 13:23:37,-3.5,0xff,0xee,0xff,0x8a,0x8b,0x42,ff ee ff 8a 8b 42 00 00
2025-10-25 13:23:37,-3.5,0xff,0xee,0xff,0x8a,0x8b,0x42,ff ee ff 8a 8b 42 00 00
2025-10-25 13:23:37,-3,0xff,0xf4,0xff,0x6a,0x8b,0x74,ff f4 ff 6a 8b 74 00 00
2025-10-25 13:23:37,-3,0xff,0xf4,0xff,0x6a,0x8b,0x74,ff f4 ff 6a 8b 74 00 00
2025-10-25 13:23:37,-2.69,0xff,0xee,0xff,0x51,0x8b,0x93,ff ee ff 51 8b 93 00 00
2025-10-25 13:23:37,-2.69,0xff,0xee,0xff,0x51,0x8b,0x93,ff ee ff 51 8b 93 00 00
2025-10-25 13:23:37,-2.69,0xff,0xee,0xff,0x51,0x8b,0x93,ff ee ff 51 8b 93 00 00
2025-10-25 13:23:37,-2.19,0xff,0xee,0xff,0x51,0x8b,0xc5,ff ee ff 51 8b c5 00 00
2025-10-25 13:23:37,-2.19,0xff,0xee,0xff,0x51,0x8b,0xc5,ff ee ff 51 8b c5 00 00
2025-10-25 13:23:37,-2,0xff,0xf4,0xff,0x51,0x8b,0xd8,ff f4 ff 51 8b d8 00 00
2025-10-25 13:23:37,-2,0xff,0xf4,0xff,0x51,0x8b,0xd8,ff f4 ff 51 8b d8 00 00
2025-10-25 13:23:37,-2,0xff,0xf4,0xff,0x51,0x8b,0xd8,ff f4 ff 51 8b d8 00 00
2025-10-25 13:23:37,-2,0xff,0xe7,0xff,0x6a,0x8b,0xd8,ff e7 ff 6a 8b d8 00 00
2025-10-25 13:23:37,-2,0xff,0xe7,0xff,0x6a,0x8b,0xd8,ff e7 ff 6a 8b d8 00 00
2025-10-25 13:23:37,-2,0xff,0xe7,0xff,0x6a,0x8b,0xd8,ff e7 ff 6a 8b d8 00 00
2025-10-25 13:23:37,-2.19,0x00,0x00,0xff,0x8a,0x8b,0xc5,00 00 ff 8a 8b c5 00 00
2025-10-25 13:23:37,-2.19,0x00,0x00,0xff,0x8a,0x8b,0xc5,00 00 ff 8a 8b c5 00 00
2025-10-25 13:23:37,-2.19,0x00,0x00,0xff,0x8a,0x8b,0xc5,00 00 ff 8a 8b c5 00 00
2025-10-25 13:23:37,-2.19,0x00,0x00,0xff,0x8a,0x8b,0xc5,00 00 ff 8a 8b c5 00 00
2025-10-25 13:23:37,-2.19,0x00,0x00,0xff,0x8a,0x8b,0xc5,00 00 ff 8a 8b c5 00 00
2025-10-25 13:23:37,-2,0xff,0xee,0xff,0x8a,0x8b,0xd8,ff ee ff 8a 8b d8 00 00
2025-10-25 13:23:37,-2,0xff,0xee,0xff,0x8a,0x8b,0xd8,ff ee ff 8a 8b d8 00 00
2025-10-25 13:23:37,-2,0xff,0xee,0xff,0x8a,0x8b,0xd8,ff ee ff 8a 8b d8 00 00
2025-10-25 13:23:37,-2,0xff,0xd5,0xff,0x90,0x8b,0xd8,ff d5 ff 90 8b d8 00 00
2025-10-25 13:23:38,-2,0xff,0xd5,0xff,0x90,0x8b,0xd8,ff d5 ff 90 8b d8 00 00
2025-10-25 13:23:38,-1.82001,0xff,0xc2,0xff,0x9c,0x8b,0xea,ff c2 ff 9c 8b ea 00 00
2025-10-25 13:23:38,-1.82001,0xff,0xc2,0xff,0x9c,0x8b,0xea,ff c2 ff 9c 8b ea 00 00
2025-10-25 13:23:38,-1.82001,0xff,0xc2,0xff,0x9c,0x8b,0xea,ff c2 ff 9c 8b ea 00 00
2025-10-25 13:23:38,-1.82001,0xff,0xc8,0xff,0x96,0x8b,0xea,ff c8 ff 96 8b ea 00 00
2025-10-25 13:23:38,-1.82001,0xff,0xc8,0xff,0x96,0x8b,0xea,ff c8 ff 96 8b ea 00 00
2025-10-25 13:23:38,-1.82001,0xff,0xc8,0xff,0x96,0x8b,0xea,ff c8 ff 96 8b ea 00 00
2025-10-25 13:23:38,-1.82001,0xff,0xc8,0xff,0x96,0x8b,0xea,ff c8 ff 96 8b ea 00 00
2025-10-25 13:23:38,-1.82001,0xff,0xc8,0xff,0x96,0x8b,0xea,ff c8 ff 96 8b ea 00 00
2025-10-25 13:23:38,-1.82001,0xff,0xc8,0xff,0x96,0x8b,0xea,ff c8 ff 96 8b ea 00 00
2025-10-25 13:23:38,-1.82001,0xff,0xc8,0xff,0x96,0x8b,0xea,ff c8 ff 96 8b ea 00 00
2025-10-25 13:23:38,-1.82001,0xff,0xc8,0xff,0x96,0x8b,0xea,ff c8 ff 96 8b ea 00 00
2025-10-25 13:23:38,-1.82001,0xff,0xc8,0xff,0x96,0x8b,0xea,ff c8 ff 96 8b ea 00 00
2025-10-25 13:23:38,-1.82001,0xff,0xc8,0xff,0x96,0x8b,0xea,ff c8 ff 96 8b ea 00 00
2025-10-25 13:23:38,-1.82001,0xff,0xc8,0xff,0x96,0x8b,0xea,ff c8 ff 96 8b ea 00 00
2025-10-25 13:23:38,-1.82001,0xff,0xc8,0xff,0x96,0x8b,0xea,ff c8 ff 96 8b ea 00 00
2025-10-25 13:23:38,-1.82001,0xff,0xc8,0xff,0x96,0x8b,0xea,ff c8 ff 96 8b ea 00 00
2025-10-25 13:23:38,-0.940002,0xff,0xc8,0xff,0x90,0x8c,0x42,ff c8 ff 90 8c 42 00 00
2025-10-25 13:23:38,-0.940002,0xff,0xc8,0xff,0x90,0x8c,0x42,ff c8 ff 90 8c 42 00 00
2025-10-25 13:23:38,-0.940002,0xff,0xc8,0xff,0x90,0x8c,0x42,ff c8 ff 90 8c 42 00 00
2025-10-25 13:23:38,0.81,0xff,0xc8,0xff,0x96,0x00,0x51,ff c8 ff 96 00 51 00 00
2025-10-25 13:23:38,0.81,0xff,0xc8,0xff,0x96,0x00,0x51,ff c8 ff 96 00 51 00 00
2025-10-25 13:23:38,0.81,0xff,0xc8,0xff,0x96,0x00,0x51,ff c8 ff 96 00 51 00 00
2025-10-25 13:23:38,0.81,0xff,0xc8,0xff,0x96,0x00,0x51,ff c8 ff 96 00 51 00 00
2025-10-25 13:23:38,0.81,0xff,0xc8,0xff,0x96,0x00,0x51,ff c8 ff 96 00 51 00 00
2025-10-25 13:23:38,0.81,0xff,0xc8,0xff,0x96,0x00,0x51,ff c8 ff 96 00 51 00 00
2025-10-25 13:23:38,0.81,0xff,0xc8,0xff,0x96,0x00,0x51,ff c8 ff 96 00 51 00 00
2025-10-25 13:23:38,1.18,0xff,0xce,0xff,0x90,0x00,0x76,ff ce ff 90 00 76 00 00
2025-10-25 13:23:38,1.18,0xff,0xce,0xff,0x90,0x00,0x76,ff ce ff 90 00 76 00 00
2025-10-25 13:23:38,1.18,0xff,0xce,0xff,0x90,0x00,0x76,ff ce ff 90 00 76 00 00
2025-10-25 13:23:38,1.5,0xff,0xc8,0xff,0x90,0x00,0x96,ff c8 ff 90 00 96 00 00
2025-10-25 13:23:38,1.5,0xff,0xc8,0xff,0x90,0x00,0x96,ff c8 ff 90 00 96 00 00
2025-10-25 13:23:38,1.75,0xff,0xc8,0xff,0x90,0x00,0xaf,ff c8 ff 90 00 af 00 00
2025-10-25 13:23:38,1.75,0xff,0xc8,0xff,0x90,0x00,0xaf,ff c8 ff 90 00 af 00 00
2025-10-25 13:23:38,1.75,0xff,0xc8,0xff,0x90,0x00,0xaf,ff c8 ff 90 00 af 00 00
2025-10-25 13:23:38,1.75,0xff,0xc8,0xff,0x90,0x00,0xaf,ff c8 ff 90 00 af 00 00
2025-10-25 13:23:38,1.75,0xff,0xc8,0xff,0x90,0x00,0xaf,ff c8 ff 90 00 af 00 00
2025-10-25 13:23:38,1.75,0xff,0xc8,0xff,0x90,0x00,0xaf,ff c8 ff 90 00 af 00 00
2025-10-25 13:23:38,1.75,0xff,0xc8,0xff,0x90,0x00,0xaf,ff c8 ff 90 00 af 00 00
2025-10-25 13:23:38,1.75,0xff,0xc8,0xff,0x90,0x00,0xaf,ff c8 ff 90 00 af 00 00
2025-10-25 13:23:38,1.75,0xff,0xc8,0xff,0x90,0x00,0xaf,ff c8 ff 90 00 af 00 00
2025-10-25 13:23:38,1.75,0xff,0xc8,0xff,0x90,0x00,0xaf,ff c8 ff 90 00 af 00 00
2025-10-25 13:23:38,1.75,0xff,0xc8,0xff,0x90,0x00,0xaf,ff c8 ff 90 00 af 00 00
2025-10-25 13:23:38,1.75,0xff,0xc8,0xff,0x90,0x00,0xaf,ff c8 ff 90 00 af 00 00
2025-10-25 13:23:38,1.75,0xff,0xc8,0xff,0x90,0x00,0xaf,ff c8 ff 90 00 af 00 00
2025-10-25 13:23:38,1.75,0xff,0xc8,0xff,0x90,0x00,0xaf,ff c8 ff 90 00 af 00 00
2025-10-25 13:23:38,1.75,0xff,0xc8,0xff,0x90,0x00,0xaf,ff c8 ff 90 00 af 00 00
2025-10-25 13:23:38,1.75,0xff,0xc8,0xff,0x90,0x00,0xaf,ff c8 ff 90 00 af 00 00
2025-10-25 13:23:38,1.75,0xff,0xc8,0xff,0x90,0x00,0xaf,ff c8 ff 90 00 af 00 00
2025-10-25 13:23:38,1.75,0xff,0xc8,0xff,0x90,0x00,0xaf,ff c8 ff 90 00 af 00 00
2025-10-25 13:23:38,1.75,0xff,0xc8,0xff,0x90,0x00,0xaf,ff c8 ff 90 00 af 00 00
2025-10-25 13:23:38,1.75,0xff,0xc8,0xff,0x90,0x00,0xaf,ff c8 ff 90 00 af 00 00
2025-10-25 13:23:39,1.75,0xff,0xc8,0xff,0x90,0x00,0xaf,ff c8 ff 90 00 af 00 00
2025-10-25 13:23:39,1.75,0xff,0xc8,0xff,0x90,0x00,0xaf,ff c8 ff 90 00 af 00 00
2025-10-25 13:23:39,1.75,0xff,0xc8,0xff,0x90,0x00,0xaf,ff c8 ff 90 00 af 00 00
2025-10-25 13:23:39,1.75,0xff,0xc8,0xff,0x90,0x00,0xaf,ff c8 ff 90 00 af 00 00
2025-10-25 13:23:39,1.75,0xff,0xc8,0xff,0x90,0x00,0xaf,ff c8 ff 90 00 af 00 00
2025-10-25 13:23:39,1.75,0xff,0xc8,0xff,0x90,0x00,0xaf,ff c8 ff 90 00 af 00 00
2025-10-25 13:23:39,1.75,0xff,0xc8,0xff,0x90,0x00,0xaf,ff c8 ff 90 00 af 00 00
2025-10-25 13:23:39,1.75,0xff,0xc8,0xff,0x90,0x00,0xaf,ff c8 ff 90 00 af 00 00
2025-10-25 13:23:39,1.75,0xff,0xc8,0xff,0x90,0x00,0xaf,ff c8 ff 90 00 af 00 00
2025-10-25 13:23:39,1.75,0xff,0xc8,0xff,0x90,0x00,0xaf,ff c8 ff 90 00 af 00 00
2025-10-25 13:23:39,1.75,0xff,0xc8,0xff,0x90,0x00,0xaf,ff c8 ff 90 00 af 00 00
2025-10-25 13:23:39,1.5,0xff,0xe7,0xff,0x8a,0x00,0x96,ff e7 ff 8a 00 96 00 00
2025-10-25 13:23:39,1.5,0xff,0xe7,0xff,0x8a,0x00,0x96,ff e7 ff 8a 00 96 00 00
2025-10-25 13:23:39,1.5,0xff,0xf4,0xff,0x6a,0x00,0x96,ff f4 ff 6a 00 96 00 00
2025-10-25 13:23:39,1.5,0xff,0xf4,0xff,0x6a,0x00,0x96,ff f4 ff 6a 00 96 00 00
2025-10-25 13:23:39,1.5,0xff,0xf4,0xff,0x6a,0x00,0x96,ff f4 ff 6a 00 96 00 00
2025-10-25 13:23:39,1.5,0xff,0xfa,0xff,0x6a,0x00,0x96,ff fa ff 6a 00 96 00 00
2025-10-25 13:23:39,1.5,0xff,0xfa,0xff,0x6a,0x00,0x96,ff fa ff 6a 00 96 00 00
2025-10-25 13:23:39,1.5,0xff,0xf4,0xff,0x6a,0x00,0x96,ff f4 ff 6a 00 96 00 00
2025-10-25 13:23:39,1.5,0xff,0xf4,0xff,0x6a,0x00,0x96,ff f4 ff 6a 00 96 00 00
2025-10-25 13:23:39,1.5,0xff,0xf4,0xff,0x6a,0x00,0x96,ff f4 ff 6a 00 96 00 00
2025-10-25 13:23:39,1.5,0xff,0xe7,0xff,0x6a,0x00,0x96,ff e7 ff 6a 00 96 00 00
2025-10-25 13:23:39,1.5,0xff,0xe7,0xff,0x6a,0x00,0x96,ff e7 ff 6a 00 96 00 00
2025-10-25 13:23:39,1.5,0xff,0xe7,0xff,0x6a,0x00,0x96,ff e7 ff 6a 00 96 00 00
2025-10-25 13:23:39,1.5,0xff,0xe1,0xff,0x6a,0x00,0x96,ff e1 ff 6a 00 96 00 00
2025-10-25 13:23:39,1.5,0xff,0xe1,0xff,0x6a,0x00,0x96,ff e1 ff 6a 00 96 00 00
2025-10-25 13:23:39,1.5,0xff,0xfa,0xff,0x8a,0x00,0x96,ff fa ff 8a 00 96 00 00
2025-10-25 13:23:39,1.5,0xff,0xfa,0xff,0x8a,0x00,0x96,ff fa ff 8a 00 96 00 00
2025-10-25 13:23:39,1.5,0xff,0xfa,0xff,0x8a,0x00,0x96,ff fa ff 8a 00 96 00 00
2025-10-25 13:23:39,1.5,0xff,0xfa,0xff,0x8a,0x00,0x96,ff fa ff 8a 00 96 00 00
2025-10-25 13:23:39,1.5,0xff,0xfa,0xff,0x8a,0x00,0x96,ff fa ff 8a 00 96 00 00
2025-10-25 13:23:39,1.5,0xff,0xfa,0xff,0x8a,0x00,0x96,ff fa ff 8a 00 96 00 00
2025-10-25 13:23:39,1.5,0xff,0xfa,0xff,0x8a,0x00,0x96,ff fa ff 8a 00 96 00 00
2025-10-25 13:23:39,1.5,0xff,0xfa,0xff,0x8a,0x00,0x96,ff fa ff 8a 00 96 00 00
2025-10-25 13:23:39,1.5,0xff,0xfa,0xff,0x8a,0x00,0x96,ff fa ff 8a 00 96 00 00
2025-10-25 13:23:39,1.5,0xff,0xfa,0xff,0x8a,0x00,0x96,ff fa ff 8a 00 96 00 00
2025-10-25 13:23:39,1.5,0xff,0xfa,0xff,0x8a,0x00,0x96,ff fa ff 8a 00 96 00 00
2025-10-25 13:23:39,1.5,0xff,0xfa,0xff,0x8a,0x00,0x96,ff fa ff 8a 00 96 00 00
2025-10-25 13:23:39,1.5,0xff,0xfa,0xff,0x8a,0x00,0x96,ff fa ff 8a 00 96 00 00
2025-10-25 13:23:39,1.5,0xff,0xfa,0xff,0x8a,0x00,0x96,ff fa ff 8a 00 96 00 00
2025-10-25 13:23:39,1.5,0xff,0xfa,0xff,0x8a,0x00,0x96,ff fa ff 8a 00 96 00 00
2025-10-25 13:23:39,1.5,0xff,0xfa,0xff,0x8a,0x00,0x96,ff fa ff 8a 00 96 00 00
2025-10-25 13:23:39,1.5,0xff,0xfa,0xff,0x8a,0x00,0x96,ff fa ff 8a 00 96 00 00
2025-10-25 13:23:39,1.5,0xff,0xfa,0xff,0x8a,0x00,0x96,ff fa ff 8a 00 96 00 00
2025-10-25 13:23:39,1.5,0xff,0xfa,0xff,0x8a,0x00,0x96,ff fa ff 8a 00 96 00 00
2025-10-25 13:23:39,2.5,0xff,0xfa,0xff,0x8a,0x00,0xfa,ff fa ff 8a 00 fa 00 00
2025-10-25 13:23:39,2.5,0xff,0xfa,0xff,0x8a,0x00,0xfa,ff fa ff 8a 00 fa 00 00
2025-10-25 13:23:39,2.93,0xff,0xfa,0xff,0x8a,0x01,0x25,ff fa ff 8a 01 25 00 00
2025-10-25 13:23:39,2.93,0xff,0xfa,0xff,0x8a,0x01,0x25,ff fa ff 8a 01 25 00 00
2025-10-25 13:23:39,2.93,0xff,0xfa,0xff,0x8a,0x01,0x25,ff fa ff 8a 01 25 00 00
2025-10-25 13:23:39,3.18,0xff,0xfa,0xff,0x8a,0x01,0x3e,ff fa ff 8a 01 3e 00 00
2025-10-25 13:23:39,3.18,0xff,0xfa,0xff,0x8a,0x01,0x3e,ff fa ff 8a 01 3e 00 00
2025-10-25 13:23:40,3.18,0xff,0xfa,0xff,0x8a,0x01,0x3e,ff fa ff 8a 01 3e 00 00
2025-10-25 13:23:40,3.43,0xff,0xfa,0xff,0x8a,0x01,0x57,ff fa ff 8a 01 57 00 00
2025-10-25 13:23:40,3.43,0xff,0xfa,0xff,0x8a,0x01,0x57,ff fa ff 8a 01 57 00 00
2025-10-25 13:23:40,3.43,0xff,0xfa,0xff,0x8a,0x01,0x57,ff fa ff 8a 01 57 00 00
2025-10-25 13:23:40,3.43,0xff,0xfa,0xff,0x8a,0x01,0x57,ff fa ff 8a 01 57 00 00
2025-10-25 13:23:40,3.43,0xff,0xfa,0xff,0x8a,0x01,0x57,ff fa ff 8a 01 57 00 00
2025-10-25 13:23:40,3.43,0xff,0xfa,0xff,0x8a,0x01,0x57,ff fa ff 8a 01 57 00 00
2025-10-25 13:23:40,3.43,0xff,0xfa,0xff,0x8a,0x01,0x57,ff fa ff 8a 01 57 00 00
2025-10-25 13:23:40,3.93,0xff,0xfa,0xff,0x83,0x01,0x89,ff fa ff 83 01 89 00 00
2025-10-25 13:23:40,3.93,0xff,0xfa,0xff,0x83,0x01,0x89,ff fa ff 83 01 89 00 00
2025-10-25 13:23:40,3.93,0xff,0xfa,0xff,0x83,0x01,0x89,ff fa ff 83 01 89 00 00
2025-10-25 13:23:40,3.93,0xff,0xfa,0xff,0x83,0x01,0x89,ff fa ff 83 01 89 00 00
2025-10-25 13:23:40,3.93,0xff,0xfa,0xff,0x83,0x01,0x89,ff fa ff 83 01 89 00 00
2025-10-25 13:23:40,3.93,0xff,0xfa,0xff,0x83,0x01,0x89,ff fa ff 83 01 89 00 00
2025-10-25 13:23:40,3.93,0xff,0xfa,0xff,0x83,0x01,0x89,ff fa ff 83 01 89 00 00
2025-10-25 13:23:40,3.93,0xff,0xfa,0xff,0x83,0x01,0x89,ff fa ff 83 01 89 00 00
2025-10-25 13:23:40,3.93,0xff,0xfa,0xff,0x83,0x01,0x89,ff fa ff 83 01 89 00 00
2025-10-25 13:23:40,3.93,0xff,0xfa,0xff,0x83,0x01,0x89,ff fa ff 83 01 89 00 00
2025-10-25 13:23:40,3.93,0xff,0xfa,0xff,0x83,0x01,0x89,ff fa ff 83 01 89 00 00
2025-10-25 13:23:40,3.93,0xff,0xfa,0xff,0x83,0x01,0x89,ff fa ff 83 01 89 00 00
2025-10-25 13:23:40,3.93,0xff,0xfa,0xff,0x83,0x01,0x89,ff fa ff 83 01 89 00 00
2025-10-25 13:23:40,3.93,0xff,0xfa,0xff,0x83,0x01,0x89,ff fa ff 83 01 89 00 00
2025-10-25 13:23:40,3.93,0xff,0xfa,0xff,0x83,0x01,0x89,ff fa ff 83 01 89 00 00
2025-10-25 13:23:40,3.93,0xff,0xfa,0xff,0x83,0x01,0x89,ff fa ff 83 01 89 00 00
2025-10-25 13:23:40,3.93,0xff,0xfa,0xff,0x83,0x01,0x89,ff fa ff 83 01 89 00 00
2025-10-25 13:23:40,3.93,0xff,0xfa,0xff,0x83,0x01,0x89,ff fa ff 83 01 89 00 00
2025-10-25 13:23:40,5,0xff,0xfa,0xff,0x83,0x01,0xf4,ff fa ff 83 01 f4 00 00
2025-10-25 13:23:40,5,0xff,0xfa,0xff,0x83,0x01,0xf4,ff fa ff 83 01 f4 00 00
2025-10-25 13:23:40,5,0xff,0xfa,0xff,0x83,0x01,0xf4,ff fa ff 83 01 f4 00 00
2025-10-25 13:23:40,5.56,0xff,0xfa,0xff,0x83,0x02,0x2c,ff fa ff 83 02 2c 00 00
2025-10-25 13:23:40,5.56,0xff,0xfa,0xff,0x83,0x02,0x2c,ff fa ff 83 02 2c 00 00
2025-10-25 13:23:40,6.06,0xff,0xfa,0xff,0x83,0x02,0x5e,ff fa ff 83 02 5e 00 00
2025-10-25 13:23:40,6.06,0xff,0xfa,0xff,0x83,0x02,0x5e,ff fa ff 83 02 5e 00 00
2025-10-25 13:23:40,6.06,0xff,0xfa,0xff,0x83,0x02,0x5e,ff fa ff 83 02 5e 00 00
2025-10-25 13:23:40,6.43,0xff,0xf4,0xff,0x83,0x02,0x83,ff f4 ff 83 02 83 00 00
2025-10-25 13:23:40,6.43,0xff,0xf4,0xff,0x83,0x02,0x83,ff f4 ff 83 02 83 00 00
2025-10-25 13:23:40,6.43,0xff,0xf4,0xff,0x83,0x02,0x83,ff f4 ff 83 02 83 00 00
2025-10-25 13:23:40,6.62,0xff,0xfa,0xff,0x83,0x02,0x96,ff fa ff 83 02 96 00 00
2025-10-25 13:23:40,6.62,0xff,0xfa,0xff,0x83,0x02,0x96,ff fa ff 83 02 96 00 00
2025-10-25 13:23:40,6.62,0xff,0xfa,0xff,0x83,0x02,0x96,ff fa ff 83 02 96 00 00
2025-10-25 13:23:40,6.62,0xff,0xfa,0xff,0x83,0x02,0x96,ff fa ff 83 02 96 00 00
2025-10-25 13:23:40,6.62,0xff,0xfa,0xff,0x83,0x02,0x96,ff fa ff 83 02 96 00 00
2025-10-25 13:23:40,6.43,0xff,0xf4,0xff,0x83,0x02,0x83,ff f4 ff 83 02 83 00 00
2025-10-25 13:23:40,6.43,0xff,0xf4,0xff,0x83,0x02,0x83,ff f4 ff 83 02 83 00 00
2025-10-25 13:23:40,6.43,0xff,0xf4,0xff,0x83,0x02,0x83,ff f4 ff 83 02 83 00 00
2025-10-25 13:23:40,6.43,0xff,0xf4,0xff,0x83,0x02,0x83,ff f4 ff 83 02 83 00 00
2025-10-25 13:23:40,6.43,0xff,0xf4,0xff,0x83,0x02,0x83,ff f4 ff 83 02 83 00 00
2025-10-25 13:23:40,6.43,0xff,0xf4,0xff,0x83,0x02,0x83,ff f4 ff 83 02 83 00 00
2025-10-25 13:23:40,6.43,0xff,0xf4,0xff,0x83,0x02,0x83,ff f4 ff 83 02 83 00 00
2025-10-25 13:23:40,6.43,0xff,0xf4,0xff,0x83,0x02,0x83,ff f4 ff 83 02 83 00 00
2025-10-25 13:23:40,6.43,0xff,0xf4,0xff,0x83,0x02,0x83,ff f4 ff 83 02 83 00 00
2025-10-25 13:23:40,6.43,0xff,0xf4,0xff,0x83,0x02,0x83,ff f4 ff 83 02 83 00 00
2025-10-25 13:23:41,6.43,0xff,0xf4,0xff,0x83,0x02,0x83,ff f4 ff 83 02 83 00 00
2025-10-25 13:23:41,6.43,0xff,0xf4,0xff,0x83,0x02,0x83,ff f4 ff 83 02 83 00 00
2025-10-25 13:23:41,6.43,0xff,0xf4,0xff,0x83,0x02,0x83,ff f4 ff 83 02 83 00 00
2025-10-25 13:23:41,6.43,0xff,0xf4,0xff,0x83,0x02,0x83,ff f4 ff 83 02 83 00 00
2025-10-25 13:23:41,6.43,0xff,0xf4,0xff,0x83,0x02,0x83,ff f4 ff 83 02 83 00 00
2025-10-25 13:23:41,6.43,0xff,0xf4,0xff,0x83,0x02,0x83,ff f4 ff 83 02 83 00 00
2025-10-25 13:23:41,6.43,0xff,0xf4,0xff,0x83,0x02,0x83,ff f4 ff 83 02 83 00 00
2025-10-25 13:23:41,6.43,0xff,0xf4,0xff,0x83,0x02,0x83,ff f4 ff 83 02 83 00 00
2025-10-25 13:23:41,6.43,0xff,0xf4,0xff,0x83,0x02,0x83,ff f4 ff 83 02 83 00 00
2025-10-25 13:23:41,6.43,0xff,0xf4,0xff,0x83,0x02,0x83,ff f4 ff 83 02 83 00 00
2025-10-25 13:23:41,6.43,0xff,0xf4,0xff,0x83,0x02,0x83,ff f4 ff 83 02 83 00 00
2025-10-25 13:23:41,6.43,0xff,0xf4,0xff,0x83,0x02,0x83,ff f4 ff 83 02 83 00 00
2025-10-25 13:23:41,6.43,0xff,0xf4,0xff,0x83,0x02,0x83,ff f4 ff 83 02 83 00 00
2025-10-25 13:23:41,6.43,0xff,0xf4,0xff,0x83,0x02,0x83,ff f4 ff 83 02 83 00 00
2025-10-25 13:23:41,6.43,0xff,0xf4,0xff,0x83,0x02,0x83,ff f4 ff 83 02 83 00 00
2025-10-25 13:23:41,6.43,0xff,0xf4,0xff,0x83,0x02,0x83,ff f4 ff 83 02 83 00 00
2025-10-25 13:23:41,7.37,0xff,0xfa,0xff,0x83,0x02,0xe1,ff fa ff 83 02 e1 00 00
2025-10-25 13:23:41,7.37,0xff,0xfa,0xff,0x83,0x02,0xe1,ff fa ff 83 02 e1 00 00
2025-10-25 13:23:41,7.37,0xff,0xfa,0xff,0x83,0x02,0xe1,ff fa ff 83 02 e1 00 00
2025-10-25 13:23:41,7.93,0xff,0xfa,0xff,0x83,0x03,0x19,ff fa ff 83 03 19 00 00
2025-10-25 13:23:41,7.93,0xff,0xfa,0xff,0x83,0x03,0x19,ff fa ff 83 03 19 00 00
2025-10-25 13:23:41,7.93,0xff,0xfa,0xff,0x83,0x03,0x19,ff fa ff 83 03 19 00 00
2025-10-25 13:23:41,8.18,0xff,0xfa,0xff,0x83,0x03,0x32,ff fa ff 83 03 32 00 00
2025-10-25 13:23:41,8.18,0xff,0xfa,0xff,0x83,0x03,0x32,ff fa ff 83 03 32 00 00
2025-10-25 13:23:41,8.5,0xff,0xfa,0xff,0x83,0x03,0x52,ff fa ff 83 03 52 00 00
2025-10-25 13:23:41,8.5,0xff,0xfa,0xff,0x83,0x03,0x52,ff fa ff 83 03 52 00 00
2025-10-25 13:23:41,8.5,0xff,0xfa,0xff,0x83,0x03,0x52,ff fa ff 83 03 52 00 00
2025-10-25 13:23:41,8.5,0xff,0xfa,0xff,0x83,0x03,0x52,ff fa ff 83 03 52 00 00
2025-10-25 13:23:41,8.5,0xff,0xfa,0xff,0x83,0x03,0x52,ff fa ff 83 03 52 00 00
2025-10-25 13:23:41,8.75,0xff,0xfa,0xff,0x83,0x03,0x6b,ff fa ff 83 03 6b 00 00
2025-10-25 13:23:41,8.75,0xff,0xfa,0xff,0x83,0x03,0x6b,ff fa ff 83 03 6b 00 00
2025-10-25 13:23:41,8.75,0xff,0xfa,0xff,0x83,0x03,0x6b,ff fa ff 83 03 6b 00 00
2025-10-25 13:23:41,9.31,0xff,0xfa,0xff,0x83,0x03,0xa3,ff fa ff 83 03 a3 00 00
2025-10-25 13:23:41,9.31,0xff,0xfa,0xff,0x83,0x03,0xa3,ff fa ff 83 03 a3 00 00
2025-10-25 13:23:41,9.31,0xff,0xfa,0xff,0x83,0x03,0xa3,ff fa ff 83 03 a3 00 00
2025-10-25 13:23:41,9.31,0xff,0xfa,0xff,0x83,0x03,0xa3,ff fa ff 83 03 a3 00 00
2025-10-25 13:23:41,9.31,0xff,0xfa,0xff,0x83,0x03,0xa3,ff fa ff 83 03 a3 00 00
2025-10-25 13:23:41,9.31,0xff,0xfa,0xff,0x83,0x03,0xa3,ff fa ff 83 03 a3 00 00
2025-10-25 13:23:41,9.31,0xff,0xfa,0xff,0x83,0x03,0xa3,ff fa ff 83 03 a3 00 00
2025-10-25 13:23:41,9.31,0xff,0xfa,0xff,0x83,0x03,0xa3,ff fa ff 83 03 a3 00 00
2025-10-25 13:23:41,9.31,0xff,0xfa,0xff,0x83,0x03,0xa3,ff fa ff 83 03 a3 00 00
2025-10-25 13:23:41,9.31,0xff,0xfa,0xff,0x83,0x03,0xa3,ff fa ff 83 03 a3 00 00
2025-10-25 13:23:41,9.31,0xff,0xfa,0xff,0x83,0x03,0xa3,ff fa ff 83 03 a3 00 00
2025-10-25 13:23:41,9.31,0xff,0xfa,0xff,0x83,0x03,0xa3,ff fa ff 83 03 a3 00 00
2025-10-25 13:23:41,9.31,0xff,0xfa,0xff,0x83,0x03,0xa3,ff fa ff 83 03 a3 00 00
2025-10-25 13:23:41,9.31,0xff,0xfa,0xff,0x83,0x03,0xa3,ff fa ff 83 03 a3 00 00
2025-10-25 13:23:41,9.31,0xff,0xfa,0xff,0x83,0x03,0xa3,ff fa ff 83 03 a3 00 00
2025-10-25 13:23:41,9.31,0xff,0xfa,0xff,0x83,0x03,0xa3,ff fa ff 83 03 a3 00 00
2025-10-25 13:23:41,9.31,0xff,0xfa,0xff,0x83,0x03,0xa3,ff fa ff 83 03 a3 00 00
2025-10-25 13:23:41,9.31,0xff,0xfa,0xff,0x83,0x03,0xa3,ff fa ff 83 03 a3 00 00
2025-10-25 13:23:41,9.31,0xff,0xfa,0xff,0x83,0x03,0xa3,ff fa ff 83 03 a3 00 00
2025-10-25 13:23:42,9.31,0xff,0xfa,0xff,0x83,0x03,0xa3,ff fa ff 83 03 a3 00 00
2025-10-25 13:23:42,9.31,0xff,0xfa,0xff,0x83,0x03,0xa3,ff fa ff 83 03 a3 00 00
2025-10-25 13:23:42,9.31,0xff,0xfa,0xff,0x83,0x03,0xa3,ff fa ff 83 03 a3 00 00
2025-10-25 13:23:42,9.31,0xff,0xfa,0xff,0x83,0x03,0xa3,ff fa ff 83 03 a3 00 00
2025-10-25 13:23:42,9.31,0xff,0xfa,0xff,0x83,0x03,0xa3,ff fa ff 83 03 a3 00 00
2025-10-25 13:23:42,9.31,0xff,0xfa,0xff,0x83,0x03,0xa3,ff fa ff 83 03 a3 00 00
2025-10-25 13:23:42,10.43,0xff,0xfa,0xff,0x8a,0x04,0x13,ff fa ff 8a 04 13 00 00
2025-10-25 13:23:42,10.43,0xff,0xfa,0xff,0x8a,0x04,0x13,ff fa ff 8a 04 13 00 00
2025-10-25 13:23:42,10.43,0xff,0xfa,0xff,0x8a,0x04,0x13,ff fa ff 8a 04 13 00 00
2025-10-25 13:23:42,10.93,0xff,0xfa,0xff,0x8a,0x04,0x45,ff fa ff 8a 04 45 00 00
2025-10-25 13:23:42,10.93,0xff,0xfa,0xff,0x8a,0x04,0x45,ff fa ff 8a 04 45 00 00
2025-10-25 13:23:42,11.31,0xff,0xfa,0xff,0x8a,0x04,0x6b,ff fa ff 8a 04 6b 00 00
2025-10-25 13:23:42,11.31,0xff,0xfa,0xff,0x8a,0x04,0x6b,ff fa ff 8a 04 6b 00 00
2025-10-25 13:23:42,11.31,0xff,0xfa,0xff,0x8a,0x04,0x6b,ff fa ff 8a 04 6b 00 00
2025-10-25 13:23:42,11.43,0xff,0xfa,0xff,0x8a,0x04,0x77,ff fa ff 8a 04 77 00 00
2025-10-25 13:23:42,11.43,0xff,0xfa,0xff,0x8a,0x04,0x77,ff fa ff 8a 04 77 00 00
2025-10-25 13:23:42,11.75,0xff,0xfa,0xff,0x83,0x04,0x97,ff fa ff 83 04 97 00 00
2025-10-25 13:23:42,11.75,0xff,0xfa,0xff,0x83,0x04,0x97,ff fa ff 83 04 97 00 00
2025-10-25 13:23:42,11.75,0xff,0xfa,0xff,0x83,0x04,0x97,ff fa ff 83 04 97 00 00
2025-10-25 13:23:42,12,0xff,0xfa,0xff,0x83,0x04,0xb0,ff fa ff 83 04 b0 00 00
2025-10-25 13:23:42,12,0xff,0xfa,0xff,0x83,0x04,0xb0,ff fa ff 83 04 b0 00 00
2025-10-25 13:23:42,12,0xff,0xfa,0xff,0x83,0x04,0xb0,ff fa ff 83 04 b0 00 00
2025-10-25 13:23:42,12.31,0xff,0xfa,0xff,0x83,0x04,0xcf,ff fa ff 83 04 cf 00 00
2025-10-25 13:23:42,12.31,0xff,0xfa,0xff,0x83,0x04,0xcf,ff fa ff 83 04 cf 00 00
2025-10-25 13:23:42,12.31,0xff,0xfa,0xff,0x83,0x04,0xcf,ff fa ff 83 04 cf 00 00
2025-10-25 13:23:42,12.31,0xff,0xfa,0xff,0x83,0x04,0xcf,ff fa ff 83 04 cf 00 00
2025-10-25 13:23:42,12.31,0xff,0xfa,0xff,0x83,0x04,0xcf,ff fa ff 83 04 cf 00 00
2025-10-25 13:23:42,12.31,0xff,0xfa,0xff,0x83,0x04,0xcf,ff fa ff 83 04 cf 00 00
2025-10-25 13:23:42,12.31,0xff,0xfa,0xff,0x83,0x04,0xcf,ff fa ff 83 04 cf 00 00
2025-10-25 13:23:42,12.31,0xff,0xfa,0xff,0x83,0x04,0xcf,ff fa ff 83 04 cf 00 00
2025-10-25 13:23:42,12.31,0xff,0xfa,0xff,0x83,0x04,0xcf,ff fa ff 83 04 cf 00 00
2025-10-25 13:23:42,12.31,0xff,0xfa,0xff,0x83,0x04,0xcf,ff fa ff 83 04 cf 00 00
2025-10-25 13:23:42,12.31,0xff,0xfa,0xff,0x83,0x04,0xcf,ff fa ff 83 04 cf 00 00
2025-10-25 13:23:42,12.31,0xff,0xfa,0xff,0x83,0x04,0xcf,ff fa ff 83 04 cf 00 00
2025-10-25 13:23:42,12.31,0xff,0xfa,0xff,0x83,0x04,0xcf,ff fa ff 83 04 cf 00 00
2025-10-25 13:23:42,12.31,0xff,0xfa,0xff,0x83,0x04,0xcf,ff fa ff 83 04 cf 00 00
2025-10-25 13:23:42,12.31,0xff,0xfa,0xff,0x83,0x04,0xcf,ff fa ff 83 04 cf 00 00
2025-10-25 13:23:42,12.31,0xff,0xfa,0xff,0x83,0x04,0xcf,ff fa ff 83 04 cf 00 00
2025-10-25 13:23:42,12.31,0xff,0xfa,0xff,0x83,0x04,0xcf,ff fa ff 83 04 cf 00 00
2025-10-25 13:23:42,12.31,0xff,0xfa,0xff,0x83,0x04,0xcf,ff fa ff 83 04 cf 00 00
2025-10-25 13:23:42,12.31,0xff,0xfa,0xff,0x83,0x04,0xcf,ff fa ff 83 04 cf 00 00
2025-10-25 13:23:42,12.31,0xff,0xfa,0xff,0x83,0x04,0xcf,ff fa ff 83 04 cf 00 00
2025-10-25 13:23:42,12.31,0xff,0xfa,0xff,0x83,0x04,0xcf,ff fa ff 83 04 cf 00 00
2025-10-25 13:23:42,12.25,0xff,0xdb,0xff,0xb5,0x04,0xc9,ff db ff b5 04 c9 00 00
2025-10-25 13:23:42,12.25,0xff,0xdb,0xff,0xb5,0x04,0xc9,ff db ff b5 04 c9 00 00
2025-10-25 13:23:42,13.37,0xff,0xd5,0xff,0xb5,0x05,0x39,ff d5 ff b5 05 39 00 00
2025-10-25 13:23:42,13.37,0xff,0xd5,0xff,0xb5,0x05,0x39,ff d5 ff b5 05 39 00 00
2025-10-25 13:23:42,13.37,0xff,0xd5,0xff,0xb5,0x05,0x39,ff d5 ff b5 05 39 00 00
2025-10-25 13:23:42,14.56,0xff,0xc8,0xff,0x96,0x05,0xb0,ff c8 ff 96 05 b0 00 00
2025-10-25 13:23:42,14.56,0xff,0xc8,0xff,0x96,0x05,0xb0,ff c8 ff 96 05 b0 00 00
2025-10-25 13:23:42,14.81,0xff,0xd5,0xff,0x90,0x05,0xc9,ff d5 ff 90 05 c9 00 00
2025-10-25 13:23:42,14.81,0xff,0xd5,0xff,0x90,0x05,0xc9,ff d5 ff 90 05 c9 00 00
2025-10-25 13:23:43,14.81,0xff,0xd5,0xff,0x90,0x05,0xc9,ff d5 ff 90 05 c9 00 00
2025-10-25 13:23:43,15.12,0xff,0xce,0xff,0x90,0x05,0xe8,ff ce ff 90 05 e8 00 00
2025-10-25 13:23:43,15.12,0xff,0xce,0xff,0x90,0x05,0xe8,ff ce ff 90 05 e8 00 00
2025-10-25 13:23:43,15.12,0xff,0xce,0xff,0x90,0x05,0xe8,ff ce ff 90 05 e8 00 00
2025-10-25 13:23:43,15.37,0xff,0xaf,0xff,0xa3,0x06,0x01,ff af ff a3 06 01 00 00
2025-10-25 13:23:43,15.37,0xff,0xaf,0xff,0xa3,0x06,0x01,ff af ff a3 06 01 00 00
2025-10-25 13:23:43,15.5,0xff,0xbc,0xff,0xce,0x06,0x0e,ff bc ff ce 06 0e 00 00
2025-10-25 13:23:43,15.5,0xff,0xbc,0xff,0xce,0x06,0x0e,ff bc ff ce 06 0e 00 00
2025-10-25 13:23:43,15.5,0xff,0xbc,0xff,0xce,0x06,0x0e,ff bc ff ce 06 0e 00 00
2025-10-25 13:23:43,15.5,0xff,0x9c,0xff,0xbc,0x06,0x0e,ff 9c ff bc 06 0e 00 00
2025-10-25 13:23:43,15.5,0xff,0x9c,0xff,0xbc,0x06,0x0e,ff 9c ff bc 06 0e 00 00
2025-10-25 13:23:43,15.5,0xff,0x9c,0xff,0xbc,0x06,0x0e,ff 9c ff bc 06 0e 00 00
2025-10-25 13:23:43,15.56,0xff,0x7d,0xff,0x8a,0x06,0x14,ff 7d ff 8a 06 14 00 00
2025-10-25 13:23:43,15.56,0xff,0x7d,0xff,0x8a,0x06,0x14,ff 7d ff 8a 06 14 00 00
2025-10-25 13:23:43,15.37,0xff,0xbc,0xff,0x7d,0x06,0x01,ff bc ff 7d 06 01 00 00
2025-10-25 13:23:43,15.37,0xff,0xbc,0xff,0x7d,0x06,0x01,ff bc ff 7d 06 01 00 00
2025-10-25 13:23:43,15.37,0xff,0xbc,0xff,0x7d,0x06,0x01,ff bc ff 7d 06 01 00 00
2025-10-25 13:23:43,15,0xff,0xf4,0xff,0x83,0x05,0xdc,ff f4 ff 83 05 dc 00 00
2025-10-25 13:23:43,15,0xff,0xf4,0xff,0x83,0x05,0xdc,ff f4 ff 83 05 dc 00 00
2025-10-25 13:23:43,15,0xff,0xf4,0xff,0x83,0x05,0xdc,ff f4 ff 83 05 dc 00 00
2025-10-25 13:23:43,15.12,0xff,0xfa,0xff,0x6a,0x05,0xe8,ff fa ff 6a 05 e8 00 00
2025-10-25 13:23:43,15.12,0xff,0xfa,0xff,0x6a,0x05,0xe8,ff fa ff 6a 05 e8 00 00
2025-10-25 13:23:43,15.12,0xff,0xd5,0xff,0x58,0x05,0xe8,ff d5 ff 58 05 e8 00 00
2025-10-25 13:23:43,15.12,0xff,0xd5,0xff,0x58,0x05,0xe8,ff d5 ff 58 05 e8 00 00
2025-10-25 13:23:43,15.12,0xff,0xd5,0xff,0x58,0x05,0xe8,ff d5 ff 58 05 e8 00 00
2025-10-25 13:23:43,15.12,0xff,0xdb,0xff,0x71,0x05,0xe8,ff db ff 71 05 e8 00 00
2025-10-25 13:23:43,15.12,0xff,0xdb,0xff,0x71,0x05,0xe8,ff db ff 71 05 e8 00 00
2025-10-25 13:23:43,15.37,0xff,0xc8,0xff,0x77,0x06,0x01,ff c8 ff 77 06 01 00 00
2025-10-25 13:23:43,15.37,0xff,0xc8,0xff,0x77,0x06,0x01,ff c8 ff 77 06 01 00 00
2025-10-25 13:23:43,15.37,0xff,0xc8,0xff,0x77,0x06,0x01,ff c8 ff 77 06 01 00 00
2025-10-25 13:23:43,15.37,0xff,0xc2,0xff,0x77,0x06,0x01,ff c2 ff 77 06 01 00 00
2025-10-25 13:23:43,15.37,0xff,0xc2,0xff,0x77,0x06,0x01,ff c2 ff 77 06 01 00 00
2025-10-25 13:23:43,15,0xff,0xdb,0xff,0x90,0x05,0xdc,ff db ff 90 05 dc 00 00
2025-10-25 13:23:43,15,0xff,0xdb,0xff,0x90,0x05,0xdc,ff db ff 90 05 dc 00 00
2025-10-25 13:23:43,15,0xff,0xdb,0xff,0x90,0x05,0xdc,ff db ff 90 05 dc 00 00
2025-10-25 13:23:43,14.93,0xff,0xf4,0xff,0xa9,0x05,0xd5,ff f4 ff a9 05 d5 00 00
2025-10-25 13:23:43,14.93,0xff,0xf4,0xff,0xa9,0x05,0xd5,ff f4 ff a9 05 d5 00 00
2025-10-25 13:23:43,14.93,0xff,0xf4,0xff,0xa9,0x05,0xd5,ff f4 ff a9 05 d5 00 00
2025-10-25 13:23:43,14.93,0xff,0xf4,0xff,0xaf,0x05,0xd5,ff f4 ff af 05 d5 00 00
2025-10-25 13:23:43,14.93,0xff,0xf4,0xff,0xaf,0x05,0xd5,ff f4 ff af 05 d5 00 00
2025-10-25 13:23:43,14.93,0xff,0xf4,0xff,0xaf,0x05,0xd5,ff f4 ff af 05 d5 00 00
2025-10-25 13:23:43,14.93,0xff,0xf4,0xff,0xaf,0x05,0xd5,ff f4 ff af 05 d5 00 00
2025-10-25 13:23:43,14.93,0xff,0xf4,0xff,0xaf,0x05,0xd5,ff f4 ff af 05 d5 00 00
2025-10-25 13:23:43,15.31,0xff,0xbc,0xff,0x9c,0x05,0xfb,ff bc ff 9c 05 fb 00 00
2025-10-25 13:23:43,15.31,0xff,0xbc,0xff,0x9c,0x05,0xfb,ff bc ff 9c 05 fb 00 00
2025-10-25 13:23:43,15.18,0xff,0xa9,0xff,0xa9,0x05,0xee,ff a9 ff a9 05 ee 00 00
2025-10-25 13:23:43,15.18,0xff,0xa9,0xff,0xa9,0x05,0xee,ff a9 ff a9 05 ee 00 00
2025-10-25 13:23:43,15.18,0xff,0xa9,0xff,0xa9,0x05,0xee,ff a9 ff a9 05 ee 00 00
2025-10-25 13:23:43,15.31,0xff,0xb5,0xff,0x9c,0x05,0xfb,ff b5 ff 9c 05 fb 00 00
2025-10-25 13:23:43,15.31,0xff,0xb5,0xff,0x9c,0x05,0xfb,ff b5 ff 9c 05 fb 00 00
2025-10-25 13:23:43,15.31,0xff,0xb5,0xff,0x9c,0x05,0xfb,ff b5 ff 9c 05 fb 00 00
2025-10-25 13:23:43,15.31,0xff,0xce,0xff,0x90,0x05,0xfb,ff ce ff 90 05 fb 00 00
2025-10-25 13:23:44,15.31,0xff,0xce,0xff,0x90,0x05,0xfb,ff ce ff 90 05 fb 00 00
2025-10-25 13:23:44,15,0xff,0xee,0xff,0x8a,0x05,0xdc,ff ee ff 8a 05 dc 00 00
2025-10-25 13:23:44,15,0xff,0xee,0xff,0x8a,0x05,0xdc,ff ee ff 8a 05 dc 00 00
2025-10-25 13:23:44,15,0xff,0xee,0xff,0x8a,0x05,0xdc,ff ee ff 8a 05 dc 00 00
2025-10-25 13:23:44,15,0xff,0xf4,0xff,0x8a,0x05,0xdc,ff f4 ff 8a 05 dc 00 00
2025-10-25 13:23:44,15,0xff,0xf4,0xff,0x8a,0x05,0xdc,ff f4 ff 8a 05 dc 00 00
2025-10-25 13:23:44,15,0xff,0xf4,0xff,0x8a,0x05,0xdc,ff f4 ff 8a 05 dc 00 00
2025-10-25 13:23:44,15.31,0xff,0xd5,0xff,0x90,0x05,0xfb,ff d5 ff 90 05 fb 00 00
2025-10-25 13:23:44,15.31,0xff,0xd5,0xff,0x90,0x05,0xfb,ff d5 ff 90 05 fb 00 00
2025-10-25 13:23:44,15.31,0xff,0xd5,0xff,0x90,0x05,0xfb,ff d5 ff 90 05 fb 00 00
2025-10-25 13:23:44,15.31,0xff,0xd5,0xff,0x90,0x05,0xfb,ff d5 ff 90 05 fb 00 00
2025-10-25 13:23:44,15.31,0xff,0xd5,0xff,0x90,0x05,0xfb,ff d5 ff 90 05 fb 00 00
2025-10-25 13:23:44,16.62,0xff,0xc8,0xff,0x77,0x06,0x7e,ff c8 ff 77 06 7e 00 00
2025-10-25 13:23:44,16.62,0xff,0xc8,0xff,0x77,0x06,0x7e,ff c8 ff 77 06 7e 00 00
2025-10-25 13:23:44,16.62,0xff,0xc8,0xff,0x77,0x06,0x7e,ff c8 ff 77 06 7e 00 00
2025-10-25 13:23:44,17.12,0xff,0xaf,0xff,0x51,0x06,0xb0,ff af ff 51 06 b0 00 00
2025-10-25 13:23:44,17.12,0xff,0xaf,0xff,0x51,0x06,0xb0,ff af ff 51 06 b0 00 00
2025-10-25 13:23:44,17.75,0xff,0xa9,0xff,0x6a,0x06,0xef,ff a9 ff 6a 06 ef 00 00
2025-10-25 13:23:44,17.75,0xff,0xa9,0xff,0x6a,0x06,0xef,ff a9 ff 6a 06 ef 00 00
2025-10-25 13:23:44,17.75,0xff,0xa9,0xff,0x6a,0x06,0xef,ff a9 ff 6a 06 ef 00 00
2025-10-25 13:23:44,17.62,0xff,0xc2,0xff,0x9c,0x06,0xe2,ff c2 ff 9c 06 e2 00 00
2025-10-25 13:23:44,17.62,0xff,0xc2,0xff,0x9c,0x06,0xe2,ff c2 ff 9c 06 e2 00 00
2025-10-25 13:23:44,17.87,0xff,0xbc,0xff,0x9c,0x06,0xfb,ff bc ff 9c 06 fb 00 00
2025-10-25 13:23:44,17.87,0xff,0xbc,0xff,0x9c,0x06,0xfb,ff bc ff 9c 06 fb 00 00
2025-10-25 13:23:44,17.87,0xff,0xbc,0xff,0x9c,0x06,0xfb,ff bc ff 9c 06 fb 00 00
2025-10-25 13:23:44,17.62,0xff,0xf4,0xff,0x83,0x06,0xe2,ff f4 ff 83 06 e2 00 00
2025-10-25 13:23:44,17.62,0xff,0xf4,0xff,0x83,0x06,0xe2,ff f4 ff 83 06 e2 00 00
2025-10-25 13:23:44,17.62,0xff,0xf4,0xff,0x83,0x06,0xe2,ff f4 ff 83 06 e2 00 00
2025-10-25 13:23:44,17.81,0xff,0xfa,0xff,0x6a,0x06,0xf5,ff fa ff 6a 06 f5 00 00
2025-10-25 13:23:44,17.81,0xff,0xfa,0xff,0x6a,0x06,0xf5,ff fa ff 6a 06 f5 00 00
2025-10-25 13:23:44,17.81,0xff,0xe7,0xff,0x6a,0x06,0xf5,ff e7 ff 6a 06 f5 00 00
2025-10-25 13:23:44,17.81,0xff,0xe7,0xff,0x6a,0x06,0xf5,ff e7 ff 6a 06 f5 00 00
2025-10-25 13:23:44,17.81,0xff,0xe7,0xff,0x6a,0x06,0xf5,ff e7 ff 6a 06 f5 00 00
2025-10-25 13:23:44,18.06,0xff,0xce,0xff,0x71,0x07,0x0e,ff ce ff 71 07 0e 00 00
2025-10-25 13:23:44,18.06,0xff,0xce,0xff,0x71,0x07,0x0e,ff ce ff 71 07 0e 00 00
2025-10-25 13:23:44,18.06,0xff,0xce,0xff,0x71,0x07,0x0e,ff ce ff 71 07 0e 00 00
2025-10-25 13:23:44,18,0xff,0xbc,0xff,0x9c,0x07,0x08,ff bc ff 9c 07 08 00 00
2025-10-25 13:23:44,18,0xff,0xbc,0xff,0x9c,0x07,0x08,ff bc ff 9c 07 08 00 00
2025-10-25 13:23:44,18,0xff,0xaf,0xff,0xa3,0x07,0x08,ff af ff a3 07 08 00 00
2025-10-25 13:23:44,18,0xff,0xaf,0xff,0xa3,0x07,0x08,ff af ff a3 07 08 00 00
2025-10-25 13:23:44,18,0xff,0xaf,0xff,0xa3,0x07,0x08,ff af ff a3 07 08 00 00
2025-10-25 13:23:44,18,0xff,0xc2,0xff,0x96,0x07,0x08,ff c2 ff 96 07 08 00 00
2025-10-25 13:23:44,18,0xff,0xc2,0xff,0x96,0x07,0x08,ff c2 ff 96 07 08 00 00
2025-10-25 13:23:44,18,0xff,0xc2,0xff,0x96,0x07,0x08,ff c2 ff 96 07 08 00 00
2025-10-25 13:23:44,18,0xff,0xc2,0xff,0x96,0x07,0x08,ff c2 ff 96 07 08 00 00
2025-10-25 13:23:44,18,0xff,0xc2,0xff,0x96,0x07,0x08,ff c2 ff 96 07 08 00 00
2025-10-25 13:23:44,18,0xff,0xc2,0xff,0x96,0x07,0x08,ff c2 ff 96 07 08 00 00
2025-10-25 13:23:44,18,0xff,0xc2,0xff,0x96,0x07,0x08,ff c2 ff 96 07 08 00 00
2025-10-25 13:23:44,18,0xff,0xc2,0xff,0x96,0x07,0x08,ff c2 ff 96 07 08 00 00
2025-10-25 13:23:44,18,0xff,0xc2,0xff,0x96,0x07,0x08,ff c2 ff 96 07 08 00 00
2025-10-25 13:23:44,18,0xff,0xc2,0xff,0x96,0x07,0x08,ff c2 ff 96 07 08 00 00
2025-10-25 13:23:44,18,0xff,0xc2,0xff,0x96,0x07,0x08,ff c2 ff 96 07 08 00 00
2025-10-25 13:23:44,18,0xff,0xc2,0xff,0x96,0x07,0x08,ff c2 ff 96 07 08 00 00
2025-10-25 13:23:45,18,0xff,0xc2,0xff,0x96,0x07,0x08,ff c2 ff 96 07 08 00 00
2025-10-25 13:23:45,18,0xff,0xc2,0xff,0x96,0x07,0x08,ff c2 ff 96 07 08 00 00
2025-10-25 13:23:45,18,0xff,0xc2,0xff,0x96,0x07,0x08,ff c2 ff 96 07 08 00 00
2025-10-25 13:23:45,19.12,0xff,0xc2,0xff,0x96,0x07,0x78,ff c2 ff 96 07 78 00 00
2025-10-25 13:23:45,19.12,0xff,0xc2,0xff,0x96,0x07,0x78,ff c2 ff 96 07 78 00 00
2025-10-25 13:23:45,19.12,0xff,0xc2,0xff,0x96,0x07,0x78,ff c2 ff 96 07 78 00 00
2025-10-25 13:23:45,19.5,0xff,0xc2,0xff,0x96,0x07,0x9e,ff c2 ff 96 07 9e 00 00
2025-10-25 13:23:45,19.5,0xff,0xc2,0xff,0x96,0x07,0x9e,ff c2 ff 96 07 9e 00 00
2025-10-25 13:23:45,19.5,0xff,0xc2,0xff,0x96,0x07,0x9e,ff c2 ff 96 07 9e 00 00
2025-10-25 13:23:45,19.75,0xff,0xc2,0xff,0x96,0x07,0xb7,ff c2 ff 96 07 b7 00 00
2025-10-25 13:23:45,19.75,0xff,0xc2,0xff,0x96,0x07,0xb7,ff c2 ff 96 07 b7 00 00
2025-10-25 13:23:45,19.75,0xff,0xc2,0xff,0x96,0x07,0xb7,ff c2 ff 96 07 b7 00 00
2025-10-25 13:23:45,19.75,0xff,0xc2,0xff,0x96,0x07,0xb7,ff c2 ff 96 07 b7 00 00
2025-10-25 13:23:45,19.75,0xff,0xc2,0xff,0x96,0x07,0xb7,ff c2 ff 96 07 b7 00 00
2025-10-25 13:23:45,19.81,0xff,0xc2,0xff,0x96,0x07,0xbd,ff c2 ff 96 07 bd 00 00
2025-10-25 13:23:45,19.81,0xff,0xc2,0xff,0x96,0x07,0xbd,ff c2 ff 96 07 bd 00 00
2025-10-25 13:23:45,19.81,0xff,0xc2,0xff,0x96,0x07,0xbd,ff c2 ff 96 07 bd 00 00
2025-10-25 13:23:45,19.81,0xff,0xc2,0xff,0x96,0x07,0xbd,ff c2 ff 96 07 bd 00 00
2025-10-25 13:23:45,19.81,0xff,0xc2,0xff,0x96,0x07,0xbd,ff c2 ff 96 07 bd 00 00
2025-10-25 13:23:45,20.12,0xff,0xc2,0xff,0x96,0x07,0xdc,ff c2 ff 96 07 dc 00 00
2025-10-25 13:23:45,20.12,0xff,0xc2,0xff,0x96,0x07,0xdc,ff c2 ff 96 07 dc 00 00
2025-10-25 13:23:45,20.12,0xff,0xc2,0xff,0x96,0x07,0xdc,ff c2 ff 96 07 dc 00 00
2025-10-25 13:23:45,20.12,0xff,0xc2,0xff,0x96,0x07,0xdc,ff c2 ff 96 07 dc 00 00
2025-10-25 13:23:45,20.12,0xff,0xc2,0xff,0x96,0x07,0xdc,ff c2 ff 96 07 dc 00 00
2025-10-25 13:23:45,20.12,0xff,0xc2,0xff,0x96,0x07,0xdc,ff c2 ff 96 07 dc 00 00
2025-10-25 13:23:45,20.12,0xff,0xc2,0xff,0x96,0x07,0xdc,ff c2 ff 96 07 dc 00 00
2025-10-25 13:23:45,20.12,0xff,0xc2,0xff,0x96,0x07,0xdc,ff c2 ff 96 07 dc 00 00
2025-10-25 13:23:45,20.12,0xff,0xc2,0xff,0x96,0x07,0xdc,ff c2 ff 96 07 dc 00 00
2025-10-25 13:23:45,20.12,0xff,0xc2,0xff,0x96,0x07,0xdc,ff c2 ff 96 07 dc 00 00
2025-10-25 13:23:45,20.12,0xff,0xc2,0xff,0x96,0x07,0xdc,ff c2 ff 96 07 dc 00 00
2025-10-25 13:23:45,20.12,0xff,0xc2,0xff,0x96,0x07,0xdc,ff c2 ff 96 07 dc 00 00
2025-10-25 13:23:45,20.12,0xff,0xc2,0xff,0x96,0x07,0xdc,ff c2 ff 96 07 dc 00 00
2025-10-25 13:23:45,20.12,0xff,0xc2,0xff,0x96,0x07,0xdc,ff c2 ff 96 07 dc 00 00
2025-10-25 13:23:45,20.12,0xff,0xc2,0xff,0x96,0x07,0xdc,ff c2 ff 96 07 dc 00 00
2025-10-25 13:23:45,20.12,0xff,0xc2,0xff,0x96,0x07,0xdc,ff c2 ff 96 07 dc 00 00
2025-10-25 13:23:45,20.12,0xff,0xc2,0xff,0x96,0x07,0xdc,ff c2 ff 96 07 dc 00 00
2025-10-25 13:23:45,20.12,0xff,0xc2,0xff,0x96,0x07,0xdc,ff c2 ff 96 07 dc 00 00
2025-10-25 13:23:45,20.12,0xff,0xc2,0xff,0x96,0x07,0xdc,ff c2 ff 96 07 dc 00 00
2025-10-25 13:23:45,20.12,0xff,0xc2,0xff,0x96,0x07,0xdc,ff c2 ff 96 07 dc 00 00
2025-10-25 13:23:45,20.12,0xff,0xc2,0xff,0x96,0x07,0xdc,ff c2 ff 96 07 dc 00 00
2025-10-25 13:23:45,20.12,0xff,0xc2,0xff,0x96,0x07,0xdc,ff c2 ff 96 07 dc 00 00
2025-10-25 13:23:45,20.12,0xff,0xc2,0xff,0x96,0x07,0xdc,ff c2 ff 96 07 dc 00 00
2025-10-25 13:23:45,20.12,0xff,0xc2,0xff,0x96,0x07,0xdc,ff c2 ff 96 07 dc 00 00
2025-10-25 13:23:45,20.12,0xff,0xc2,0xff,0x96,0x07,0xdc,ff c2 ff 96 07 dc 00 00
2025-10-25 13:23:45,20.12,0xff,0xc2,0xff,0x96,0x07,0xdc,ff c2 ff 96 07 dc 00 00
2025-10-25 13:23:45,20.12,0xff,0xc2,0xff,0x96,0x07,0xdc,ff c2 ff 96 07 dc 00 00
2025-10-25 13:23:45,20.12,0xff,0xc2,0xff,0x96,0x07,0xdc,ff c2 ff 96 07 dc 00 00
2025-10-25 13:23:45,20.12,0xff,0xc2,0xff,0x96,0x07,0xdc,ff c2 ff 96 07 dc 00 00
2025-10-25 13:23:45,20.12,0xff,0xc2,0xff,0x96,0x07,0xdc,ff c2 ff 96 07 dc 00 00
2025-10-25 13:23:45,20.12,0xff,0xc2,0xff,0x96,0x07,0xdc,ff c2 ff 96 07 dc 00 00
2025-10-25 13:23:45,20.12,0xff,0xc2,0xff,0x96,0x07,0xdc,ff c2 ff 96 07 dc 00 00
2025-10-25 13:23:45,20.12,0xff,0xc2,0xff,0x96,0x07,0xdc,ff c2 ff 96 07 dc 00 00
2025-10-25 13:23:46,20.12,0xff,0xc2,0xff,0x96,0x07,0xdc,ff c2 ff 96 07 dc 00 00
2025-10-25 13:23:46,20.12,0xff,0xc2,0xff,0x96,0x07,0xdc,ff c2 ff 96 07 dc 00 00
2025-10-25 13:23:46,20.12,0xff,0xc2,0xff,0x96,0x07,0xdc,ff c2 ff 96 07 dc 00 00
2025-10-25 13:23:46,20.12,0xff,0xc2,0xff,0x96,0x07,0xdc,ff c2 ff 96 07 dc 00 00
2025-10-25 13:23:46,20.12,0xff,0xc2,0xff,0x96,0x07,0xdc,ff c2 ff 96 07 dc 00 00
2025-10-25 13:23:46,20.12,0xff,0xc2,0xff,0x96,0x07,0xdc,ff c2 ff 96 07 dc 00 00
2025-10-25 13:23:46,20.12,0xff,0xc2,0xff,0x96,0x07,0xdc,ff c2 ff 96 07 dc 00 00
2025-10-25 13:23:46,20.12,0xff,0xc2,0xff,0x96,0x07,0xdc,ff c2 ff 96 07 dc 00 00
2025-10-25 13:23:46,20.12,0xff,0xc2,0xff,0x96,0x07,0xdc,ff c2 ff 96 07 dc 00 00
2025-10-25 13:23:46,20.12,0xff,0xc2,0xff,0x96,0x07,0xdc,ff c2 ff 96 07 dc 00 00
2025-10-25 13:23:46,20.12,0xff,0xc2,0xff,0x96,0x07,0xdc,ff c2 ff 96 07 dc 00 00
2025-10-25 13:23:46,20.12,0xff,0xc2,0xff,0x96,0x07,0xdc,ff c2 ff 96 07 dc 00 00
2025-10-25 13:23:46,20.12,0xff,0xc2,0xff,0x96,0x07,0xdc,ff c2 ff 96 07 dc 00 00
2025-10-25 13:23:46,20.12,0xff,0xc2,0xff,0x96,0x07,0xdc,ff c2 ff 96 07 dc 00 00
2025-10-25 13:23:46,20.12,0xff,0xc2,0xff,0x96,0x07,0xdc,ff c2 ff 96 07 dc 00 00
2025-10-25 13:23:46,20.12,0xff,0xc2,0xff,0x96,0x07,0xdc,ff c2 ff 96 07 dc 00 00
2025-10-25 13:23:46,20.12,0xff,0xc2,0xff,0x96,0x07,0xdc,ff c2 ff 96 07 dc 00 00
2025-10-25 13:23:46,20.12,0xff,0xc2,0xff,0x96,0x07,0xdc,ff c2 ff 96 07 dc 00 00
2025-10-25 13:23:46,20.12,0xff,0xc2,0xff,0x96,0x07,0xdc,ff c2 ff 96 07 dc 00 00
2025-10-25 13:23:46,20.12,0xff,0xc2,0xff,0x96,0x07,0xdc,ff c2 ff 96 07 dc 00 00
2025-10-25 13:23:46,20.12,0xff,0xc2,0xff,0x96,0x07,0xdc,ff c2 ff 96 07 dc 00 00
2025-10-25 13:23:46,20.12,0xff,0xc2,0xff,0x96,0x07,0xdc,ff c2 ff 96 07 dc 00 00
2025-10-25 13:23:46,20.12,0xff,0xc2,0xff,0x96,0x07,0xdc,ff c2 ff 96 07 dc 00 00
2025-10-25 13:23:46,20.12,0xff,0xc2,0xff,0x96,0x07,0xdc,ff c2 ff 96 07 dc 00 00
2025-10-25 13:23:46,20.12,0xff,0xc2,0xff,0x96,0x07,0xdc,ff c2 ff 96 07 dc 00 00
2025-10-25 13:23:46,21.31,0xff,0xc2,0xff,0x96,0x08,0x53,ff c2 ff 96 08 53 00 00
2025-10-25 13:23:46,21.31,0xff,0xc2,0xff,0x96,0x08,0x53,ff c2 ff 96 08 53 00 00
2025-10-25 13:23:46,21.81,0xff,0xc2,0xff,0x96,0x08,0x85,ff c2 ff 96 08 85 00 00
2025-10-25 13:23:46,21.81,0xff,0xc2,0xff,0x96,0x08,0x85,ff c2 ff 96 08 85 00 00
2025-10-25 13:23:46,21.81,0xff,0xc2,0xff,0x96,0x08,0x85,ff c2 ff 96 08 85 00 00
2025-10-25 13:23:46,22.43,0xff,0xc2,0xff,0x96,0x08,0xc3,ff c2 ff 96 08 c3 00 00
2025-10-25 13:23:46,22.43,0xff,0xc2,0xff,0x96,0x08,0xc3,ff c2 ff 96 08 c3 00 00
2025-10-25 13:23:46,22.75,0xff,0xc2,0xff,0x96,0x08,0xe3,ff c2 ff 96 08 e3 00 00
2025-10-25 13:23:46,22.75,0xff,0xc2,0xff,0x96,0x08,0xe3,ff c2 ff 96 08 e3 00 00
2025-10-25 13:23:46,22.75,0xff,0xc2,0xff,0x96,0x08,0xe3,ff c2 ff 96 08 e3 00 00
2025-10-25 13:23:46,22.75,0xff,0xc2,0xff,0x96,0x08,0xe3,ff c2 ff 96 08 e3 00 00
2025-10-25 13:23:46,22.75,0xff,0xc2,0xff,0x96,0x08,0xe3,ff c2 ff 96 08 e3 00 00
2025-10-25 13:23:46,22.87,0xff,0xc2,0xff,0x96,0x08,0xef,ff c2 ff 96 08 ef 00 00
2025-10-25 13:23:46,22.87,0xff,0xc2,0xff,0x96,0x08,0xef,ff c2 ff 96 08 ef 00 00
2025-10-25 13:23:46,22.87,0xff,0xc2,0xff,0x96,0x08,0xef,ff c2 ff 96 08 ef 00 00
2025-10-25 13:23:46,23,0xff,0xc2,0xff,0x96,0x08,0xfc,ff c2 ff 96 08 fc 00 00
2025-10-25 13:23:46,23,0xff,0xc2,0xff,0x96,0x08,0xfc,ff c2 ff 96 08 fc 00 00
2025-10-25 13:23:46,23,0xff,0xc2,0xff,0x96,0x08,0xfc,ff c2 ff 96 08 fc 00 00
2025-10-25 13:23:46,23,0xff,0xc2,0xff,0x96,0x08,0xfc,ff c2 ff 96 08 fc 00 00
2025-10-25 13:23:46,23,0xff,0xc2,0xff,0x96,0x08,0xfc,ff c2 ff 96 08 fc 00 00
2025-10-25 13:23:46,23,0xff,0xc2,0xff,0x96,0x08,0xfc,ff c2 ff 96 08 fc 00 00
2025-10-25 13:23:46,23,0xff,0xc2,0xff,0x96,0x08,0xfc,ff c2 ff 96 08 fc 00 00
2025-10-25 13:23:46,23,0xff,0xc2,0xff,0x96,0x08,0xfc,ff c2 ff 96 08 fc 00 00
2025-10-25 13:23:46,23,0xff,0xc2,0xff,0x96,0x08,0xfc,ff c2 ff 96 08 fc 00 00
2025-10-25 13:23:46,23,0xff,0xc2,0xff,0x96,0x08,0xfc,ff c2 ff 96 08 fc 00 00
2025-10-25 13:23:46,23,0xff,0xc2,0xff,0x96,0x08,0xfc,ff c2 ff 96 08 fc 00 00
2025-10-25 13:23:46,23,0xff,0xc2,0xff,0x96,0x08,0xfc,ff c2 ff 96 08 fc 00 00
2025-10-25 13:23:47,23,0xff,0xc2,0xff,0x96,0x08,0xfc,ff c2 ff 96 08 fc 00 00
2025-10-25 13:23:47,23,0xff,0xc2,0xff,0x96,0x08,0xfc,ff c2 ff 96 08 fc 00 00
2025-10-25 13:23:47,23,0xff,0xc2,0xff,0x96,0x08,0xfc,ff c2 ff 96 08 fc 00 00
2025-10-25 13:23:47,23,0xff,0xc2,0xff,0x96,0x08,0xfc,ff c2 ff 96 08 fc 00 00
2025-10-25 13:23:47,23,0xff,0xc2,0xff,0x96,0x08,0xfc,ff c2 ff 96 08 fc 00 00
2025-10-25 13:23:47,23,0xff,0xc2,0xff,0x96,0x08,0xfc,ff c2 ff 96 08 fc 00 00
2025-10-25 13:23:47,23,0xff,0xc2,0xff,0x96,0x08,0xfc,ff c2 ff 96 08 fc 00 00
2025-10-25 13:23:47,23,0xff,0xc2,0xff,0x96,0x08,0xfc,ff c2 ff 96 08 fc 00 00
2025-10-25 13:23:47,23,0xff,0xc2,0xff,0x96,0x08,0xfc,ff c2 ff 96 08 fc 00 00
2025-10-25 13:23:47,23,0xff,0xc2,0xff,0x96,0x08,0xfc,ff c2 ff 96 08 fc 00 00
2025-10-25 13:23:47,23,0xff,0xc2,0xff,0x96,0x08,0xfc,ff c2 ff 96 08 fc 00 00
2025-10-25 13:23:47,23,0xff,0xc2,0xff,0x96,0x08,0xfc,ff c2 ff 96 08 fc 00 00
2025-10-25 13:23:47,23,0xff,0xc2,0xff,0x96,0x08,0xfc,ff c2 ff 96 08 fc 00 00
2025-10-25 13:23:47,23,0xff,0xc2,0xff,0x96,0x08,0xfc,ff c2 ff 96 08 fc 00 00
2025-10-25 13:23:47,23,0xff,0xc2,0xff,0x96,0x08,0xfc,ff c2 ff 96 08 fc 00 00
2025-10-25 13:23:47,23,0xff,0xc2,0xff,0x96,0x08,0xfc,ff c2 ff 96 08 fc 00 00
2025-10-25 13:23:47,23,0xff,0xc2,0xff,0x96,0x08,0xfc,ff c2 ff 96 08 fc 00 00
2025-10-25 13:23:47,23,0xff,0xc2,0xff,0x96,0x08,0xfc,ff c2 ff 96 08 fc 00 00
2025-10-25 13:23:47,23,0xff,0xc2,0xff,0x96,0x08,0xfc,ff c2 ff 96 08 fc 00 00
2025-10-25 13:23:47,23,0xff,0xc2,0xff,0x96,0x08,0xfc,ff c2 ff 96 08 fc 00 00
2025-10-25 13:23:47,23,0xff,0xc2,0xff,0x96,0x08,0xfc,ff c2 ff 96 08 fc 00 00
2025-10-25 13:23:47,23,0xff,0xc2,0xff,0x96,0x08,0xfc,ff c2 ff 96 08 fc 00 00
2025-10-25 13:23:47,23,0xff,0xc2,0xff,0x96,0x08,0xfc,ff c2 ff 96 08 fc 00 00
2025-10-25 13:23:47,24.06,0xff,0xc2,0xff,0x96,0x09,0x66,ff c2 ff 96 09 66 00 00
2025-10-25 13:23:47,24.06,0xff,0xc2,0xff,0x96,0x09,0x66,ff c2 ff 96 09 66 00 00
2025-10-25 13:23:47,24.06,0xff,0xc2,0xff,0x96,0x09,0x66,ff c2 ff 96 09 66 00 00
2025-10-25 13:23:47,24.56,0xff,0xc2,0xff,0x96,0x09,0x98,ff c2 ff 96 09 98 00 00
2025-10-25 13:23:47,24.56,0xff,0xc2,0xff,0x96,0x09,0x98,ff c2 ff 96 09 98 00 00
2025-10-25 13:23:47,24.81,0xff,0xc2,0xff,0x96,0x09,0xb1,ff c2 ff 96 09 b1 00 00
2025-10-25 13:23:47,24.81,0xff,0xc2,0xff,0x96,0x09,0xb1,ff c2 ff 96 09 b1 00 00
2025-10-25 13:23:47,24.81,0xff,0xc2,0xff,0x96,0x09,0xb1,ff c2 ff 96 09 b1 00 00
2025-10-25 13:23:47,24.81,0xff,0xc2,0xff,0x96,0x09,0xb1,ff c2 ff 96 09 b1 00 00
2025-10-25 13:23:47,24.81,0xff,0xc2,0xff,0x96,0x09,0xb1,ff c2 ff 96 09 b1 00 00
2025-10-25 13:23:47,24.81,0xff,0xc2,0xff,0x96,0x09,0xb1,ff c2 ff 96 09 b1 00 00
2025-10-25 13:23:47,25.06,0xff,0xc2,0xff,0x96,0x09,0xca,ff c2 ff 96 09 ca 00 00
2025-10-25 13:23:47,25.06,0xff,0xc2,0xff,0x96,0x09,0xca,ff c2 ff 96 09 ca 00 00
2025-10-25 13:23:47,25.06,0xff,0xc2,0xff,0x96,0x09,0xca,ff c2 ff 96 09 ca 00 00
2025-10-25 13:23:47,25.31,0xff,0xc2,0xff,0x96,0x09,0xe3,ff c2 ff 96 09 e3 00 00
2025-10-25 13:23:47,25.31,0xff,0xc2,0xff,0x96,0x09,0xe3,ff c2 ff 96 09 e3 00 00
2025-10-25 13:23:47,25.56,0xff,0xc2,0xff,0x96,0x09,0xfc,ff c2 ff 96 09 fc 00 00
2025-10-25 13:23:47,25.56,0xff,0xc2,0xff,0x96,0x09,0xfc,ff c2 ff 96 09 fc 00 00
2025-10-25 13:23:47,25.56,0xff,0xc2,0xff,0x96,0x09,0xfc,ff c2 ff 96 09 fc 00 00
2025-10-25 13:23:47,25.56,0xff,0xc2,0xff,0x96,0x09,0xfc,ff c2 ff 96 09 fc 00 00
2025-10-25 13:23:47,25.56,0xff,0xc2,0xff,0x96,0x09,0xfc,ff c2 ff 96 09 fc 00 00
2025-10-25 13:23:47,25.56,0xff,0xc2,0xff,0x96,0x09,0xfc,ff c2 ff 96 09 fc 00 00
2025-10-25 13:23:47,25.56,0xff,0xc2,0xff,0x96,0x09,0xfc,ff c2 ff 96 09 fc 00 00
2025-10-25 13:23:47,25.56,0xff,0xc2,0xff,0x96,0x09,0xfc,ff c2 ff 96 09 fc 00 00
2025-10-25 13:23:47,25.56,0xff,0xc2,0xff,0x96,0x09,0xfc,ff c2 ff 96 09 fc 00 00
2025-10-25 13:23:47,25.56,0xff,0xc2,0xff,0x96,0x09,0xfc,ff c2 ff 96 09 fc 00 00
2025-10-25 13:23:47,25.56,0xff,0xc2,0xff,0x96,0x09,0xfc,ff c2 ff 96 09 fc 00 00
2025-10-25 13:23:47,25.56,0xff,0xc2,0xff,0x96,0x09,0xfc,ff c2 ff 96 09 fc 00 00
2025-10-25 13:23:48,25.56,0xff,0xc2,0xff,0x96,0x09,0xfc,ff c2 ff 96 09 fc 00 00
2025-10-25 13:23:48,25.56,0xff,0xc2,0xff,0x96,0x09,0xfc,ff c2 ff 96 09 fc 00 00
2025-10-25 13:23:48,25.56,0xff,0xc2,0xff,0x96,0x09,0xfc,ff c2 ff 96 09 fc 00 00
2025-10-25 13:23:48,25.56,0xff,0xc2,0xff,0x96,0x09,0xfc,ff c2 ff 96 09 fc 00 00
2025-10-25 13:23:48,25.56,0xff,0xc2,0xff,0x96,0x09,0xfc,ff c2 ff 96 09 fc 00 00
2025-10-25 13:23:48,25.56,0xff,0xc2,0xff,0x96,0x09,0xfc,ff c2 ff 96 09 fc 00 00
2025-10-25 13:23:48,25.56,0xff,0xc2,0xff,0x96,0x09,0xfc,ff c2 ff 96 09 fc 00 00
2025-10-25 13:23:48,25.56,0xff,0xc2,0xff,0x96,0x09,0xfc,ff c2 ff 96 09 fc 00 00
2025-10-25 13:23:48,25.56,0xff,0xc2,0xff,0x96,0x09,0xfc,ff c2 ff 96 09 fc 00 00
2025-10-25 13:23:48,25.56,0xff,0xc2,0xff,0x96,0x09,0xfc,ff c2 ff 96 09 fc 00 00
2025-10-25 13:23:48,25.56,0xff,0xc2,0xff,0x96,0x09,0xfc,ff c2 ff 96 09 fc 00 00
2025-10-25 13:23:48,25.56,0xff,0xc2,0xff,0x96,0x09,0xfc,ff c2 ff 96 09 fc 00 00
2025-10-25 13:23:48,25.56,0xff,0xc2,0xff,0x96,0x09,0xfc,ff c2 ff 96 09 fc 00 00
2025-10-25 13:23:48,25.56,0xff,0xc2,0xff,0x96,0x09,0xfc,ff c2 ff 96 09 fc 00 00
2025-10-25 13:23:48,25.56,0xff,0xc2,0xff,0x96,0x09,0xfc,ff c2 ff 96 09 fc 00 00
2025-10-25 13:23:48,25.56,0xff,0xc2,0xff,0x96,0x09,0xfc,ff c2 ff 96 09 fc 00 00
2025-10-25 13:23:48,25.56,0xff,0xc2,0xff,0x96,0x09,0xfc,ff c2 ff 96 09 fc 00 00
2025-10-25 13:23:48,25.56,0xff,0xc2,0xff,0x96,0x09,0xfc,ff c2 ff 96 09 fc 00 00
2025-10-25 13:23:48,25.56,0xff,0xc2,0xff,0x96,0x09,0xfc,ff c2 ff 96 09 fc 00 00
2025-10-25 13:23:48,25.56,0xff,0xc2,0xff,0x96,0x09,0xfc,ff c2 ff 96 09 fc 00 00
2025-10-25 13:23:48,25.56,0xff,0xc2,0xff,0x96,0x09,0xfc,ff c2 ff 96 09 fc 00 00
2025-10-25 13:23:48,25.56,0xff,0xc2,0xff,0x96,0x09,0xfc,ff c2 ff 96 09 fc 00 00
2025-10-25 13:23:48,25.56,0xff,0xc2,0xff,0x96,0x09,0xfc,ff c2 ff 96 09 fc 00 00
2025-10-25 13:23:48,25.56,0xff,0xc2,0xff,0x96,0x09,0xfc,ff c2 ff 96 09 fc 00 00
2025-10-25 13:23:48,25.56,0xff,0xc2,0xff,0x96,0x09,0xfc,ff c2 ff 96 09 fc 00 00
2025-10-25 13:23:48,25.56,0xff,0xc2,0xff,0x96,0x09,0xfc,ff c2 ff 96 09 fc 00 00
2025-10-25 13:23:48,25.56,0xff,0xc2,0xff,0x96,0x09,0xfc,ff c2 ff 96 09 fc 00 00
2025-10-25 13:23:48,25.56,0xff,0xc2,0xff,0x96,0x09,0xfc,ff c2 ff 96 09 fc 00 00
2025-10-25 13:23:48,25.56,0xff,0xc2,0xff,0x96,0x09,0xfc,ff c2 ff 96 09 fc 00 00
2025-10-25 13:23:48,25.56,0xff,0xc2,0xff,0x96,0x09,0xfc,ff c2 ff 96 09 fc 00 00
2025-10-25 13:23:48,25.56,0xff,0xc2,0xff,0x96,0x09,0xfc,ff c2 ff 96 09 fc 00 00
2025-10-25 13:23:48,25.56,0xff,0xc2,0xff,0x96,0x09,0xfc,ff c2 ff 96 09 fc 00 00
2025-10-25 13:23:48,25.56,0xff,0xc2,0xff,0x96,0x09,0xfc,ff c2 ff 96 09 fc 00 00
2025-10-25 13:23:48,25.56,0xff,0xc2,0xff,0x96,0x09,0xfc,ff c2 ff 96 09 fc 00 00
2025-10-25 13:23:48,25.56,0xff,0xc2,0xff,0x96,0x09,0xfc,ff c2 ff 96 09 fc 00 00
2025-10-25 13:23:48,25.56,0xff,0xc2,0xff,0x96,0x09,0xfc,ff c2 ff 96 09 fc 00 00
2025-10-25 13:23:48,25.56,0xff,0xc2,0xff,0x96,0x09,0xfc,ff c2 ff 96 09 fc 00 00
2025-10-25 13:23:48,25.56,0xff,0xc2,0xff,0x96,0x09,0xfc,ff c2 ff 96 09 fc 00 00
2025-10-25 13:23:48,25.56,0xff,0xc2,0xff,0x96,0x09,0xfc,ff c2 ff 96 09 fc 00 00
2025-10-25 13:23:48,25.56,0xff,0xc2,0xff,0x96,0x09,0xfc,ff c2 ff 96 09 fc 00 00
2025-10-25 13:23:48,25.56,0xff,0xc2,0xff,0x96,0x09,0xfc,ff c2 ff 96 09 fc 00 00
2025-10-25 13:23:48,25.56,0xff,0xc2,0xff,0x96,0x09,0xfc,ff c2 ff 96 09 fc 00 00
2025-10-25 13:23:48,25.56,0xff,0xc2,0xff,0x96,0x09,0xfc,ff c2 ff 96 09 fc 00 00
2025-10-25 13:23:48,26.5,0xff,0xc2,0xff,0x96,0x0a,0x5a,ff c2 ff 96 0a 5a 00 00
2025-10-25 13:23:48,26.5,0xff,0xc2,0xff,0x96,0x0a,0x5a,ff c2 ff 96 0a 5a 00 00
2025-10-25 13:23:48,26.5,0xff,0xc2,0xff,0x96,0x0a,0x5a,ff c2 ff 96 0a 5a 00 00
2025-10-25 13:23:48,27,0xff,0xc2,0xff,0x96,0x0a,0x8c,ff c2 ff 96 0a 8c 00 00
2025-10-25 13:23:48,27,0xff,0xc2,0xff,0x96,0x0a,0x8c,ff c2 ff 96 0a 8c 00 00
2025-10-25 13:23:48,27.37,0xff,0xc2,0xff,0x96,0x0a,0xb1,ff c2 ff 96 0a b1 00 00
2025-10-25 13:23:48,27.37,0xff,0xc2,0xff,0x96,0x0a,0xb1,ff c2 ff 96 0a b1 00 00
2025-10-25 13:23:48,27.37,0xff,0xc2,0xff,0x96,0x0a,0xb1,ff c2 ff 96 0a b1 00 00
2025-10-25 13:23:48,27.25,0xff,0xc2,0xff,0x96,0x0a,0xa5,ff c2 ff 96 0a a5 00 00
2025-10-25 13:23:49,27.25,0xff,0xc2,0xff,0x96,0x0a,0xa5,ff c2 ff 96 0a a5 00 00
2025-10-25 13:23:49,27.25,0xff,0xc2,0xff,0x96,0x0a,0xa5,ff c2 ff 96 0a a5 00 00
2025-10-25 13:23:49,27.25,0xff,0xc2,0xff,0x96,0x0a,0xa5,ff c2 ff 96 0a a5 00 00
2025-10-25 13:23:49,27.25,0xff,0xc2,0xff,0x96,0x0a,0xa5,ff c2 ff 96 0a a5 00 00
2025-10-25 13:23:49,27.75,0xff,0xc2,0xff,0x96,0x0a,0xd7,ff c2 ff 96 0a d7 00 00
2025-10-25 13:23:49,27.75,0xff,0xc2,0xff,0x96,0x0a,0xd7,ff c2 ff 96 0a d7 00 00
2025-10-25 13:23:49,27.75,0xff,0xc2,0xff,0x96,0x0a,0xd7,ff c2 ff 96 0a d7 00 00
2025-10-25 13:23:49,28,0xff,0xc2,0xff,0x96,0x0a,0xf0,ff c2 ff 96 0a f0 00 00
2025-10-25 13:23:49,28,0xff,0xc2,0xff,0x96,0x0a,0xf0,ff c2 ff 96 0a f0 00 00
2025-10-25 13:23:49,28,0xff,0xc2,0xff,0x96,0x0a,0xf0,ff c2 ff 96 0a f0 00 00
2025-10-25 13:23:49,28,0xff,0xc2,0xff,0x96,0x0a,0xf0,ff c2 ff 96 0a f0 00 00
2025-10-25 13:23:49,28,0xff,0xc2,0xff,0x96,0x0a,0xf0,ff c2 ff 96 0a f0 00 00
2025-10-25 13:23:49,28,0xff,0xc2,0xff,0x96,0x0a,0xf0,ff c2 ff 96 0a f0 00 00
2025-10-25 13:23:49,28,0xff,0xc2,0xff,0x96,0x0a,0xf0,ff c2 ff 96 0a f0 00 00
2025-10-25 13:23:49,28,0xff,0xc2,0xff,0x96,0x0a,0xf0,ff c2 ff 96 0a f0 00 00
2025-10-25 13:23:49,28,0xff,0xc2,0xff,0x96,0x0a,0xf0,ff c2 ff 96 0a f0 00 00
2025-10-25 13:23:49,28,0xff,0xc2,0xff,0x96,0x0a,0xf0,ff c2 ff 96 0a f0 00 00
2025-10-25 13:23:49,28,0xff,0xc2,0xff,0x96,0x0a,0xf0,ff c2 ff 96 0a f0 00 00
2025-10-25 13:23:49,28,0xff,0xc2,0xff,0x96,0x0a,0xf0,ff c2 ff 96 0a f0 00 00
2025-10-25 13:23:49,28,0xff,0xc2,0xff,0x96,0x0a,0xf0,ff c2 ff 96 0a f0 00 00
2025-10-25 13:23:49,28,0xff,0xc2,0xff,0x96,0x0a,0xf0,ff c2 ff 96 0a f0 00 00
2025-10-25 13:23:49,28,0xff,0xc2,0xff,0x96,0x0a,0xf0,ff c2 ff 96 0a f0 00 00
2025-10-25 13:23:49,28,0xff,0xc2,0xff,0x96,0x0a,0xf0,ff c2 ff 96 0a f0 00 00
2025-10-25 13:23:49,28,0xff,0xc2,0xff,0x96,0x0a,0xf0,ff c2 ff 96 0a f0 00 00
2025-10-25 13:23:49,28,0xff,0xc2,0xff,0x96,0x0a,0xf0,ff c2 ff 96 0a f0 00 00
2025-10-25 13:23:49,28,0xff,0xc2,0xff,0x96,0x0a,0xf0,ff c2 ff 96 0a f0 00 00
2025-10-25 13:23:49,28,0xff,0xc2,0xff,0x96,0x0a,0xf0,ff c2 ff 96 0a f0 00 00
2025-10-25 13:23:49,28,0xff,0xc2,0xff,0x96,0x0a,0xf0,ff c2 ff 96 0a f0 00 00
2025-10-25 13:23:49,28,0xff,0xc2,0xff,0x96,0x0a,0xf0,ff c2 ff 96 0a f0 00 00
2025-10-25 13:23:49,28,0xff,0xc2,0xff,0x96,0x0a,0xf0,ff c2 ff 96 0a f0 00 00
2025-10-25 13:23:49,28,0xff,0xc2,0xff,0x96,0x0a,0xf0,ff c2 ff 96 0a f0 00 00
2025-10-25 13:23:49,28,0xff,0xc2,0xff,0x96,0x0a,0xf0,ff c2 ff 96 0a f0 00 00
2025-10-25 13:23:49,28,0xff,0xc2,0xff,0x96,0x0a,0xf0,ff c2 ff 96 0a f0 00 00
2025-10-25 13:23:49,28,0xff,0xc2,0xff,0x96,0x0a,0xf0,ff c2 ff 96 0a f0 00 00
2025-10-25 13:23:49,28,0xff,0xc2,0xff,0x96,0x0a,0xf0,ff c2 ff 96 0a f0 00 00
2025-10-25 13:23:49,28,0xff,0xc2,0xff,0x96,0x0a,0xf0,ff c2 ff 96 0a f0 00 00
2025-10-25 13:23:49,28,0xff,0xc2,0xff,0x96,0x0a,0xf0,ff c2 ff 96 0a f0 00 00
2025-10-25 13:23:49,28,0xff,0xc2,0xff,0x96,0x0a,0xf0,ff c2 ff 96 0a f0 00 00
2025-10-25 13:23:49,28,0xff,0xc2,0xff,0x96,0x0a,0xf0,ff c2 ff 96 0a f0 00 00
2025-10-25 13:23:49,28,0xff,0xc2,0xff,0x96,0x0a,0xf0,ff c2 ff 96 0a f0 00 00
2025-10-25 13:23:49,28,0xff,0xc2,0xff,0x96,0x0a,0xf0,ff c2 ff 96 0a f0 00 00
2025-10-25 13:23:49,28,0xff,0xc2,0xff,0x96,0x0a,0xf0,ff c2 ff 96 0a f0 00 00
2025-10-25 13:23:49,28,0xff,0xc2,0xff,0x96,0x0a,0xf0,ff c2 ff 96 0a f0 00 00
2025-10-25 13:23:49,28,0xff,0xc2,0xff,0x96,0x0a,0xf0,ff c2 ff 96 0a f0 00 00
2025-10-25 13:23:49,28,0xff,0xc2,0xff,0x96,0x0a,0xf0,ff c2 ff 96 0a f0 00 00
2025-10-25 13:23:49,28,0xff,0xc2,0xff,0x96,0x0a,0xf0,ff c2 ff 96 0a f0 00 00
2025-10-25 13:23:49,28,0xff,0xc2,0xff,0x96,0x0a,0xf0,ff c2 ff 96 0a f0 00 00
2025-10-25 13:23:49,28,0xff,0xc2,0xff,0x96,0x0a,0xf0,ff c2 ff 96 0a f0 00 00
2025-10-25 13:23:49,28,0xff,0xc2,0xff,0x96,0x0a,0xf0,ff c2 ff 96 0a f0 00 00
2025-10-25 13:23:49,28,0xff,0xc2,0xff,0x96,0x0a,0xf0,ff c2 ff 96 0a f0 00 00
2025-10-25 13:23:49,28,0xff,0xc2,0xff,0x96,0x0a,0xf0,ff c2 ff 96 0a f0 00 00
2025-10-25 13:23:49,28,0xff,0xc2,0xff,0x96,0x0a,0xf0,ff c2 ff 96 0a f0 00 00
2025-10-25 13:23:49,28,0xff,0xc2,0xff,0x96,0x0a,0xf0,ff c2 ff 96 0a f0 00 00
2025-10-25 13:23:50,28,0xff,0xc2,0xff,0x96,0x0a,0xf0,ff c2 ff 96 0a f0 00 00
2025-10-25 13:23:50,28,0xff,0xc2,0xff,0x96,0x0a,0xf0,ff c2 ff 96 0a f0 00 00
2025-10-25 13:23:50,28,0xff,0xc2,0xff,0x96,0x0a,0xf0,ff c2 ff 96 0a f0 00 00
2025-10-25 13:23:50,28,0xff,0xc2,0xff,0x96,0x0a,0xf0,ff c2 ff 96 0a f0 00 00
2025-10-25 13:23:50,28,0xff,0xc2,0xff,0x96,0x0a,0xf0,ff c2 ff 96 0a f0 00 00
2025-10-25 13:23:50,28,0xff,0xc2,0xff,0x96,0x0a,0xf0,ff c2 ff 96 0a f0 00 00
2025-10-25 13:23:50,28,0xff,0xc2,0xff,0x96,0x0a,0xf0,ff c2 ff 96 0a f0 00 00
2025-10-25 13:23:50,28,0xff,0xc2,0xff,0x96,0x0a,0xf0,ff c2 ff 96 0a f0 00 00
2025-10-25 13:23:50,28,0xff,0xc2,0xff,0x96,0x0a,0xf0,ff c2 ff 96 0a f0 00 00
2025-10-25 13:23:50,28,0xff,0xc2,0xff,0x96,0x0a,0xf0,ff c2 ff 96 0a f0 00 00
2025-10-25 13:23:50,28,0xff,0xc2,0xff,0x96,0x0a,0xf0,ff c2 ff 96 0a f0 00 00
2025-10-25 13:23:50,28,0xff,0xc2,0xff,0x96,0x0a,0xf0,ff c2 ff 96 0a f0 00 00
2025-10-25 13:23:50,28,0xff,0xc2,0xff,0x96,0x0a,0xf0,ff c2 ff 96 0a f0 00 00
2025-10-25 13:23:50,28,0xff,0xc2,0xff,0x96,0x0a,0xf0,ff c2 ff 96 0a f0 00 00
2025-10-25 13:23:50,28,0xff,0xc2,0xff,0x96,0x0a,0xf0,ff c2 ff 96 0a f0 00 00
2025-10-25 13:23:50,28,0xff,0xc2,0xff,0x96,0x0a,0xf0,ff c2 ff 96 0a f0 00 00
2025-10-25 13:23:50,28,0xff,0xc2,0xff,0x96,0x0a,0xf0,ff c2 ff 96 0a f0 00 00
2025-10-25 13:23:50,28,0xff,0xc2,0xff,0x96,0x0a,0xf0,ff c2 ff 96 0a f0 00 00
2025-10-25 13:23:50,28,0xff,0xc2,0xff,0x96,0x0a,0xf0,ff c2 ff 96 0a f0 00 00
2025-10-25 13:23:50,28,0xff,0xc2,0xff,0x96,0x0a,0xf0,ff c2 ff 96 0a f0 00 00
2025-10-25 13:23:50,28,0xff,0xc2,0xff,0x96,0x0a,0xf0,ff c2 ff 96 0a f0 00 00
2025-10-25 13:23:50,28,0xff,0xc2,0xff,0x96,0x0a,0xf0,ff c2 ff 96 0a f0 00 00
2025-10-25 13:23:50,28,0xff,0xc2,0xff,0x96,0x0a,0xf0,ff c2 ff 96 0a f0 00 00
2025-10-25 13:23:50,28,0xff,0xc2,0xff,0x96,0x0a,0xf0,ff c2 ff 96 0a f0 00 00
2025-10-25 13:23:50,28,0xff,0xc2,0xff,0x96,0x0a,0xf0,ff c2 ff 96 0a f0 00 00
2025-10-25 13:23:50,28,0xff,0xc2,0xff,0x96,0x0a,0xf0,ff c2 ff 96 0a f0 00 00
2025-10-25 13:23:50,28,0xff,0xc2,0xff,0x96,0x0a,0xf0,ff c2 ff 96 0a f0 00 00
2025-10-25 13:23:50,28,0xff,0xc2,0xff,0x96,0x0a,0xf0,ff c2 ff 96 0a f0 00 00
2025-10-25 13:23:50,28,0xff,0xc2,0xff,0x96,0x0a,0xf0,ff c2 ff 96 0a f0 00 00
2025-10-25 13:23:50,28,0xff,0xc2,0xff,0x96,0x0a,0xf0,ff c2 ff 96 0a f0 00 00
2025-10-25 13:23:50,28,0xff,0xc2,0xff,0x96,0x0a,0xf0,ff c2 ff 96 0a f0 00 00
2025-10-25 13:23:50,28,0xff,0xc2,0xff,0x96,0x0a,0xf0,ff c2 ff 96 0a f0 00 00
2025-10-25 13:23:50,28,0xff,0xc2,0xff,0x96,0x0a,0xf0,ff c2 ff 96 0a f0 00 00
2025-10-25 13:23:50,28,0xff,0xc2,0xff,0x96,0x0a,0xf0,ff c2 ff 96 0a f0 00 00
2025-10-25 13:23:50,28,0xff,0xc2,0xff,0x96,0x0a,0xf0,ff c2 ff 96 0a f0 00 00
2025-10-25 13:23:50,28,0xff,0xc2,0xff,0x96,0x0a,0xf0,ff c2 ff 96 0a f0 00 00
2025-10-25 13:23:50,28,0xff,0xc2,0xff,0x96,0x0a,0xf0,ff c2 ff 96 0a f0 00 00
2025-10-25 13:23:50,28,0xff,0xc2,0xff,0x96,0x0a,0xf0,ff c2 ff 96 0a f0 00 00
2025-10-25 13:23:50,28,0xff,0xc2,0xff,0x96,0x0a,0xf0,ff c2 ff 96 0a f0 00 00
2025-10-25 13:23:50,28,0xff,0xc2,0xff,0x96,0x0a,0xf0,ff c2 ff 96 0a f0 00 00
2025-10-25 13:23:50,28,0xff,0xc2,0xff,0x96,0x0a,0xf0,ff c2 ff 96 0a f0 00 00
2025-10-25 13:23:50,28,0xff,0xc2,0xff,0x96,0x0a,0xf0,ff c2 ff 96 0a f0 00 00
2025-10-25 13:23:50,28,0xff,0xc2,0xff,0x96,0x0a,0xf0,ff c2 ff 96 0a f0 00 00
2025-10-25 13:23:50,28,0xff,0xc2,0xff,0x96,0x0a,0xf0,ff c2 ff 96 0a f0 00 00
2025-10-25 13:23:50,28,0xff,0xc2,0xff,0x96,0x0a,0xf0,ff c2 ff 96 0a f0 00 00
2025-10-25 13:23:50,28,0xff,0xc2,0xff,0x96,0x0a,0xf0,ff c2 ff 96 0a f0 00 00
2025-10-25 13:23:50,28,0xff,0xc2,0xff,0x96,0x0a,0xf0,ff c2 ff 96 0a f0 00 00
2025-10-25 13:23:50,28,0xff,0xc2,0xff,0x96,0x0a,0xf0,ff c2 ff 96 0a f0 00 00
2025-10-25 13:23:50,28,0xff,0xc2,0xff,0x96,0x0a,0xf0,ff c2 ff 96 0a f0 00 00
2025-10-25 13:23:50,28,0xff,0xc2,0xff,0x96,0x0a,0xf0,ff c2 ff 96 0a f0 00 00
2025-10-25 13:23:50,29.37,0xff,0xc2,0xff,0x96,0x0b,0x79,ff c2 ff 96 0b 79 00 00
2025-10-25 13:23:50,29.37,0xff,0xc2,0xff,0x96,0x0b,0x79,ff c2 ff 96 0b 79 00 00
2025-10-25 13:23:51,29.37,0xff,0xc2,0xff,0x96,0x0b,0x79,ff c2 ff 96 0b 79 00 00
2025-10-25 13:23:51,30.12,0xff,0xc2,0xff,0x96,0x0b,0xc4,ff c2 ff 96 0b c4 00 00
2025-10-25 13:23:51,30.12,0xff,0xc2,0xff,0x96,0x0b,0xc4,ff c2 ff 96 0b c4 00 00
2025-10-25 13:23:51,30.12,0xff,0xc2,0xff,0x96,0x0b,0xc4,ff c2 ff 96 0b c4 00 00
2025-10-25 13:23:51,30.37,0xff,0xc2,0xff,0x96,0x0b,0xdd,ff c2 ff 96 0b dd 00 00
2025-10-25 13:23:51,30.37,0xff,0xc2,0xff,0x96,0x0b,0xdd,ff c2 ff 96 0b dd 00 00
2025-10-25 13:23:51,30.5,0xff,0xc2,0xff,0x96,0x0b,0xea,ff c2 ff 96 0b ea 00 00
2025-10-25 13:23:51,30.5,0xff,0xc2,0xff,0x96,0x0b,0xea,ff c2 ff 96 0b ea 00 00
2025-10-25 13:23:51,30.5,0xff,0xc2,0xff,0x96,0x0b,0xea,ff c2 ff 96 0b ea 00 00
2025-10-25 13:23:51,30.5,0xff,0xc2,0xff,0x96,0x0b,0xea,ff c2 ff 96 0b ea 00 00
2025-10-25 13:23:51,30.5,0xff,0xc2,0xff,0x96,0x0b,0xea,ff c2 ff 96 0b ea 00 00
2025-10-25 13:23:51,30.5,0xff,0xc2,0xff,0x96,0x0b,0xea,ff c2 ff 96 0b ea 00 00
2025-10-25 13:23:51,30.5,0xff,0xc2,0xff,0x96,0x0b,0xea,ff c2 ff 96 0b ea 00 00
2025-10-25 13:23:51,30.5,0xff,0xc2,0xff,0x96,0x0b,0xea,ff c2 ff 96 0b ea 00 00
2025-10-25 13:23:51,30.5,0xff,0xc2,0xff,0x96,0x0b,0xea,ff c2 ff 96 0b ea 00 00
2025-10-25 13:23:51,30.5,0xff,0xc2,0xff,0x96,0x0b,0xea,ff c2 ff 96 0b ea 00 00
2025-10-25 13:23:51,30.5,0xff,0xc2,0xff,0x96,0x0b,0xea,ff c2 ff 96 0b ea 00 00
2025-10-25 13:23:51,30.5,0xff,0xc2,0xff,0x96,0x0b,0xea,ff c2 ff 96 0b ea 00 00
2025-10-25 13:23:51,30.5,0xff,0xc2,0xff,0x96,0x0b,0xea,ff c2 ff 96 0b ea 00 00
2025-10-25 13:23:51,30.5,0xff,0xc2,0xff,0x96,0x0b,0xea,ff c2 ff 96 0b ea 00 00
2025-10-25 13:23:51,30.5,0xff,0xc2,0xff,0x96,0x0b,0xea,ff c2 ff 96 0b ea 00 00
2025-10-25 13:23:51,30.5,0xff,0xc2,0xff,0x96,0x0b,0xea,ff c2 ff 96 0b ea 00 00
2025-10-25 13:23:51,30.37,0xff,0xee,0xff,0x6a,0x0b,0xdd,ff ee ff 6a 0b dd 00 00
2025-10-25 13:23:51,30.37,0xff,0xee,0xff,0x6a,0x0b,0xdd,ff ee ff 6a 0b dd 00 00
2025-10-25 13:23:51,30.37,0xff,0xe7,0xff,0x71,0x0b,0xdd,ff e7 ff 71 0b dd 00 00
2025-10-25 13:23:51,30.37,0xff,0xe7,0xff,0x71,0x0b,0xdd,ff e7 ff 71 0b dd 00 00
2025-10-25 13:23:51,30.37,0xff,0xe7,0xff,0x71,0x0b,0xdd,ff e7 ff 71 0b dd 00 00
2025-10-25 13:23:51,30.25,0xff,0xdb,0xff,0x8a,0x0b,0xd1,ff db ff 8a 0b d1 00 00
2025-10-25 13:23:51,30.25,0xff,0xdb,0xff,0x8a,0x0b,0xd1,ff db ff 8a 0b d1 00 00
2025-10-25 13:23:51,30.25,0xff,0xe7,0xff,0x8a,0x0b,0xd1,ff e7 ff 8a 0b d1 00 00
2025-10-25 13:23:51,30.25,0xff,0xe7,0xff,0x8a,0x0b,0xd1,ff e7 ff 8a 0b d1 00 00
2025-10-25 13:23:51,30.25,0xff,0xe7,0xff,0x8a,0x0b,0xd1,ff e7 ff 8a 0b d1 00 00
2025-10-25 13:23:51,30.62,0xff,0xce,0xff,0x71,0x0b,0xf6,ff ce ff 71 0b f6 00 00
2025-10-25 13:23:51,30.62,0xff,0xce,0xff,0x71,0x0b,0xf6,ff ce ff 71 0b f6 00 00
2025-10-25 13:23:51,30.62,0xff,0xce,0xff,0x71,0x0b,0xf6,ff ce ff 71 0b f6 00 00
2025-10-25 13:23:51,30.62,0xff,0xce,0xff,0x71,0x0b,0xf6,ff ce ff 71 0b f6 00 00
2025-10-25 13:23:51,30.62,0xff,0xce,0xff,0x71,0x0b,0xf6,ff ce ff 71 0b f6 00 00
2025-10-25 13:23:51,30.62,0xff,0xce,0xff,0x71,0x0b,0xf6,ff ce ff 71 0b f6 00 00
2025-10-25 13:23:51,30.62,0xff,0xce,0xff,0x71,0x0b,0xf6,ff ce ff 71 0b f6 00 00
2025-10-25 13:23:51,30.62,0xff,0xce,0xff,0x71,0x0b,0xf6,ff ce ff 71 0b f6 00 00
2025-10-25 13:23:51,30.62,0xff,0xce,0xff,0x71,0x0b,0xf6,ff ce ff 71 0b f6 00 00
2025-10-25 13:23:51,30.62,0xff,0xce,0xff,0x71,0x0b,0xf6,ff ce ff 71 0b f6 00 00
2025-10-25 13:23:51,30.62,0xff,0xce,0xff,0x71,0x0b,0xf6,ff ce ff 71 0b f6 00 00
2025-10-25 13:23:51,30.62,0xff,0xce,0xff,0x71,0x0b,0xf6,ff ce ff 71 0b f6 00 00
2025-10-25 13:23:51,30.62,0xff,0xce,0xff,0x71,0x0b,0xf6,ff ce ff 71 0b f6 00 00
2025-10-25 13:23:51,30.62,0xff,0xce,0xff,0x71,0x0b,0xf6,ff ce ff 71 0b f6 00 00
2025-10-25 13:23:51,30.62,0xff,0xce,0xff,0x71,0x0b,0xf6,ff ce ff 71 0b f6 00 00
2025-10-25 13:23:51,30.62,0xff,0xce,0xff,0x71,0x0b,0xf6,ff ce ff 71 0b f6 00 00
2025-10-25 13:23:51,30.62,0xff,0xce,0xff,0x71,0x0b,0xf6,ff ce ff 71 0b f6 00 00
2025-10-25 13:23:51,30.62,0xff,0xce,0xff,0x71,0x0b,0xf6,ff ce ff 71 0b f6 00 00
2025-10-25 13:23:51,30.62,0xff,0xce,0xff,0x71,0x0b,0xf6,ff ce ff 71 0b f6 00 00
2025-10-25 13:23:51,30.62,0xff,0xce,0xff,0x71,0x0b,0xf6,ff ce ff 71 0b f6 00 00
2025-10-25 13:23:52,30.62,0xff,0xce,0xff,0x71,0x0b,0xf6,ff ce ff 71 0b f6 00 00
2025-10-25 13:23:52,30.62,0xff,0xce,0xff,0x71,0x0b,0xf6,ff ce ff 71 0b f6 00 00
2025-10-25 13:23:52,30.62,0xff,0xce,0xff,0x71,0x0b,0xf6,ff ce ff 71 0b f6 00 00
2025-10-25 13:23:52,30.62,0xff,0xce,0xff,0x71,0x0b,0xf6,ff ce ff 71 0b f6 00 00
2025-10-25 13:23:52,30.62,0xff,0xce,0xff,0x71,0x0b,0xf6,ff ce ff 71 0b f6 00 00
2025-10-25 13:23:52,30.62,0xff,0xce,0xff,0x71,0x0b,0xf6,ff ce ff 71 0b f6 00 00
2025-10-25 13:23:52,30.62,0xff,0xce,0xff,0x71,0x0b,0xf6,ff ce ff 71 0b f6 00 00
2025-10-25 13:23:52,30.62,0xff,0xce,0xff,0x71,0x0b,0xf6,ff ce ff 71 0b f6 00 00
2025-10-25 13:23:52,30.62,0xff,0xce,0xff,0x71,0x0b,0xf6,ff ce ff 71 0b f6 00 00
2025-10-25 13:23:52,30.62,0xff,0xce,0xff,0x71,0x0b,0xf6,ff ce ff 71 0b f6 00 00
2025-10-25 13:23:52,30.62,0xff,0xce,0xff,0x71,0x0b,0xf6,ff ce ff 71 0b f6 00 00
2025-10-25 13:23:52,30.62,0xff,0xce,0xff,0x71,0x0b,0xf6,ff ce ff 71 0b f6 00 00
2025-10-25 13:23:52,30.62,0xff,0xce,0xff,0x71,0x0b,0xf6,ff ce ff 71 0b f6 00 00
2025-10-25 13:23:52,30.62,0xff,0xce,0xff,0x71,0x0b,0xf6,ff ce ff 71 0b f6 00 00
2025-10-25 13:23:52,30.62,0xff,0xce,0xff,0x71,0x0b,0xf6,ff ce ff 71 0b f6 00 00
2025-10-25 13:23:52,30.62,0xff,0xce,0xff,0x71,0x0b,0xf6,ff ce ff 71 0b f6 00 00
2025-10-25 13:23:52,30.62,0xff,0xce,0xff,0x71,0x0b,0xf6,ff ce ff 71 0b f6 00 00
2025-10-25 13:23:52,30.62,0xff,0xce,0xff,0x71,0x0b,0xf6,ff ce ff 71 0b f6 00 00
2025-10-25 13:23:52,30.62,0xff,0xce,0xff,0x71,0x0b,0xf6,ff ce ff 71 0b f6 00 00
2025-10-25 13:23:52,30.62,0xff,0xce,0xff,0x71,0x0b,0xf6,ff ce ff 71 0b f6 00 00
2025-10-25 13:23:52,30.62,0xff,0xce,0xff,0x71,0x0b,0xf6,ff ce ff 71 0b f6 00 00
2025-10-25 13:23:52,30.62,0xff,0xce,0xff,0x71,0x0b,0xf6,ff ce ff 71 0b f6 00 00
2025-10-25 13:23:52,30.62,0xff,0xce,0xff,0x71,0x0b,0xf6,ff ce ff 71 0b f6 00 00
2025-10-25 13:23:52,30.62,0xff,0xce,0xff,0x71,0x0b,0xf6,ff ce ff 71 0b f6 00 00
2025-10-25 13:23:52,30.62,0xff,0xce,0xff,0x71,0x0b,0xf6,ff ce ff 71 0b f6 00 00
2025-10-25 13:23:52,30.62,0xff,0xce,0xff,0x71,0x0b,0xf6,ff ce ff 71 0b f6 00 00
2025-10-25 13:23:52,30.62,0xff,0xce,0xff,0x71,0x0b,0xf6,ff ce ff 71 0b f6 00 00
2025-10-25 13:23:52,30.62,0xff,0xce,0xff,0x71,0x0b,0xf6,ff ce ff 71 0b f6 00 00
2025-10-25 13:23:52,30.62,0xff,0xce,0xff,0x71,0x0b,0xf6,ff ce ff 71 0b f6 00 00
2025-10-25 13:23:52,30.62,0xff,0xce,0xff,0x71,0x0b,0xf6,ff ce ff 71 0b f6 00 00
2025-10-25 13:23:52,31.93,0xff,0xce,0xff,0x71,0x0c,0x79,ff ce ff 71 0c 79 00 00
2025-10-25 13:23:52,31.93,0xff,0xce,0xff,0x71,0x0c,0x79,ff ce ff 71 0c 79 00 00
2025-10-25 13:23:52,32.56,0xff,0xce,0xff,0x71,0x0c,0xb8,ff ce ff 71 0c b8 00 00
2025-10-25 13:23:52,32.56,0xff,0xce,0xff,0x71,0x0c,0xb8,ff ce ff 71 0c b8 00 00
2025-10-25 13:23:52,32.93,0xff,0xce,0xff,0x71,0x0c,0xdd,ff ce ff 71 0c dd 00 00
2025-10-25 13:23:52,32.93,0xff,0xce,0xff,0x71,0x0c,0xdd,ff ce ff 71 0c dd 00 00
2025-10-25 13:23:52,32.93,0xff,0xce,0xff,0x71,0x0c,0xdd,ff ce ff 71 0c dd 00 00
2025-10-25 13:23:52,32.93,0xff,0xce,0xff,0x71,0x0c,0xdd,ff ce ff 71 0c dd 00 00
2025-10-25 13:23:52,32.93,0xff,0xce,0xff,0x71,0x0c,0xdd,ff ce ff 71 0c dd 00 00
2025-10-25 13:23:52,32.93,0xff,0xce,0xff,0x71,0x0c,0xdd,ff ce ff 71 0c dd 00 00
2025-10-25 13:23:52,32.93,0xff,0xce,0xff,0x71,0x0c,0xdd,ff ce ff 71 0c dd 00 00
2025-10-25 13:23:52,32.93,0xff,0xce,0xff,0x71,0x0c,0xdd,ff ce ff 71 0c dd 00 00
2025-10-25 13:23:52,32.93,0xff,0xce,0xff,0x71,0x0c,0xdd,ff ce ff 71 0c dd 00 00
2025-10-25 13:23:52,32.93,0xff,0xce,0xff,0x71,0x0c,0xdd,ff ce ff 71 0c dd 00 00
2025-10-25 13:23:52,32.93,0xff,0xce,0xff,0x71,0x0c,0xdd,ff ce ff 71 0c dd 00 00
2025-10-25 13:23:52,32.93,0xff,0xce,0xff,0x71,0x0c,0xdd,ff ce ff 71 0c dd 00 00
2025-10-25 13:23:52,32.93,0xff,0xce,0xff,0x71,0x0c,0xdd,ff ce ff 71 0c dd 00 00
2025-10-25 13:23:52,32.93,0xff,0xce,0xff,0x71,0x0c,0xdd,ff ce ff 71 0c dd 00 00
2025-10-25 13:23:52,32.93,0xff,0xce,0xff,0x71,0x0c,0xdd,ff ce ff 71 0c dd 00 00
2025-10-25 13:23:52,32.93,0xff,0xce,0xff,0x71,0x0c,0xdd,ff ce ff 71 0c dd 00 00
2025-10-25 13:23:52,32.93,0xff,0xce,0xff,0x71,0x0c,0xdd,ff ce ff 71 0c dd 00 00
2025-10-25 13:23:53,32.93,0xff,0xce,0xff,0x71,0x0c,0xdd,ff ce ff 71 0c dd 00 00
2025-10-25 13:23:53,32.93,0xff,0xce,0xff,0x71,0x0c,0xdd,ff ce ff 71 0c dd 00 00
2025-10-25 13:23:53,32.93,0xff,0xce,0xff,0x71,0x0c,0xdd,ff ce ff 71 0c dd 00 00
2025-10-25 13:23:53,32.93,0xff,0xce,0xff,0x71,0x0c,0xdd,ff ce ff 71 0c dd 00 00
2025-10-25 13:23:53,32.93,0xff,0xce,0xff,0x71,0x0c,0xdd,ff ce ff 71 0c dd 00 00
2025-10-25 13:23:53,32.93,0xff,0xce,0xff,0x71,0x0c,0xdd,ff ce ff 71 0c dd 00 00
2025-10-25 13:23:53,32.93,0xff,0xce,0xff,0x71,0x0c,0xdd,ff ce ff 71 0c dd 00 00
2025-10-25 13:23:53,32.93,0xff,0xce,0xff,0x71,0x0c,0xdd,ff ce ff 71 0c dd 00 00
2025-10-25 13:23:53,32.93,0xff,0xce,0xff,0x71,0x0c,0xdd,ff ce ff 71 0c dd 00 00
2025-10-25 13:23:53,32.93,0xff,0xce,0xff,0x71,0x0c,0xdd,ff ce ff 71 0c dd 00 00
2025-10-25 13:23:53,32.93,0xff,0xce,0xff,0x71,0x0c,0xdd,ff ce ff 71 0c dd 00 00
2025-10-25 13:23:53,32.93,0xff,0xce,0xff,0x71,0x0c,0xdd,ff ce ff 71 0c dd 00 00
2025-10-25 13:23:53,32.93,0xff,0xce,0xff,0x71,0x0c,0xdd,ff ce ff 71 0c dd 00 00
2025-10-25 13:23:53,32.93,0xff,0xce,0xff,0x71,0x0c,0xdd,ff ce ff 71 0c dd 00 00
2025-10-25 13:23:53,32.93,0xff,0xce,0xff,0x71,0x0c,0xdd,ff ce ff 71 0c dd 00 00
2025-10-25 13:23:53,32.93,0xff,0xce,0xff,0x71,0x0c,0xdd,ff ce ff 71 0c dd 00 00
2025-10-25 13:23:53,32.93,0xff,0xce,0xff,0x71,0x0c,0xdd,ff ce ff 71 0c dd 00 00
2025-10-25 13:23:53,32.93,0xff,0xce,0xff,0x71,0x0c,0xdd,ff ce ff 71 0c dd 00 00
2025-10-25 13:23:53,32.93,0xff,0xce,0xff,0x71,0x0c,0xdd,ff ce ff 71 0c dd 00 00
2025-10-25 13:23:53,32.93,0xff,0xce,0xff,0x71,0x0c,0xdd,ff ce ff 71 0c dd 00 00
2025-10-25 13:23:53,32.93,0xff,0xce,0xff,0x71,0x0c,0xdd,ff ce ff 71 0c dd 00 00
2025-10-25 13:23:53,32.93,0xff,0xce,0xff,0x71,0x0c,0xdd,ff ce ff 71 0c dd 00 00
2025-10-25 13:23:53,32.93,0xff,0xce,0xff,0x71,0x0c,0xdd,ff ce ff 71 0c dd 00 00
2025-10-25 13:23:53,32.93,0xff,0xce,0xff,0x71,0x0c,0xdd,ff ce ff 71 0c dd 00 00
2025-10-25 13:23:53,32.93,0xff,0xce,0xff,0x71,0x0c,0xdd,ff ce ff 71 0c dd 00 00
2025-10-25 13:23:53,32.93,0xff,0xce,0xff,0x71,0x0c,0xdd,ff ce ff 71 0c dd 00 00
2025-10-25 13:23:53,32.93,0xff,0xce,0xff,0x71,0x0c,0xdd,ff ce ff 71 0c dd 00 00
2025-10-25 13:23:53,32.93,0xff,0xce,0xff,0x71,0x0c,0xdd,ff ce ff 71 0c dd 00 00
2025-10-25 13:23:53,32.93,0xff,0xce,0xff,0x71,0x0c,0xdd,ff ce ff 71 0c dd 00 00
2025-10-25 13:23:53,32.93,0xff,0xce,0xff,0x71,0x0c,0xdd,ff ce ff 71 0c dd 00 00
2025-10-25 13:23:53,32.93,0xff,0xce,0xff,0x71,0x0c,0xdd,ff ce ff 71 0c dd 00 00
2025-10-25 13:23:53,32.93,0xff,0xce,0xff,0x71,0x0c,0xdd,ff ce ff 71 0c dd 00 00
2025-10-25 13:23:53,32.93,0xff,0xce,0xff,0x71,0x0c,0xdd,ff ce ff 71 0c dd 00 00
2025-10-25 13:23:53,32.93,0xff,0xce,0xff,0x71,0x0c,0xdd,ff ce ff 71 0c dd 00 00
2025-10-25 13:23:53,32.93,0xff,0xce,0xff,0x71,0x0c,0xdd,ff ce ff 71 0c dd 00 00
2025-10-25 13:23:53,32.93,0xff,0xce,0xff,0x71,0x0c,0xdd,ff ce ff 71 0c dd 00 00
2025-10-25 13:23:53,32.93,0xff,0xce,0xff,0x71,0x0c,0xdd,ff ce ff 71 0c dd 00 00
2025-10-25 13:23:53,32.93,0xff,0xce,0xff,0x71,0x0c,0xdd,ff ce ff 71 0c dd 00 00
2025-10-25 13:23:53,32.93,0xff,0xce,0xff,0x71,0x0c,0xdd,ff ce ff 71 0c dd 00 00
2025-10-25 13:23:53,32.93,0xff,0xce,0xff,0x71,0x0c,0xdd,ff ce ff 71 0c dd 00 00
2025-10-25 13:23:53,32.93,0xff,0xce,0xff,0x71,0x0c,0xdd,ff ce ff 71 0c dd 00 00
2025-10-25 13:23:53,32.93,0xff,0xce,0xff,0x71,0x0c,0xdd,ff ce ff 71 0c dd 00 00
2025-10-25 13:23:53,32.93,0xff,0xce,0xff,0x71,0x0c,0xdd,ff ce ff 71 0c dd 00 00
2025-10-25 13:23:53,32.93,0xff,0xce,0xff,0x71,0x0c,0xdd,ff ce ff 71 0c dd 00 00
2025-10-25 13:23:53,32.93,0xff,0xce,0xff,0x71,0x0c,0xdd,ff ce ff 71 0c dd 00 00
2025-10-25 13:23:53,32.93,0xff,0xce,0xff,0x71,0x0c,0xdd,ff ce ff 71 0c dd 00 00
2025-10-25 13:23:53,32.93,0xff,0xce,0xff,0x71,0x0c,0xdd,ff ce ff 71 0c dd 00 00
2025-10-25 13:23:53,32.93,0xff,0xce,0xff,0x71,0x0c,0xdd,ff ce ff 71 0c dd 00 00
2025-10-25 13:23:53,32.93,0xff,0xce,0xff,0x71,0x0c,0xdd,ff ce ff 71 0c dd 00 00
2025-10-25 13:23:53,32.93,0xff,0xce,0xff,0x71,0x0c,0xdd,ff ce ff 71 0c dd 00 00
2025-10-25 13:23:53,32.93,0xff,0xce,0xff,0x71,0x0c,0xdd,ff ce ff 71 0c dd 00 00
2025-10-25 13:23:53,32.93,0xff,0xce,0xff,0x71,0x0c,0xdd,ff ce ff 71 0c dd 00 00
2025-10-25 13:23:54,32.93,0xff,0xce,0xff,0x71,0x0c,0xdd,ff ce ff 71 0c dd 00 00
2025-10-25 13:23:54,32.93,0xff,0xce,0xff,0x71,0x0c,0xdd,ff ce ff 71 0c dd 00 00
2025-10-25 13:23:54,32.93,0xff,0xce,0xff,0x71,0x0c,0xdd,ff ce ff 71 0c dd 00 00
2025-10-25 13:23:54,32.93,0xff,0xce,0xff,0x71,0x0c,0xdd,ff ce ff 71 0c dd 00 00
2025-10-25 13:23:54,32.93,0xff,0xce,0xff,0x71,0x0c,0xdd,ff ce ff 71 0c dd 00 00
2025-10-25 13:23:54,32.93,0xff,0xce,0xff,0x71,0x0c,0xdd,ff ce ff 71 0c dd 00 00
2025-10-25 13:23:54,32.93,0xff,0xce,0xff,0x71,0x0c,0xdd,ff ce ff 71 0c dd 00 00
2025-10-25 13:23:54,32.93,0xff,0xce,0xff,0x71,0x0c,0xdd,ff ce ff 71 0c dd 00 00
2025-10-25 13:23:54,32.93,0xff,0xce,0xff,0x71,0x0c,0xdd,ff ce ff 71 0c dd 00 00
2025-10-25 13:23:54,32.93,0xff,0xce,0xff,0x71,0x0c,0xdd,ff ce ff 71 0c dd 00 00
2025-10-25 13:23:54,32.93,0xff,0xce,0xff,0x71,0x0c,0xdd,ff ce ff 71 0c dd 00 00
2025-10-25 13:23:54,32.93,0xff,0xce,0xff,0x71,0x0c,0xdd,ff ce ff 71 0c dd 00 00
2025-10-25 13:23:54,32.93,0xff,0xce,0xff,0x71,0x0c,0xdd,ff ce ff 71 0c dd 00 00
2025-10-25 13:23:54,32.93,0xff,0xce,0xff,0x71,0x0c,0xdd,ff ce ff 71 0c dd 00 00
2025-10-25 13:23:54,32.93,0xff,0xce,0xff,0x71,0x0c,0xdd,ff ce ff 71 0c dd 00 00
2025-10-25 13:23:54,32.93,0xff,0xce,0xff,0x71,0x0c,0xdd,ff ce ff 71 0c dd 00 00
2025-10-25 13:23:54,32.93,0xff,0xce,0xff,0x71,0x0c,0xdd,ff ce ff 71 0c dd 00 00
2025-10-25 13:23:54,32.93,0xff,0xce,0xff,0x71,0x0c,0xdd,ff ce ff 71 0c dd 00 00
2025-10-25 13:23:54,32.93,0xff,0xce,0xff,0x71,0x0c,0xdd,ff ce ff 71 0c dd 00 00
2025-10-25 13:23:54,32.93,0xff,0xce,0xff,0x71,0x0c,0xdd,ff ce ff 71 0c dd 00 00
2025-10-25 13:23:54,32.93,0xff,0xce,0xff,0x71,0x0c,0xdd,ff ce ff 71 0c dd 00 00
2025-10-25 13:23:54,32.93,0xff,0xce,0xff,0x71,0x0c,0xdd,ff ce ff 71 0c dd 00 00
2025-10-25 13:23:54,32.93,0xff,0xce,0xff,0x71,0x0c,0xdd,ff ce ff 71 0c dd 00 00
2025-10-25 13:23:54,32.93,0xff,0xce,0xff,0x71,0x0c,0xdd,ff ce ff 71 0c dd 00 00
2025-10-25 13:23:54,32.93,0xff,0xce,0xff,0x71,0x0c,0xdd,ff ce ff 71 0c dd 00 00
2025-10-25 13:23:54,32.93,0xff,0xce,0xff,0x71,0x0c,0xdd,ff ce ff 71 0c dd 00 00
2025-10-25 13:23:54,32.93,0xff,0xce,0xff,0x71,0x0c,0xdd,ff ce ff 71 0c dd 00 00
2025-10-25 13:23:54,32.93,0xff,0xce,0xff,0x71,0x0c,0xdd,ff ce ff 71 0c dd 00 00
2025-10-25 13:23:54,32.93,0xff,0xce,0xff,0x71,0x0c,0xdd,ff ce ff 71 0c dd 00 00
2025-10-25 13:23:54,32.93,0xff,0xce,0xff,0x71,0x0c,0xdd,ff ce ff 71 0c dd 00 00
2025-10-25 13:23:54,32.93,0xff,0xce,0xff,0x71,0x0c,0xdd,ff ce ff 71 0c dd 00 00
2025-10-25 13:23:54,32.93,0xff,0xce,0xff,0x71,0x0c,0xdd,ff ce ff 71 0c dd 00 00
2025-10-25 13:23:54,32.93,0xff,0xce,0xff,0x71,0x0c,0xdd,ff ce ff 71 0c dd 00 00
2025-10-25 13:23:54,32.93,0xff,0xce,0xff,0x71,0x0c,0xdd,ff ce ff 71 0c dd 00 00
2025-10-25 13:23:54,32.93,0xff,0xce,0xff,0x71,0x0c,0xdd,ff ce ff 71 0c dd 00 00
2025-10-25 13:23:54,32.93,0xff,0xce,0xff,0x71,0x0c,0xdd,ff ce ff 71 0c dd 00 00
2025-10-25 13:23:54,32.93,0xff,0xce,0xff,0x71,0x0c,0xdd,ff ce ff 71 0c dd 00 00
2025-10-25 13:23:54,32.93,0xff,0xce,0xff,0x71,0x0c,0xdd,ff ce ff 71 0c dd 00 00
2025-10-25 13:23:54,32.93,0xff,0xce,0xff,0x71,0x0c,0xdd,ff ce ff 71 0c dd 00 00
2025-10-25 13:23:54,32.93,0xff,0xce,0xff,0x71,0x0c,0xdd,ff ce ff 71 0c dd 00 00
2025-10-25 13:23:54,32.93,0xff,0xce,0xff,0x71,0x0c,0xdd,ff ce ff 71 0c dd 00 00
2025-10-25 13:23:54,32.93,0xff,0xce,0xff,0x71,0x0c,0xdd,ff ce ff 71 0c dd 00 00
2025-10-25 13:23:54,32.93,0xff,0xce,0xff,0x71,0x0c,0xdd,ff ce ff 71 0c dd 00 00
2025-10-25 13:23:54,32.93,0xff,0xce,0xff,0x71,0x0c,0xdd,ff ce ff 71 0c dd 00 00
2025-10-25 13:23:54,32.93,0xff,0xce,0xff,0x71,0x0c,0xdd,ff ce ff 71 0c dd 00 00
2025-10-25 13:23:54,32.93,0xff,0xce,0xff,0x71,0x0c,0xdd,ff ce ff 71 0c dd 00 00
2025-10-25 13:23:54,32.93,0xff,0xce,0xff,0x71,0x0c,0xdd,ff ce ff 71 0c dd 00 00
2025-10-25 13:23:54,32.93,0xff,0xce,0xff,0x71,0x0c,0xdd,ff ce ff 71 0c dd 00 00
2025-10-25 13:23:54,26.69,0xff,0xce,0xff,0x71,0x0a,0x6d,ff ce ff 71 0a 6d 00 00
2025-10-25 13:23:54,26.69,0xff,0xce,0xff,0x71,0x0a,0x6d,ff ce ff 71 0a 6d 00 00
2025-10-25 13:23:54,26.82,0xff,0xce,0xff,0x71,0x0a,0x7a,ff ce ff 71 0a 7a 00 00
2025-10-25 13:23:54,26.82,0xff,0xce,0xff,0x71,0x0a,0x7a,ff ce ff 71 0a 7a 00 00
2025-10-25 13:23:55,26.82,0xff,0xce,0xff,0x71,0x0a,0x7a,ff ce ff 71 0a 7a 00 00
2025-10-25 13:23:55,27,0xff,0xce,0xff,0x71,0x0a,0x8c,ff ce ff 71 0a 8c 00 00
2025-10-25 13:23:55,27,0xff,0xce,0xff,0x71,0x0a,0x8c,ff ce ff 71 0a 8c 00 00
2025-10-25 13:23:55,27,0xff,0xce,0xff,0x71,0x0a,0x8c,ff ce ff 71 0a 8c 00 00
2025-10-25 13:23:55,27.38,0xff,0xce,0xff,0x71,0x0a,0xb2,ff ce ff 71 0a b2 00 00
2025-10-25 13:23:55,27.38,0xff,0xce,0xff,0x71,0x0a,0xb2,ff ce ff 71 0a b2 00 00
2025-10-25 13:23:55,27.13,0xff,0xce,0xff,0x71,0x0a,0x99,ff ce ff 71 0a 99 00 00
2025-10-25 13:23:55,27.13,0xff,0xce,0xff,0x71,0x0a,0x99,ff ce ff 71 0a 99 00 00
2025-10-25 13:23:55,27.13,0xff,0xce,0xff,0x71,0x0a,0x99,ff ce ff 71 0a 99 00 00
2025-10-25 13:23:55,27.13,0xff,0xce,0xff,0x71,0x0a,0x99,ff ce ff 71 0a 99 00 00
2025-10-25 13:23:55,27.13,0xff,0xce,0xff,0x71,0x0a,0x99,ff ce ff 71 0a 99 00 00
2025-10-25 13:23:55,27.13,0xff,0xce,0xff,0x71,0x0a,0x99,ff ce ff 71 0a 99 00 00
2025-10-25 13:23:55,27.13,0xff,0xce,0xff,0x71,0x0a,0x99,ff ce ff 71 0a 99 00 00
2025-10-25 13:23:55,27.13,0xff,0xce,0xff,0x71,0x0a,0x99,ff ce ff 71 0a 99 00 00
2025-10-25 13:23:55,27.13,0xff,0xce,0xff,0x71,0x0a,0x99,ff ce ff 71 0a 99 00 00
2025-10-25 13:23:55,27.13,0xff,0xce,0xff,0x71,0x0a,0x99,ff ce ff 71 0a 99 00 00
2025-10-25 13:23:55,27.13,0xff,0xce,0xff,0x71,0x0a,0x99,ff ce ff 71 0a 99 00 00
2025-10-25 13:23:55,27.13,0xff,0xce,0xff,0x71,0x0a,0x99,ff ce ff 71 0a 99 00 00
2025-10-25 13:23:55,27.13,0xff,0xce,0xff,0x71,0x0a,0x99,ff ce ff 71 0a 99 00 00
2025-10-25 13:23:55,27.13,0xff,0xce,0xff,0x71,0x0a,0x99,ff ce ff 71 0a 99 00 00
2025-10-25 13:23:55,27.13,0xff,0xce,0xff,0x71,0x0a,0x99,ff ce ff 71 0a 99 00 00
2025-10-25 13:23:55,27.13,0xff,0xce,0xff,0x71,0x0a,0x99,ff ce ff 71 0a 99 00 00
2025-10-25 13:23:55,27.13,0xff,0xce,0xff,0x71,0x0a,0x99,ff ce ff 71 0a 99 00 00
2025-10-25 13:23:55,27.13,0xff,0xce,0xff,0x71,0x0a,0x99,ff ce ff 71 0a 99 00 00
2025-10-25 13:23:55,27.13,0xff,0xce,0xff,0x71,0x0a,0x99,ff ce ff 71 0a 99 00 00
2025-10-25 13:23:55,27.13,0xff,0xce,0xff,0x71,0x0a,0x99,ff ce ff 71 0a 99 00 00
2025-10-25 13:23:55,27.13,0xff,0xce,0xff,0x71,0x0a,0x99,ff ce ff 71 0a 99 00 00
2025-10-25 13:23:55,27.13,0xff,0xce,0xff,0x71,0x0a,0x99,ff ce ff 71 0a 99 00 00
2025-10-25 13:23:55,27.13,0xff,0xce,0xff,0x71,0x0a,0x99,ff ce ff 71 0a 99 00 00
2025-10-25 13:23:55,27.13,0xff,0xce,0xff,0x71,0x0a,0x99,ff ce ff 71 0a 99 00 00
2025-10-25 13:23:55,27.13,0xff,0xce,0xff,0x71,0x0a,0x99,ff ce ff 71 0a 99 00 00
2025-10-25 13:23:55,27.13,0xff,0xce,0xff,0x71,0x0a,0x99,ff ce ff 71 0a 99 00 00
2025-10-25 13:23:55,27.13,0xff,0xce,0xff,0x71,0x0a,0x99,ff ce ff 71 0a 99 00 00
2025-10-25 13:23:55,27.13,0xff,0xce,0xff,0x71,0x0a,0x99,ff ce ff 71 0a 99 00 00
2025-10-25 13:23:55,27.13,0xff,0xce,0xff,0x71,0x0a,0x99,ff ce ff 71 0a 99 00 00
2025-10-25 13:23:55,27.13,0xff,0xce,0xff,0x71,0x0a,0x99,ff ce ff 71 0a 99 00 00
2025-10-25 13:23:55,27.13,0xff,0xce,0xff,0x71,0x0a,0x99,ff ce ff 71 0a 99 00 00
2025-10-25 13:23:55,27.13,0xff,0xce,0xff,0x71,0x0a,0x99,ff ce ff 71 0a 99 00 00
2025-10-25 13:23:55,27.13,0xff,0xce,0xff,0x71,0x0a,0x99,ff ce ff 71 0a 99 00 00
2025-10-25 13:23:55,27.13,0xff,0xce,0xff,0x71,0x0a,0x99,ff ce ff 71 0a 99 00 00
2025-10-25 13:23:55,27.13,0xff,0xce,0xff,0x71,0x0a,0x99,ff ce ff 71 0a 99 00 00
2025-10-25 13:23:55,27.13,0xff,0xce,0xff,0x71,0x0a,0x99,ff ce ff 71 0a 99 00 00
2025-10-25 13:23:55,27.13,0xff,0xce,0xff,0x71,0x0a,0x99,ff ce ff 71 0a 99 00 00
2025-10-25 13:23:55,27.13,0xff,0xce,0xff,0x71,0x0a,0x99,ff ce ff 71 0a 99 00 00
2025-10-25 13:23:55,27.13,0xff,0xce,0xff,0x71,0x0a,0x99,ff ce ff 71 0a 99 00 00
2025-10-25 13:23:55,27.13,0xff,0xce,0xff,0x71,0x0a,0x99,ff ce ff 71 0a 99 00 00
2025-10-25 13:23:55,27.13,0xff,0xce,0xff,0x71,0x0a,0x99,ff ce ff 71 0a 99 00 00
2025-10-25 13:23:55,27.13,0xff,0xce,0xff,0x71,0x0a,0x99,ff ce ff 71 0a 99 00 00
2025-10-25 13:23:55,27.13,0xff,0xce,0xff,0x71,0x0a,0x99,ff ce ff 71 0a 99 00 00
2025-10-25 13:23:55,27.13,0xff,0xce,0xff,0x71,0x0a,0x99,ff ce ff 71 0a 99 00 00
2025-10-25 13:23:55,27.13,0xff,0xce,0xff,0x71,0x0a,0x99,ff ce ff 71 0a 99 00 00
2025-10-25 13:23:55,27.13,0xff,0xce,0xff,0x71,0x0a,0x99,ff ce ff 71 0a 99 00 00
2025-10-25 13:23:56,27.13,0xff,0xce,0xff,0x71,0x0a,0x99,ff ce ff 71 0a 99 00 00
2025-10-25 13:23:56,27.13,0xff,0xce,0xff,0x71,0x0a,0x99,ff ce ff 71 0a 99 00 00
2025-10-25 13:23:56,27.13,0xff,0xce,0xff,0x71,0x0a,0x99,ff ce ff 71 0a 99 00 00
2025-10-25 13:23:56,27.13,0xff,0xce,0xff,0x71,0x0a,0x99,ff ce ff 71 0a 99 00 00
2025-10-25 13:23:56,27.13,0xff,0xce,0xff,0x71,0x0a,0x99,ff ce ff 71 0a 99 00 00
2025-10-25 13:23:56,27.13,0xff,0xce,0xff,0x71,0x0a,0x99,ff ce ff 71 0a 99 00 00
2025-10-25 13:23:56,27.13,0xff,0xce,0xff,0x71,0x0a,0x99,ff ce ff 71 0a 99 00 00
2025-10-25 13:23:56,27.13,0xff,0xce,0xff,0x71,0x0a,0x99,ff ce ff 71 0a 99 00 00
2025-10-25 13:23:56,27.13,0xff,0xce,0xff,0x71,0x0a,0x99,ff ce ff 71 0a 99 00 00
2025-10-25 13:23:56,27.13,0xff,0xce,0xff,0x71,0x0a,0x99,ff ce ff 71 0a 99 00 00
2025-10-25 13:23:56,27.13,0xff,0xce,0xff,0x71,0x0a,0x99,ff ce ff 71 0a 99 00 00
2025-10-25 13:23:56,27.13,0xff,0xce,0xff,0x71,0x0a,0x99,ff ce ff 71 0a 99 00 00
2025-10-25 13:23:56,27.13,0xff,0xce,0xff,0x71,0x0a,0x99,ff ce ff 71 0a 99 00 00
2025-10-25 13:23:56,27.13,0xff,0xce,0xff,0x71,0x0a,0x99,ff ce ff 71 0a 99 00 00
2025-10-25 13:23:56,27.13,0xff,0xce,0xff,0x71,0x0a,0x99,ff ce ff 71 0a 99 00 00
2025-10-25 13:23:56,27.13,0xff,0xce,0xff,0x71,0x0a,0x99,ff ce ff 71 0a 99 00 00
2025-10-25 13:23:56,27.13,0xff,0xce,0xff,0x71,0x0a,0x99,ff ce ff 71 0a 99 00 00
2025-10-25 13:23:56,27.13,0xff,0xce,0xff,0x71,0x0a,0x99,ff ce ff 71 0a 99 00 00
2025-10-25 13:23:56,27.13,0xff,0xce,0xff,0x71,0x0a,0x99,ff ce ff 71 0a 99 00 00
2025-10-25 13:23:56,27.13,0xff,0xce,0xff,0x71,0x0a,0x99,ff ce ff 71 0a 99 00 00
2025-10-25 13:23:56,27.13,0xff,0xce,0xff,0x71,0x0a,0x99,ff ce ff 71 0a 99 00 00
2025-10-25 13:23:56,27.13,0xff,0xce,0xff,0x71,0x0a,0x99,ff ce ff 71 0a 99 00 00
2025-10-25 13:23:56,27.13,0xff,0xce,0xff,0x71,0x0a,0x99,ff ce ff 71 0a 99 00 00
2025-10-25 13:23:56,27.13,0xff,0xce,0xff,0x71,0x0a,0x99,ff ce ff 71 0a 99 00 00
2025-10-25 13:23:56,27.13,0xff,0xce,0xff,0x71,0x0a,0x99,ff ce ff 71 0a 99 00 00
2025-10-25 13:23:56,27.13,0xff,0xce,0xff,0x71,0x0a,0x99,ff ce ff 71 0a 99 00 00
2025-10-25 13:23:56,27.13,0xff,0xce,0xff,0x71,0x0a,0x99,ff ce ff 71 0a 99 00 00
2025-10-25 13:23:56,27.13,0xff,0xce,0xff,0x71,0x0a,0x99,ff ce ff 71 0a 99 00 00
2025-10-25 13:23:56,27.13,0xff,0xce,0xff,0x71,0x0a,0x99,ff ce ff 71 0a 99 00 00
2025-10-25 13:23:56,27.13,0xff,0xce,0xff,0x71,0x0a,0x99,ff ce ff 71 0a 99 00 00
2025-10-25 13:23:56,27.13,0xff,0xce,0xff,0x71,0x0a,0x99,ff ce ff 71 0a 99 00 00
2025-10-25 13:23:56,27.13,0xff,0xce,0xff,0x71,0x0a,0x99,ff ce ff 71 0a 99 00 00
2025-10-25 13:23:56,27.13,0xff,0xce,0xff,0x71,0x0a,0x99,ff ce ff 71 0a 99 00 00
2025-10-25 13:23:56,27.13,0xff,0xce,0xff,0x71,0x0a,0x99,ff ce ff 71 0a 99 00 00
2025-10-25 13:23:56,27.13,0xff,0xce,0xff,0x71,0x0a,0x99,ff ce ff 71 0a 99 00 00
2025-10-25 13:23:56,27.13,0xff,0xce,0xff,0x71,0x0a,0x99,ff ce ff 71 0a 99 00 00
2025-10-25 13:23:56,27.13,0xff,0xce,0xff,0x71,0x0a,0x99,ff ce ff 71 0a 99 00 00
2025-10-25 13:23:56,27.13,0xff,0xce,0xff,0x71,0x0a,0x99,ff ce ff 71 0a 99 00 00
2025-10-25 13:23:56,27.13,0xff,0xce,0xff,0x71,0x0a,0x99,ff ce ff 71 0a 99 00 00
2025-10-25 13:23:56,27.13,0xff,0xce,0xff,0x71,0x0a,0x99,ff ce ff 71 0a 99 00 00
2025-10-25 13:23:56,27.13,0xff,0xce,0xff,0x71,0x0a,0x99,ff ce ff 71 0a 99 00 00
2025-10-25 13:23:56,27.13,0xff,0xce,0xff,0x71,0x0a,0x99,ff ce ff 71 0a 99 00 00
2025-10-25 13:23:56,27.13,0xff,0xce,0xff,0x71,0x0a,0x99,ff ce ff 71 0a 99 00 00
2025-10-25 13:23:56,27.13,0xff,0xce,0xff,0x71,0x0a,0x99,ff ce ff 71 0a 99 00 00
2025-10-25 13:23:56,27.13,0xff,0xce,0xff,0x71,0x0a,0x99,ff ce ff 71 0a 99 00 00
2025-10-25 13:23:56,27.13,0xff,0xce,0xff,0x71,0x0a,0x99,ff ce ff 71 0a 99 00 00
2025-10-25 13:23:56,27.13,0xff,0xce,0xff,0x71,0x0a,0x99,ff ce ff 71 0a 99 00 00
2025-10-25 13:23:56,27.13,0xff,0xce,0xff,0x71,0x0a,0x99,ff ce ff 71 0a 99 00 00
2025-10-25 13:23:56,27.13,0xff,0xce,0xff,0x71,0x0a,0x99,ff ce ff 71 0a 99 00 00
2025-10-25 13:23:56,27.13,0xff,0xce,0xff,0x71,0x0a,0x99,ff ce ff 71 0a 99 00 00
2025-10-25 13:23:56,27.13,0xff,0xce,0xff,0x71,0x0a,0x99,ff ce ff 71 0a 99 00 00
2025-10-25 13:23:57,27.13,0xff,0xce,0xff,0x71,0x0a,0x99,ff ce ff 71 0a 99 00 00
2025-10-25 13:23:57,27.13,0xff,0xce,0xff,0x71,0x0a,0x99,ff ce ff 71 0a 99 00 00
2025-10-25 13:23:57,27.13,0xff,0xce,0xff,0x71,0x0a,0x99,ff ce ff 71 0a 99 00 00
2025-10-25 13:23:57,27.13,0xff,0xce,0xff,0x71,0x0a,0x99,ff ce ff 71 0a 99 00 00
2025-10-25 13:23:57,27.13,0xff,0xce,0xff,0x71,0x0a,0x99,ff ce ff 71 0a 99 00 00
2025-10-25 13:23:57,27.13,0xff,0xce,0xff,0x71,0x0a,0x99,ff ce ff 71 0a 99 00 00
2025-10-25 13:23:57,27.13,0xff,0xce,0xff,0x71,0x0a,0x99,ff ce ff 71 0a 99 00 00
2025-10-25 13:23:57,27.13,0xff,0xce,0xff,0x71,0x0a,0x99,ff ce ff 71 0a 99 00 00
2025-10-25 13:23:57,27.13,0xff,0xce,0xff,0x71,0x0a,0x99,ff ce ff 71 0a 99 00 00
2025-10-25 13:23:57,27.13,0xff,0xce,0xff,0x71,0x0a,0x99,ff ce ff 71 0a 99 00 00
2025-10-25 13:23:57,27.13,0xff,0xce,0xff,0x71,0x0a,0x99,ff ce ff 71 0a 99 00 00
2025-10-25 13:23:57,27.13,0xff,0xce,0xff,0x71,0x0a,0x99,ff ce ff 71 0a 99 00 00
2025-10-25 13:23:57,27.13,0xff,0xce,0xff,0x71,0x0a,0x99,ff ce ff 71 0a 99 00 00
2025-10-25 13:23:57,27.13,0xff,0xce,0xff,0x71,0x0a,0x99,ff ce ff 71 0a 99 00 00
2025-10-25 13:23:57,27.13,0xff,0xce,0xff,0x71,0x0a,0x99,ff ce ff 71 0a 99 00 00
2025-10-25 13:23:57,27.13,0xff,0xce,0xff,0x71,0x0a,0x99,ff ce ff 71 0a 99 00 00
2025-10-25 13:23:57,27.13,0xff,0xce,0xff,0x71,0x0a,0x99,ff ce ff 71 0a 99 00 00
2025-10-25 13:23:57,27.13,0xff,0xce,0xff,0x71,0x0a,0x99,ff ce ff 71 0a 99 00 00
2025-10-25 13:23:57,27.13,0xff,0xce,0xff,0x71,0x0a,0x99,ff ce ff 71 0a 99 00 00
2025-10-25 13:23:57,27.13,0xff,0xce,0xff,0x71,0x0a,0x99,ff ce ff 71 0a 99 00 00
2025-10-25 13:23:57,27.13,0xff,0xce,0xff,0x71,0x0a,0x99,ff ce ff 71 0a 99 00 00
2025-10-25 13:23:57,27.13,0xff,0xce,0xff,0x71,0x0a,0x99,ff ce ff 71 0a 99 00 00
2025-10-25 13:23:57,27.13,0xff,0xce,0xff,0x71,0x0a,0x99,ff ce ff 71 0a 99 00 00
2025-10-25 13:23:57,27.13,0xff,0xce,0xff,0x71,0x0a,0x99,ff ce ff 71 0a 99 00 00
2025-10-25 13:23:57,27.13,0xff,0xce,0xff,0x71,0x0a,0x99,ff ce ff 71 0a 99 00 00
2025-10-25 13:23:57,27.13,0xff,0xce,0xff,0x71,0x0a,0x99,ff ce ff 71 0a 99 00 00
2025-10-25 13:23:57,27.13,0xff,0xce,0xff,0x71,0x0a,0x99,ff ce ff 71 0a 99 00 00
2025-10-25 13:23:57,27.13,0xff,0xce,0xff,0x71,0x0a,0x99,ff ce ff 71 0a 99 00 00
2025-10-25 13:23:57,27.13,0xff,0xce,0xff,0x71,0x0a,0x99,ff ce ff 71 0a 99 00 00
2025-10-25 13:23:57,27.13,0xff,0xce,0xff,0x71,0x0a,0x99,ff ce ff 71 0a 99 00 00
2025-10-25 13:23:57,27.13,0xff,0xce,0xff,0x71,0x0a,0x99,ff ce ff 71 0a 99 00 00
2025-10-25 13:23:57,27.13,0xff,0xce,0xff,0x71,0x0a,0x99,ff ce ff 71 0a 99 00 00
2025-10-25 13:23:57,27.13,0xff,0xce,0xff,0x71,0x0a,0x99,ff ce ff 71 0a 99 00 00
2025-10-25 13:23:57,27.13,0xff,0xce,0xff,0x71,0x0a,0x99,ff ce ff 71 0a 99 00 00
2025-10-25 13:23:57,27.13,0xff,0xce,0xff,0x71,0x0a,0x99,ff ce ff 71 0a 99 00 00
2025-10-25 13:23:57,27.13,0xff,0xce,0xff,0x71,0x0a,0x99,ff ce ff 71 0a 99 00 00
2025-10-25 13:23:57,27.13,0xff,0xce,0xff,0x71,0x0a,0x99,ff ce ff 71 0a 99 00 00
2025-10-25 13:23:57,27.13,0xff,0xce,0xff,0x71,0x0a,0x99,ff ce ff 71 0a 99 00 00
2025-10-25 13:23:57,27.13,0xff,0xce,0xff,0x71,0x0a,0x99,ff ce ff 71 0a 99 00 00
2025-10-25 13:23:57,27.13,0xff,0xce,0xff,0x71,0x0a,0x99,ff ce ff 71 0a 99 00 00
2025-10-25 13:23:57,27.13,0xff,0xce,0xff,0x71,0x0a,0x99,ff ce ff 71 0a 99 00 00
2025-10-25 13:23:57,27.13,0xff,0xce,0xff,0x71,0x0a,0x99,ff ce ff 71 0a 99 00 00
2025-10-25 13:23:57,27.13,0xff,0xce,0xff,0x71,0x0a,0x99,ff ce ff 71 0a 99 00 00
2025-10-25 13:23:57,27.13,0xff,0xce,0xff,0x71,0x0a,0x99,ff ce ff 71 0a 99 00 00
2025-10-25 13:23:57,27.13,0xff,0xce,0xff,0x71,0x0a,0x99,ff ce ff 71 0a 99 00 00
2025-10-25 13:23:57,27.13,0xff,0xce,0xff,0x71,0x0a,0x99,ff ce ff 71 0a 99 00 00
2025-10-25 13:23:57,27.13,0xff,0xce,0xff,0x71,0x0a,0x99,ff ce ff 71 0a 99 00 00
2025-10-25 13:23:57,27.13,0xff,0xce,0xff,0x71,0x0a,0x99,ff ce ff 71 0a 99 00 00
2025-10-25 13:23:57,27.13,0xff,0xce,0xff,0x71,0x0a,0x99,ff ce ff 71 0a 99 00 00
2025-10-25 13:23:57,27.13,0xff,0xce,0xff,0x71,0x0a,0x99,ff ce ff 71 0a 99 00 00
2025-10-25 13:23:57,27.13,0xff,0xce,0xff,0x71,0x0a,0x99,ff ce ff 71 0a 99 00 00
2025-10-25 13:23:57,27.13,0xff,0xce,0xff,0x71,0x0a,0x99,ff ce ff 71 0a 99 00 00
2025-10-25 13:23:58,27.13,0xff,0xce,0xff,0x71,0x0a,0x99,ff ce ff 71 0a 99 00 00
2025-10-25 13:23:58,27.13,0xff,0xce,0xff,0x71,0x0a,0x99,ff ce ff 71 0a 99 00 00
2025-10-25 13:23:58,27.13,0xff,0xce,0xff,0x71,0x0a,0x99,ff ce ff 71 0a 99 00 00
2025-10-25 13:23:58,27.13,0xff,0xce,0xff,0x71,0x0a,0x99,ff ce ff 71 0a 99 00 00
2025-10-25 13:23:58,27.13,0xff,0xce,0xff,0x71,0x0a,0x99,ff ce ff 71 0a 99 00 00
2025-10-25 13:23:58,27.13,0xff,0xce,0xff,0x71,0x0a,0x99,ff ce ff 71 0a 99 00 00
2025-10-25 13:23:58,27.13,0xff,0xce,0xff,0x71,0x0a,0x99,ff ce ff 71 0a 99 00 00
2025-10-25 13:23:58,27.13,0xff,0xce,0xff,0x71,0x0a,0x99,ff ce ff 71 0a 99 00 00
2025-10-25 13:23:58,27.13,0xff,0xce,0xff,0x71,0x0a,0x99,ff ce ff 71 0a 99 00 00
2025-10-25 13:23:58,27.13,0xff,0xce,0xff,0x71,0x0a,0x99,ff ce ff 71 0a 99 00 00
2025-10-25 13:23:58,27.13,0xff,0xce,0xff,0x71,0x0a,0x99,ff ce ff 71 0a 99 00 00
2025-10-25 13:23:58,27.13,0xff,0xce,0xff,0x71,0x0a,0x99,ff ce ff 71 0a 99 00 00
2025-10-25 13:23:58,27.13,0xff,0xce,0xff,0x71,0x0a,0x99,ff ce ff 71 0a 99 00 00
2025-10-25 13:23:58,27.13,0xff,0xce,0xff,0x71,0x0a,0x99,ff ce ff 71 0a 99 00 00
2025-10-25 13:23:58,27.13,0xff,0xce,0xff,0x71,0x0a,0x99,ff ce ff 71 0a 99 00 00
2025-10-25 13:23:58,27.13,0xff,0xce,0xff,0x71,0x0a,0x99,ff ce ff 71 0a 99 00 00
2025-10-25 13:23:58,27.13,0xff,0xce,0xff,0x71,0x0a,0x99,ff ce ff 71 0a 99 00 00
2025-10-25 13:23:58,27.13,0xff,0xce,0xff,0x71,0x0a,0x99,ff ce ff 71 0a 99 00 00
2025-10-25 13:23:58,27.13,0xff,0xce,0xff,0x71,0x0a,0x99,ff ce ff 71 0a 99 00 00
2025-10-25 13:23:58,27.13,0xff,0xce,0xff,0x71,0x0a,0x99,ff ce ff 71 0a 99 00 00
2025-10-25 13:23:58,27.13,0xff,0xce,0xff,0x71,0x0a,0x99,ff ce ff 71 0a 99 00 00
2025-10-25 13:23:58,27.13,0xff,0xce,0xff,0x71,0x0a,0x99,ff ce ff 71 0a 99 00 00
2025-10-25 13:23:58,27.13,0xff,0xce,0xff,0x71,0x0a,0x99,ff ce ff 71 0a 99 00 00
2025-10-25 13:23:58,27.13,0xff,0xce,0xff,0x71,0x0a,0x99,ff ce ff 71 0a 99 00 00
2025-10-25 13:23:58,27.13,0xff,0xce,0xff,0x71,0x0a,0x99,ff ce ff 71 0a 99 00 00
2025-10-25 13:23:58,27.13,0xff,0xce,0xff,0x71,0x0a,0x99,ff ce ff 71 0a 99 00 00
2025-10-25 13:23:58,27.13,0xff,0xce,0xff,0x71,0x0a,0x99,ff ce ff 71 0a 99 00 00
2025-10-25 13:23:58,27.13,0xff,0xce,0xff,0x71,0x0a,0x99,ff ce ff 71 0a 99 00 00
2025-10-25 13:23:58,27.13,0xff,0xce,0xff,0x71,0x0a,0x99,ff ce ff 71 0a 99 00 00
2025-10-25 13:23:58,27.13,0xff,0xce,0xff,0x71,0x0a,0x99,ff ce ff 71 0a 99 00 00
2025-10-25 13:23:58,27.13,0xff,0xce,0xff,0x71,0x0a,0x99,ff ce ff 71 0a 99 00 00
2025-10-25 13:23:58,27.13,0xff,0xce,0xff,0x71,0x0a,0x99,ff ce ff 71 0a 99 00 00
2025-10-25 13:23:58,27.13,0xff,0xce,0xff,0x71,0x0a,0x99,ff ce ff 71 0a 99 00 00
2025-10-25 13:23:58,27.13,0xff,0xce,0xff,0x71,0x0a,0x99,ff ce ff 71 0a 99 00 00
2025-10-25 13:23:58,27.13,0xff,0xce,0xff,0x71,0x0a,0x99,ff ce ff 71 0a 99 00 00
2025-10-25 13:23:58,27.13,0xff,0xce,0xff,0x71,0x0a,0x99,ff ce ff 71 0a 99 00 00
2025-10-25 13:23:58,27.13,0xff,0xce,0xff,0x71,0x0a,0x99,ff ce ff 71 0a 99 00 00
2025-10-25 13:23:58,27.13,0xff,0xce,0xff,0x71,0x0a,0x99,ff ce ff 71 0a 99 00 00
2025-10-25 13:23:58,27.13,0xff,0xce,0xff,0x71,0x0a,0x99,ff ce ff 71 0a 99 00 00
2025-10-25 13:23:58,27.13,0xff,0xce,0xff,0x71,0x0a,0x99,ff ce ff 71 0a 99 00 00
2025-10-25 13:23:58,27.13,0xff,0xce,0xff,0x71,0x0a,0x99,ff ce ff 71 0a 99 00 00
2025-10-25 13:23:58,27.13,0xff,0xce,0xff,0x71,0x0a,0x99,ff ce ff 71 0a 99 00 00
2025-10-25 13:23:58,27.13,0xff,0xce,0xff,0x71,0x0a,0x99,ff ce ff 71 0a 99 00 00
2025-10-25 13:23:58,27.13,0xff,0xce,0xff,0x71,0x0a,0x99,ff ce ff 71 0a 99 00 00
2025-10-25 13:23:58,27.13,0xff,0xce,0xff,0x71,0x0a,0x99,ff ce ff 71 0a 99 00 00
2025-10-25 13:23:58,27.13,0xff,0xce,0xff,0x71,0x0a,0x99,ff ce ff 71 0a 99 00 00
2025-10-25 13:23:58,36.06,0xff,0xce,0xff,0x71,0x0e,0x16,ff ce ff 71 0e 16 00 00
2025-10-25 13:23:58,36.06,0xff,0xce,0xff,0x71,0x0e,0x16,ff ce ff 71 0e 16 00 00
2025-10-25 13:23:58,36.06,0xff,0xce,0xff,0x71,0x0e,0x16,ff ce ff 71 0e 16 00 00
2025-10-25 13:23:58,36.5,0xff,0xce,0xff,0x71,0x0e,0x42,ff ce ff 71 0e 42 00 00
2025-10-25 13:23:58,36.5,0xff,0xce,0xff,0x71,0x0e,0x42,ff ce ff 71 0e 42 00 00
2025-10-25 13:23:58,36.87,0xff,0xce,0xff,0x71,0x0e,0x67,ff ce ff 71 0e 67 00 00
2025-10-25 13:23:58,36.87,0xff,0xce,0xff,0x71,0x0e,0x67,ff ce ff 71 0e 67 00 00
2025-10-25 13:23:59,36.87,0xff,0xce,0xff,0x71,0x0e,0x67,ff ce ff 71 0e 67 00 00
2025-10-25 13:23:59,37.12,0xff,0xce,0xff,0x71,0x0e,0x80,ff ce ff 71 0e 80 00 00
2025-10-25 13:23:59,37.12,0xff,0xce,0xff,0x71,0x0e,0x80,ff ce ff 71 0e 80 00 00
2025-10-25 13:23:59,37.12,0xff,0xce,0xff,0x71,0x0e,0x80,ff ce ff 71 0e 80 00 00
2025-10-25 13:23:59,37.12,0xff,0xce,0xff,0x71,0x0e,0x80,ff ce ff 71 0e 80 00 00
2025-10-25 13:23:59,37.12,0xff,0xce,0xff,0x71,0x0e,0x80,ff ce ff 71 0e 80 00 00
2025-10-25 13:23:59,36.87,0xff,0xce,0xff,0x71,0x0e,0x67,ff ce ff 71 0e 67 00 00
2025-10-25 13:23:59,36.87,0xff,0xce,0xff,0x71,0x0e,0x67,ff ce ff 71 0e 67 00 00
2025-10-25 13:23:59,36.87,0xff,0xce,0xff,0x71,0x0e,0x67,ff ce ff 71 0e 67 00 00
2025-10-25 13:23:59,36.5,0xff,0xce,0xff,0x71,0x0e,0x42,ff ce ff 71 0e 42 00 00
2025-10-25 13:23:59,36.5,0xff,0xce,0xff,0x71,0x0e,0x42,ff ce ff 71 0e 42 00 00
2025-10-25 13:23:59,36.5,0xff,0xce,0xff,0x71,0x0e,0x42,ff ce ff 71 0e 42 00 00
2025-10-25 13:23:59,36.5,0xff,0xce,0xff,0x71,0x0e,0x42,ff ce ff 71 0e 42 00 00
2025-10-25 13:23:59,36.5,0xff,0xce,0xff,0x71,0x0e,0x42,ff ce ff 71 0e 42 00 00
2025-10-25 13:23:59,36.5,0xff,0xce,0xff,0x71,0x0e,0x42,ff ce ff 71 0e 42 00 00
2025-10-25 13:23:59,36.5,0xff,0xce,0xff,0x71,0x0e,0x42,ff ce ff 71 0e 42 00 00
2025-10-25 13:23:59,36.5,0xff,0xce,0xff,0x71,0x0e,0x42,ff ce ff 71 0e 42 00 00
2025-10-25 13:23:59,36.5,0xff,0xce,0xff,0x71,0x0e,0x42,ff ce ff 71 0e 42 00 00
2025-10-25 13:23:59,36.5,0xff,0xce,0xff,0x71,0x0e,0x42,ff ce ff 71 0e 42 00 00
2025-10-25 13:23:59,36.5,0xff,0xce,0xff,0x71,0x0e,0x42,ff ce ff 71 0e 42 00 00
2025-10-25 13:23:59,36.5,0xff,0xce,0xff,0x71,0x0e,0x42,ff ce ff 71 0e 42 00 00
2025-10-25 13:23:59,36.5,0xff,0xce,0xff,0x71,0x0e,0x42,ff ce ff 71 0e 42 00 00
2025-10-25 13:23:59,36.5,0xff,0xce,0xff,0x71,0x0e,0x42,ff ce ff 71 0e 42 00 00
2025-10-25 13:23:59,36.5,0xff,0xce,0xff,0x71,0x0e,0x42,ff ce ff 71 0e 42 00 00
2025-10-25 13:23:59,36.5,0xff,0xce,0xff,0x71,0x0e,0x42,ff ce ff 71 0e 42 00 00
2025-10-25 13:23:59,36.5,0xff,0xce,0xff,0x71,0x0e,0x42,ff ce ff 71 0e 42 00 00
2025-10-25 13:23:59,36.5,0xff,0xce,0xff,0x71,0x0e,0x42,ff ce ff 71 0e 42 00 00
2025-10-25 13:23:59,36.5,0xff,0xce,0xff,0x71,0x0e,0x42,ff ce ff 71 0e 42 00 00
2025-10-25 13:23:59,36.5,0xff,0xce,0xff,0x71,0x0e,0x42,ff ce ff 71 0e 42 00 00
2025-10-25 13:23:59,36.5,0xff,0xce,0xff,0x71,0x0e,0x42,ff ce ff 71 0e 42 00 00
2025-10-25 13:23:59,36.5,0xff,0xce,0xff,0x71,0x0e,0x42,ff ce ff 71 0e 42 00 00
2025-10-25 13:23:59,36.5,0xff,0xce,0xff,0x71,0x0e,0x42,ff ce ff 71 0e 42 00 00
2025-10-25 13:23:59,36.5,0xff,0xce,0xff,0x71,0x0e,0x42,ff ce ff 71 0e 42 00 00
2025-10-25 13:23:59,36.5,0xff,0xce,0xff,0x71,0x0e,0x42,ff ce ff 71 0e 42 00 00
2025-10-25 13:23:59,36.5,0xff,0xce,0xff,0x71,0x0e,0x42,ff ce ff 71 0e 42 00 00
2025-10-25 13:23:59,36.5,0xff,0xce,0xff,0x71,0x0e,0x42,ff ce ff 71 0e 42 00 00
2025-10-25 13:23:59,36.5,0xff,0xce,0xff,0x71,0x0e,0x42,ff ce ff 71 0e 42 00 00
2025-10-25 13:23:59,36.5,0xff,0xce,0xff,0x71,0x0e,0x42,ff ce ff 71 0e 42 00 00
2025-10-25 13:23:59,36.5,0xff,0xce,0xff,0x71,0x0e,0x42,ff ce ff 71 0e 42 00 00
2025-10-25 13:23:59,36.5,0xff,0xce,0xff,0x71,0x0e,0x42,ff ce ff 71 0e 42 00 00
2025-10-25 13:23:59,36.5,0xff,0xce,0xff,0x71,0x0e,0x42,ff ce ff 71 0e 42 00 00
2025-10-25 13:23:59,36.5,0xff,0xce,0xff,0x71,0x0e,0x42,ff ce ff 71 0e 42 00 00
2025-10-25 13:23:59,36.5,0xff,0xce,0xff,0x71,0x0e,0x42,ff ce ff 71 0e 42 00 00
2025-10-25 13:23:59,36.5,0xff,0xce,0xff,0x71,0x0e,0x42,ff ce ff 71 0e 42 00 00
2025-10-25 13:23:59,36.5,0xff,0xce,0xff,0x71,0x0e,0x42,ff ce ff 71 0e 42 00 00
2025-10-25 13:23:59,36.5,0xff,0xce,0xff,0x71,0x0e,0x42,ff ce ff 71 0e 42 00 00
2025-10-25 13:23:59,36.5,0xff,0xce,0xff,0x71,0x0e,0x42,ff ce ff 71 0e 42 00 00
2025-10-25 13:23:59,36.5,0xff,0xce,0xff,0x71,0x0e,0x42,ff ce ff 71 0e 42 00 00
2025-10-25 13:23:59,36.5,0xff,0xce,0xff,0x71,0x0e,0x42,ff ce ff 71 0e 42 00 00
2025-10-25 13:23:59,36.5,0xff,0xce,0xff,0x71,0x0e,0x42,ff ce ff 71 0e 42 00 00
2025-10-25 13:23:59,36.5,0xff,0xce,0xff,0x71,0x0e,0x42,ff ce ff 71 0e 42 00 00
2025-10-25 13:23:59,36.5,0xff,0xce,0xff,0x71,0x0e,0x42,ff ce ff 71 0e 42 00 00
2025-10-25 13:24:00,36.5,0xff,0xce,0xff,0x71,0x0e,0x42,ff ce ff 71 0e 42 00 00
2025-10-25 13:24:00,36.5,0xff,0xce,0xff,0x71,0x0e,0x42,ff ce ff 71 0e 42 00 00
2025-10-25 13:24:00,36.5,0xff,0xce,0xff,0x71,0x0e,0x42,ff ce ff 71 0e 42 00 00
2025-10-25 13:24:00,36.5,0xff,0xce,0xff,0x71,0x0e,0x42,ff ce ff 71 0e 42 00 00
2025-10-25 13:24:00,36.5,0xff,0xce,0xff,0x71,0x0e,0x42,ff ce ff 71 0e 42 00 00
2025-10-25 13:24:00,36.5,0xff,0xce,0xff,0x71,0x0e,0x42,ff ce ff 71 0e 42 00 00
2025-10-25 13:24:00,36.5,0xff,0xce,0xff,0x71,0x0e,0x42,ff ce ff 71 0e 42 00 00
2025-10-25 13:24:00,36.5,0xff,0xce,0xff,0x71,0x0e,0x42,ff ce ff 71 0e 42 00 00
2025-10-25 13:24:00,36.5,0xff,0xce,0xff,0x71,0x0e,0x42,ff ce ff 71 0e 42 00 00
2025-10-25 13:24:00,36.5,0xff,0xce,0xff,0x71,0x0e,0x42,ff ce ff 71 0e 42 00 00
2025-10-25 13:24:00,36.5,0xff,0xce,0xff,0x71,0x0e,0x42,ff ce ff 71 0e 42 00 00
2025-10-25 13:24:00,36.5,0xff,0xce,0xff,0x71,0x0e,0x42,ff ce ff 71 0e 42 00 00
2025-10-25 13:24:00,36.5,0xff,0xce,0xff,0x71,0x0e,0x42,ff ce ff 71 0e 42 00 00
2025-10-25 13:24:00,36.5,0xff,0xce,0xff,0x71,0x0e,0x42,ff ce ff 71 0e 42 00 00
2025-10-25 13:24:00,36.5,0xff,0xce,0xff,0x71,0x0e,0x42,ff ce ff 71 0e 42 00 00
2025-10-25 13:24:00,36.5,0xff,0xce,0xff,0x71,0x0e,0x42,ff ce ff 71 0e 42 00 00
2025-10-25 13:24:00,36.5,0xff,0xce,0xff,0x71,0x0e,0x42,ff ce ff 71 0e 42 00 00
2025-10-25 13:24:00,36.5,0xff,0xce,0xff,0x71,0x0e,0x42,ff ce ff 71 0e 42 00 00
2025-10-25 13:24:00,36.5,0xff,0xce,0xff,0x71,0x0e,0x42,ff ce ff 71 0e 42 00 00
2025-10-25 13:24:00,36.5,0xff,0xce,0xff,0x71,0x0e,0x42,ff ce ff 71 0e 42 00 00
2025-10-25 13:24:00,36.5,0xff,0xce,0xff,0x71,0x0e,0x42,ff ce ff 71 0e 42 00 00
2025-10-25 13:24:00,36.5,0xff,0xce,0xff,0x71,0x0e,0x42,ff ce ff 71 0e 42 00 00
2025-10-25 13:24:00,36.5,0xff,0xce,0xff,0x71,0x0e,0x42,ff ce ff 71 0e 42 00 00
2025-10-25 13:24:00,36.5,0xff,0xce,0xff,0x71,0x0e,0x42,ff ce ff 71 0e 42 00 00
2025-10-25 13:24:00,36.5,0xff,0xce,0xff,0x71,0x0e,0x42,ff ce ff 71 0e 42 00 00
2025-10-25 13:24:00,36.5,0xff,0xce,0xff,0x71,0x0e,0x42,ff ce ff 71 0e 42 00 00
2025-10-25 13:24:00,36.5,0xff,0xce,0xff,0x71,0x0e,0x42,ff ce ff 71 0e 42 00 00
2025-10-25 13:24:00,36.5,0xff,0xce,0xff,0x71,0x0e,0x42,ff ce ff 71 0e 42 00 00
2025-10-25 13:24:00,36.5,0xff,0xce,0xff,0x71,0x0e,0x42,ff ce ff 71 0e 42 00 00
2025-10-25 13:24:00,36.5,0xff,0xce,0xff,0x71,0x0e,0x42,ff ce ff 71 0e 42 00 00
2025-10-25 13:24:00,36.5,0xff,0xce,0xff,0x71,0x0e,0x42,ff ce ff 71 0e 42 00 00
2025-10-25 13:24:00,36.5,0xff,0xce,0xff,0x71,0x0e,0x42,ff ce ff 71 0e 42 00 00
2025-10-25 13:24:00,36.5,0xff,0xce,0xff,0x71,0x0e,0x42,ff ce ff 71 0e 42 00 00
2025-10-25 13:24:00,36.5,0xff,0xce,0xff,0x71,0x0e,0x42,ff ce ff 71 0e 42 00 00
2025-10-25 13:24:00,36.5,0xff,0xce,0xff,0x71,0x0e,0x42,ff ce ff 71 0e 42 00 00
2025-10-25 13:24:00,36.5,0xff,0xce,0xff,0x71,0x0e,0x42,ff ce ff 71 0e 42 00 00
2025-10-25 13:24:00,36.5,0xff,0xce,0xff,0x71,0x0e,0x42,ff ce ff 71 0e 42 00 00
2025-10-25 13:24:00,36.5,0xff,0xce,0xff,0x71,0x0e,0x42,ff ce ff 71 0e 42 00 00
2025-10-25 13:24:00,36.5,0xff,0xce,0xff,0x71,0x0e,0x42,ff ce ff 71 0e 42 00 00
2025-10-25 13:24:00,36.5,0xff,0xce,0xff,0x71,0x0e,0x42,ff ce ff 71 0e 42 00 00
2025-10-25 13:24:00,36.5,0xff,0xce,0xff,0x71,0x0e,0x42,ff ce ff 71 0e 42 00 00
2025-10-25 13:24:00,36.5,0xff,0xce,0xff,0x71,0x0e,0x42,ff ce ff 71 0e 42 00 00
2025-10-25 13:24:00,36.5,0xff,0xce,0xff,0x71,0x0e,0x42,ff ce ff 71 0e 42 00 00
2025-10-25 13:24:00,36.5,0xff,0xce,0xff,0x71,0x0e,0x42,ff ce ff 71 0e 42 00 00
2025-10-25 13:24:00,36.5,0xff,0xce,0xff,0x71,0x0e,0x42,ff ce ff 71 0e 42 00 00
2025-10-25 13:24:00,36.5,0xff,0xce,0xff,0x71,0x0e,0x42,ff ce ff 71 0e 42 00 00
2025-10-25 13:24:00,36.5,0xff,0xce,0xff,0x71,0x0e,0x42,ff ce ff 71 0e 42 00 00
2025-10-25 13:24:00,36.5,0xff,0xce,0xff,0x71,0x0e,0x42,ff ce ff 71 0e 42 00 00
2025-10-25 13:24:00,36.5,0xff,0xce,0xff,0x71,0x0e,0x42,ff ce ff 71 0e 42 00 00
2025-10-25 13:24:00,36.5,0xff,0xce,0xff,0x71,0x0e,0x42,ff ce ff 71 0e 42 00 00
2025-10-25 13:24:00,36.5,0xff,0xce,0xff,0x71,0x0e,0x42,ff ce ff 71 0e 42 00 00
2025-10-25 13:24:00,36.5,0xff,0xce,0xff,0x71,0x0e,0x42,ff ce ff 71 0e 42 00 00
2025-10-25 13:24:01,36.5,0xff,0xce,0xff,0x71,0x0e,0x42,ff ce ff 71 0e 42 00 00
2025-10-25 13:24:01,36.5,0xff,0xce,0xff,0x71,0x0e,0x42,ff ce ff 71 0e 42 00 00
2025-10-25 13:24:01,36.5,0xff,0xce,0xff,0x71,0x0e,0x42,ff ce ff 71 0e 42 00 00
2025-10-25 13:24:01,36.5,0xff,0xce,0xff,0x71,0x0e,0x42,ff ce ff 71 0e 42 00 00
2025-10-25 13:24:01,36.5,0xff,0xce,0xff,0x71,0x0e,0x42,ff ce ff 71 0e 42 00 00
2025-10-25 13:24:01,36.5,0xff,0xce,0xff,0x71,0x0e,0x42,ff ce ff 71 0e 42 00 00
2025-10-25 13:24:01,36.5,0xff,0xce,0xff,0x71,0x0e,0x42,ff ce ff 71 0e 42 00 00
2025-10-25 13:24:01,36.5,0xff,0xce,0xff,0x71,0x0e,0x42,ff ce ff 71 0e 42 00 00
2025-10-25 13:24:01,36.5,0xff,0xce,0xff,0x71,0x0e,0x42,ff ce ff 71 0e 42 00 00
2025-10-25 13:24:01,36.5,0xff,0xce,0xff,0x71,0x0e,0x42,ff ce ff 71 0e 42 00 00
2025-10-25 13:24:01,36.5,0xff,0xce,0xff,0x71,0x0e,0x42,ff ce ff 71 0e 42 00 00
2025-10-25 13:24:01,36.5,0xff,0xce,0xff,0x71,0x0e,0x42,ff ce ff 71 0e 42 00 00
2025-10-25 13:24:01,36.5,0xff,0xce,0xff,0x71,0x0e,0x42,ff ce ff 71 0e 42 00 00
2025-10-25 13:24:01,36.5,0xff,0xce,0xff,0x71,0x0e,0x42,ff ce ff 71 0e 42 00 00
2025-10-25 13:24:01,36.5,0xff,0xce,0xff,0x71,0x0e,0x42,ff ce ff 71 0e 42 00 00
2025-10-25 13:24:01,36.5,0xff,0xce,0xff,0x71,0x0e,0x42,ff ce ff 71 0e 42 00 00
2025-10-25 13:24:01,36.5,0xff,0xce,0xff,0x71,0x0e,0x42,ff ce ff 71 0e 42 00 00
2025-10-25 13:24:01,36.5,0xff,0xce,0xff,0x71,0x0e,0x42,ff ce ff 71 0e 42 00 00
2025-10-25 13:24:01,36.5,0xff,0xce,0xff,0x71,0x0e,0x42,ff ce ff 71 0e 42 00 00
2025-10-25 13:24:01,36.5,0xff,0xce,0xff,0x71,0x0e,0x42,ff ce ff 71 0e 42 00 00
2025-10-25 13:24:01,36.5,0xff,0xce,0xff,0x71,0x0e,0x42,ff ce ff 71 0e 42 00 00
2025-10-25 13:24:01,36.5,0xff,0xce,0xff,0x71,0x0e,0x42,ff ce ff 71 0e 42 00 00
2025-10-25 13:24:01,36.5,0xff,0xce,0xff,0x71,0x0e,0x42,ff ce ff 71 0e 42 00 00
2025-10-25 13:24:01,36.5,0xff,0xce,0xff,0x71,0x0e,0x42,ff ce ff 71 0e 42 00 00
2025-10-25 13:24:01,36.5,0xff,0xce,0xff,0x71,0x0e,0x42,ff ce ff 71 0e 42 00 00
2025-10-25 13:24:01,36.5,0xff,0xce,0xff,0x71,0x0e,0x42,ff ce ff 71 0e 42 00 00
2025-10-25 13:24:01,36.5,0xff,0xce,0xff,0x71,0x0e,0x42,ff ce ff 71 0e 42 00 00
2025-10-25 13:24:01,36.5,0xff,0xce,0xff,0x71,0x0e,0x42,ff ce ff 71 0e 42 00 00
2025-10-25 13:24:01,36.5,0xff,0xce,0xff,0x71,0x0e,0x42,ff ce ff 71 0e 42 00 00
2025-10-25 13:24:01,36.5,0xff,0xce,0xff,0x71,0x0e,0x42,ff ce ff 71 0e 42 00 00
2025-10-25 13:24:01,36.5,0xff,0xce,0xff,0x71,0x0e,0x42,ff ce ff 71 0e 42 00 00
2025-10-25 13:24:01,36.5,0xff,0xce,0xff,0x71,0x0e,0x42,ff ce ff 71 0e 42 00 00
2025-10-25 13:24:01,36.5,0xff,0xce,0xff,0x71,0x0e,0x42,ff ce ff 71 0e 42 00 00
2025-10-25 13:24:01,36.5,0xff,0xce,0xff,0x71,0x0e,0x42,ff ce ff 71 0e 42 00 00
2025-10-25 13:24:01,36.5,0xff,0xce,0xff,0x71,0x0e,0x42,ff ce ff 71 0e 42 00 00
2025-10-25 13:24:01,36.5,0xff,0xce,0xff,0x71,0x0e,0x42,ff ce ff 71 0e 42 00 00
2025-10-25 13:24:01,36.5,0xff,0xce,0xff,0x71,0x0e,0x42,ff ce ff 71 0e 42 00 00
2025-10-25 13:24:01,36.5,0xff,0xce,0xff,0x71,0x0e,0x42,ff ce ff 71 0e 42 00 00
2025-10-25 13:24:01,36.5,0xff,0xce,0xff,0x71,0x0e,0x42,ff ce ff 71 0e 42 00 00
2025-10-25 13:24:01,36.5,0xff,0xce,0xff,0x71,0x0e,0x42,ff ce ff 71 0e 42 00 00
2025-10-25 13:24:01,36.5,0xff,0xce,0xff,0x71,0x0e,0x42,ff ce ff 71 0e 42 00 00
2025-10-25 13:24:01,36.5,0xff,0xce,0xff,0x71,0x0e,0x42,ff ce ff 71 0e 42 00 00
2025-10-25 13:24:01,36.5,0xff,0xce,0xff,0x71,0x0e,0x42,ff ce ff 71 0e 42 00 00
2025-10-25 13:24:01,36.5,0xff,0xce,0xff,0x71,0x0e,0x42,ff ce ff 71 0e 42 00 00
2025-10-25 13:24:01,36.5,0xff,0xce,0xff,0x71,0x0e,0x42,ff ce ff 71 0e 42 00 00
2025-10-25 13:24:01,36.5,0xff,0xce,0xff,0x71,0x0e,0x42,ff ce ff 71 0e 42 00 00
2025-10-25 13:24:01,36.5,0xff,0xce,0xff,0x71,0x0e,0x42,ff ce ff 71 0e 42 00 00
2025-10-25 13:24:01,36.5,0xff,0xce,0xff,0x71,0x0e,0x42,ff ce ff 71 0e 42 00 00
2025-10-25 13:24:01,36.5,0xff,0xce,0xff,0x71,0x0e,0x42,ff ce ff 71 0e 42 00 00
2025-10-25 13:24:01,36.5,0xff,0xce,0xff,0x71,0x0e,0x42,ff ce ff 71 0e 42 00 00
2025-10-25 13:24:01,36.5,0xff,0xce,0xff,0x71,0x0e,0x42,ff ce ff 71 0e 42 00 00
2025-10-25 13:24:01,36.5,0xff,0xce,0xff,0x71,0x0e,0x42,ff ce ff 71 0e 42 00 00
2025-10-25 13:24:02,36.5,0xff,0xce,0xff,0x71,0x0e,0x42,ff ce ff 71 0e 42 00 00
2025-10-25 13:24:02,36.5,0xff,0xce,0xff,0x71,0x0e,0x42,ff ce ff 71 0e 42 00 00
2025-10-25 13:24:02,36.5,0xff,0xce,0xff,0x71,0x0e,0x42,ff ce ff 71 0e 42 00 00
2025-10-25 13:24:02,36.5,0xff,0xce,0xff,0x71,0x0e,0x42,ff ce ff 71 0e 42 00 00
2025-10-25 13:24:02,36.5,0xff,0xce,0xff,0x71,0x0e,0x42,ff ce ff 71 0e 42 00 00
2025-10-25 13:24:02,36.5,0xff,0xce,0xff,0x71,0x0e,0x42,ff ce ff 71 0e 42 00 00
2025-10-25 13:24:02,36.5,0xff,0xce,0xff,0x71,0x0e,0x42,ff ce ff 71 0e 42 00 00
2025-10-25 13:24:02,36.5,0xff,0xce,0xff,0x71,0x0e,0x42,ff ce ff 71 0e 42 00 00
2025-10-25 13:24:02,36.5,0xff,0xce,0xff,0x71,0x0e,0x42,ff ce ff 71 0e 42 00 00
2025-10-25 13:24:02,36.5,0xff,0xce,0xff,0x71,0x0e,0x42,ff ce ff 71 0e 42 00 00
2025-10-25 13:24:02,36.5,0xff,0xce,0xff,0x71,0x0e,0x42,ff ce ff 71 0e 42 00 00
2025-10-25 13:24:02,36.5,0xff,0xce,0xff,0x71,0x0e,0x42,ff ce ff 71 0e 42 00 00
2025-10-25 13:24:02,36.5,0xff,0xce,0xff,0x71,0x0e,0x42,ff ce ff 71 0e 42 00 00
2025-10-25 13:24:02,36.5,0xff,0xce,0xff,0x71,0x0e,0x42,ff ce ff 71 0e 42 00 00
2025-10-25 13:24:02,36.5,0xff,0xce,0xff,0x71,0x0e,0x42,ff ce ff 71 0e 42 00 00
2025-10-25 13:24:02,36.5,0xff,0xce,0xff,0x71,0x0e,0x42,ff ce ff 71 0e 42 00 00
2025-10-25 13:24:02,36.5,0xff,0xce,0xff,0x71,0x0e,0x42,ff ce ff 71 0e 42 00 00
2025-10-25 13:24:02,36.5,0xff,0xce,0xff,0x71,0x0e,0x42,ff ce ff 71 0e 42 00 00
2025-10-25 13:24:02,36.5,0xff,0xce,0xff,0x71,0x0e,0x42,ff ce ff 71 0e 42 00 00
2025-10-25 13:24:02,36.5,0xff,0xce,0xff,0x71,0x0e,0x42,ff ce ff 71 0e 42 00 00
2025-10-25 13:24:02,36.5,0xff,0xce,0xff,0x71,0x0e,0x42,ff ce ff 71 0e 42 00 00
2025-10-25 13:24:02,36.5,0xff,0xce,0xff,0x71,0x0e,0x42,ff ce ff 71 0e 42 00 00
2025-10-25 13:24:02,36.5,0xff,0xce,0xff,0x71,0x0e,0x42,ff ce ff 71 0e 42 00 00
2025-10-25 13:24:02,36.5,0xff,0xce,0xff,0x71,0x0e,0x42,ff ce ff 71 0e 42 00 00
2025-10-25 13:24:02,36.5,0xff,0xce,0xff,0x71,0x0e,0x42,ff ce ff 71 0e 42 00 00
2025-10-25 13:24:02,36.5,0xff,0xce,0xff,0x71,0x0e,0x42,ff ce ff 71 0e 42 00 00
2025-10-25 13:24:02,36.5,0xff,0xce,0xff,0x71,0x0e,0x42,ff ce ff 71 0e 42 00 00
2025-10-25 13:24:02,36.5,0xff,0xce,0xff,0x71,0x0e,0x42,ff ce ff 71 0e 42 00 00
2025-10-25 13:24:02,36.5,0xff,0xce,0xff,0x71,0x0e,0x42,ff ce ff 71 0e 42 00 00
2025-10-25 13:24:02,36.5,0xff,0xce,0xff,0x71,0x0e,0x42,ff ce ff 71 0e 42 00 00
2025-10-25 13:24:02,36.5,0xff,0xce,0xff,0x71,0x0e,0x42,ff ce ff 71 0e 42 00 00
2025-10-25 13:24:02,36.5,0xff,0xce,0xff,0x71,0x0e,0x42,ff ce ff 71 0e 42 00 00
2025-10-25 13:24:02,36.5,0xff,0xce,0xff,0x71,0x0e,0x42,ff ce ff 71 0e 42 00 00
2025-10-25 13:24:02,36.5,0xff,0xce,0xff,0x71,0x0e,0x42,ff ce ff 71 0e 42 00 00
2025-10-25 13:24:02,36.5,0xff,0xce,0xff,0x71,0x0e,0x42,ff ce ff 71 0e 42 00 00
2025-10-25 13:24:02,36.5,0xff,0xce,0xff,0x71,0x0e,0x42,ff ce ff 71 0e 42 00 00
2025-10-25 13:24:02,36.5,0xff,0xce,0xff,0x71,0x0e,0x42,ff ce ff 71 0e 42 00 00
2025-10-25 13:24:02,36.5,0xff,0xce,0xff,0x71,0x0e,0x42,ff ce ff 71 0e 42 00 00
2025-10-25 13:24:02,36.5,0xff,0xce,0xff,0x71,0x0e,0x42,ff ce ff 71 0e 42 00 00
2025-10-25 13:24:02,36.5,0xff,0xce,0xff,0x71,0x0e,0x42,ff ce ff 71 0e 42 00 00
2025-10-25 13:24:02,36.5,0xff,0xce,0xff,0x71,0x0e,0x42,ff ce ff 71 0e 42 00 00
2025-10-25 13:24:02,36.5,0xff,0xce,0xff,0x71,0x0e,0x42,ff ce ff 71 0e 42 00 00
2025-10-25 13:24:02,36.5,0xff,0xce,0xff,0x71,0x0e,0x42,ff ce ff 71 0e 42 00 00
2025-10-25 13:24:02,37.62,0xff,0xce,0xff,0x71,0x0e,0xb2,ff ce ff 71 0e b2 00 00
2025-10-25 13:24:02,37.62,0xff,0xce,0xff,0x71,0x0e,0xb2,ff ce ff 71 0e b2 00 00
2025-10-25 13:24:02,38.43,0xff,0xce,0xff,0x71,0x0f,0x03,ff ce ff 71 0f 03 00 00
2025-10-25 13:24:02,38.43,0xff,0xce,0xff,0x71,0x0f,0x03,ff ce ff 71 0f 03 00 00
2025-10-25 13:24:02,38.43,0xff,0xce,0xff,0x71,0x0f,0x03,ff ce ff 71 0f 03 00 00
2025-10-25 13:24:02,38.81,0xff,0xce,0xff,0x71,0x0f,0x29,ff ce ff 71 0f 29 00 00
2025-10-25 13:24:02,38.81,0xff,0xce,0xff,0x71,0x0f,0x29,ff ce ff 71 0f 29 00 00
2025-10-25 13:24:02,38.81,0xff,0xce,0xff,0x71,0x0f,0x29,ff ce ff 71 0f 29 00 00
2025-10-25 13:24:02,39.06,0xff,0xce,0xff,0x71,0x0f,0x42,ff ce ff 71 0f 42 00 00
2025-10-25 13:24:03,39.06,0xff,0xce,0xff,0x71,0x0f,0x42,ff ce ff 71 0f 42 00 00
2025-10-25 13:24:03,39.06,0xff,0xce,0xff,0x71,0x0f,0x42,ff ce ff 71 0f 42 00 00
2025-10-25 13:24:03,39.31,0xff,0xce,0xff,0x71,0x0f,0x5b,ff ce ff 71 0f 5b 00 00
2025-10-25 13:24:03,39.31,0xff,0xce,0xff,0x71,0x0f,0x5b,ff ce ff 71 0f 5b 00 00
2025-10-25 13:24:03,39.5,0xff,0xce,0xff,0x71,0x0f,0x6e,ff ce ff 71 0f 6e 00 00
2025-10-25 13:24:03,39.5,0xff,0xce,0xff,0x71,0x0f,0x6e,ff ce ff 71 0f 6e 00 00
2025-10-25 13:24:03,39.5,0xff,0xce,0xff,0x71,0x0f,0x6e,ff ce ff 71 0f 6e 00 00
2025-10-25 13:24:03,39.75,0xff,0xce,0xff,0x71,0x0f,0x87,ff ce ff 71 0f 87 00 00
2025-10-25 13:24:03,39.75,0xff,0xce,0xff,0x71,0x0f,0x87,ff ce ff 71 0f 87 00 00
2025-10-25 13:24:03,39.75,0xff,0xce,0xff,0x71,0x0f,0x87,ff ce ff 71 0f 87 00 00
2025-10-25 13:24:03,39.75,0xff,0xce,0xff,0x71,0x0f,0x87,ff ce ff 71 0f 87 00 00
2025-10-25 13:24:03,39.75,0xff,0xce,0xff,0x71,0x0f,0x87,ff ce ff 71 0f 87 00 00
2025-10-25 13:24:03,39.75,0xff,0xce,0xff,0x71,0x0f,0x87,ff ce ff 71 0f 87 00 00
2025-10-25 13:24:03,39.75,0xff,0xce,0xff,0x71,0x0f,0x87,ff ce ff 71 0f 87 00 00
2025-10-25 13:24:03,39.75,0xff,0xce,0xff,0x71,0x0f,0x87,ff ce ff 71 0f 87 00 00
2025-10-25 13:24:03,39.75,0xff,0xce,0xff,0x71,0x0f,0x87,ff ce ff 71 0f 87 00 00
2025-10-25 13:24:03,39.75,0xff,0xce,0xff,0x71,0x0f,0x87,ff ce ff 71 0f 87 00 00
2025-10-25 13:24:03,39.75,0xff,0xce,0xff,0x71,0x0f,0x87,ff ce ff 71 0f 87 00 00
2025-10-25 13:24:03,39.75,0xff,0xce,0xff,0x71,0x0f,0x87,ff ce ff 71 0f 87 00 00
2025-10-25 13:24:03,39.75,0xff,0xce,0xff,0x71,0x0f,0x87,ff ce ff 71 0f 87 00 00
2025-10-25 13:24:03,39.75,0xff,0xce,0xff,0x71,0x0f,0x87,ff ce ff 71 0f 87 00 00
2025-10-25 13:24:03,39.75,0xff,0xce,0xff,0x71,0x0f,0x87,ff ce ff 71 0f 87 00 00
2025-10-25 13:24:03,39.75,0xff,0xce,0xff,0x71,0x0f,0x87,ff ce ff 71 0f 87 00 00
2025-10-25 13:24:03,39.75,0xff,0xce,0xff,0x71,0x0f,0x87,ff ce ff 71 0f 87 00 00
2025-10-25 13:24:03,39.75,0xff,0xce,0xff,0x71,0x0f,0x87,ff ce ff 71 0f 87 00 00
2025-10-25 13:24:03,39.75,0xff,0xce,0xff,0x71,0x0f,0x87,ff ce ff 71 0f 87 00 00
2025-10-25 13:24:03,39.75,0xff,0xce,0xff,0x71,0x0f,0x87,ff ce ff 71 0f 87 00 00
2025-10-25 13:24:03,39.75,0xff,0xce,0xff,0x71,0x0f,0x87,ff ce ff 71 0f 87 00 00
2025-10-25 13:24:03,39.75,0xff,0xce,0xff,0x71,0x0f,0x87,ff ce ff 71 0f 87 00 00
2025-10-25 13:24:03,39.75,0xff,0xce,0xff,0x71,0x0f,0x87,ff ce ff 71 0f 87 00 00
2025-10-25 13:24:03,39.75,0xff,0xce,0xff,0x71,0x0f,0x87,ff ce ff 71 0f 87 00 00
2025-10-25 13:24:03,39.75,0xff,0xce,0xff,0x71,0x0f,0x87,ff ce ff 71 0f 87 00 00
2025-10-25 13:24:03,39.75,0xff,0xce,0xff,0x71,0x0f,0x87,ff ce ff 71 0f 87 00 00
2025-10-25 13:24:03,39.75,0xff,0xce,0xff,0x71,0x0f,0x87,ff ce ff 71 0f 87 00 00
2025-10-25 13:24:03,39.75,0xff,0xce,0xff,0x71,0x0f,0x87,ff ce ff 71 0f 87 00 00
2025-10-25 13:24:03,39.75,0xff,0xce,0xff,0x71,0x0f,0x87,ff ce ff 71 0f 87 00 00
2025-10-25 13:24:03,39.75,0xff,0xce,0xff,0x71,0x0f,0x87,ff ce ff 71 0f 87 00 00
2025-10-25 13:24:03,39.75,0xff,0xce,0xff,0x71,0x0f,0x87,ff ce ff 71 0f 87 00 00
2025-10-25 13:24:03,39.75,0xff,0xce,0xff,0x71,0x0f,0x87,ff ce ff 71 0f 87 00 00
2025-10-25 13:24:03,39.75,0xff,0xce,0xff,0x71,0x0f,0x87,ff ce ff 71 0f 87 00 00
2025-10-25 13:24:03,39.75,0xff,0xce,0xff,0x71,0x0f,0x87,ff ce ff 71 0f 87 00 00
2025-10-25 13:24:03,39.75,0xff,0xce,0xff,0x71,0x0f,0x87,ff ce ff 71 0f 87 00 00
2025-10-25 13:24:03,39.75,0xff,0xce,0xff,0x71,0x0f,0x87,ff ce ff 71 0f 87 00 00
2025-10-25 13:24:03,39.75,0xff,0xce,0xff,0x71,0x0f,0x87,ff ce ff 71 0f 87 00 00
2025-10-25 13:24:03,39.75,0xff,0xce,0xff,0x71,0x0f,0x87,ff ce ff 71 0f 87 00 00
2025-10-25 13:24:03,39.75,0xff,0xce,0xff,0x71,0x0f,0x87,ff ce ff 71 0f 87 00 00
2025-10-25 13:24:03,39.75,0xff,0xce,0xff,0x71,0x0f,0x87,ff ce ff 71 0f 87 00 00
2025-10-25 13:24:03,39.75,0xff,0xce,0xff,0x71,0x0f,0x87,ff ce ff 71 0f 87 00 00
2025-10-25 13:24:03,39.75,0xff,0xce,0xff,0x71,0x0f,0x87,ff ce ff 71 0f 87 00 00
2025-10-25 13:24:03,39.75,0xff,0xce,0xff,0x71,0x0f,0x87,ff ce ff 71 0f 87 00 00
2025-10-25 13:24:03,39.75,0xff,0xce,0xff,0x71,0x0f,0x87,ff ce ff 71 0f 87 00 00
2025-10-25 13:24:03,39.75,0xff,0xce,0xff,0x71,0x0f,0x87,ff ce ff 71 0f 87 00 00
2025-10-25 13:24:03,39.75,0xff,0xce,0xff,0x71,0x0f,0x87,ff ce ff 71 0f 87 00 00
2025-10-25 13:24:04,39.75,0xff,0xce,0xff,0x71,0x0f,0x87,ff ce ff 71 0f 87 00 00
2025-10-25 13:24:04,39.75,0xff,0xce,0xff,0x71,0x0f,0x87,ff ce ff 71 0f 87 00 00
2025-10-25 13:24:04,39.75,0xff,0xce,0xff,0x71,0x0f,0x87,ff ce ff 71 0f 87 00 00
2025-10-25 13:24:04,39.75,0xff,0xce,0xff,0x71,0x0f,0x87,ff ce ff 71 0f 87 00 00
2025-10-25 13:24:04,39.75,0xff,0xce,0xff,0x71,0x0f,0x87,ff ce ff 71 0f 87 00 00
2025-10-25 13:24:04,39.75,0xff,0xce,0xff,0x71,0x0f,0x87,ff ce ff 71 0f 87 00 00
2025-10-25 13:24:04,39.75,0xff,0xce,0xff,0x71,0x0f,0x87,ff ce ff 71 0f 87 00 00
2025-10-25 13:24:04,39.75,0xff,0xce,0xff,0x71,0x0f,0x87,ff ce ff 71 0f 87 00 00
2025-10-25 13:24:04,39.75,0xff,0xce,0xff,0x71,0x0f,0x87,ff ce ff 71 0f 87 00 00
2025-10-25 13:24:04,39.75,0xff,0xce,0xff,0x71,0x0f,0x87,ff ce ff 71 0f 87 00 00
2025-10-25 13:24:04,39.75,0xff,0xce,0xff,0x71,0x0f,0x87,ff ce ff 71 0f 87 00 00
2025-10-25 13:24:04,39.75,0xff,0xce,0xff,0x71,0x0f,0x87,ff ce ff 71 0f 87 00 00
2025-10-25 13:24:04,39.75,0xff,0xce,0xff,0x71,0x0f,0x87,ff ce ff 71 0f 87 00 00
2025-10-25 13:24:04,39.75,0xff,0xce,0xff,0x71,0x0f,0x87,ff ce ff 71 0f 87 00 00
2025-10-25 13:24:04,39.75,0xff,0xce,0xff,0x71,0x0f,0x87,ff ce ff 71 0f 87 00 00
2025-10-25 13:24:04,39.75,0xff,0xce,0xff,0x71,0x0f,0x87,ff ce ff 71 0f 87 00 00
2025-10-25 13:24:04,39.75,0xff,0xce,0xff,0x71,0x0f,0x87,ff ce ff 71 0f 87 00 00
2025-10-25 13:24:04,39.75,0xff,0xce,0xff,0x71,0x0f,0x87,ff ce ff 71 0f 87 00 00
2025-10-25 13:24:04,39.75,0xff,0xce,0xff,0x71,0x0f,0x87,ff ce ff 71 0f 87 00 00
2025-10-25 13:24:04,39.75,0xff,0xce,0xff,0x71,0x0f,0x87,ff ce ff 71 0f 87 00 00
2025-10-25 13:24:04,39.75,0xff,0xce,0xff,0x71,0x0f,0x87,ff ce ff 71 0f 87 00 00
2025-10-25 13:24:04,39.75,0xff,0xce,0xff,0x71,0x0f,0x87,ff ce ff 71 0f 87 00 00
2025-10-25 13:24:04,39.75,0xff,0xce,0xff,0x71,0x0f,0x87,ff ce ff 71 0f 87 00 00
2025-10-25 13:24:04,39.75,0xff,0xce,0xff,0x71,0x0f,0x87,ff ce ff 71 0f 87 00 00
2025-10-25 13:24:04,39.75,0xff,0xce,0xff,0x71,0x0f,0x87,ff ce ff 71 0f 87 00 00
2025-10-25 13:24:04,39.75,0xff,0xce,0xff,0x71,0x0f,0x87,ff ce ff 71 0f 87 00 00
2025-10-25 13:24:04,39.75,0xff,0xce,0xff,0x71,0x0f,0x87,ff ce ff 71 0f 87 00 00
2025-10-25 13:24:04,39.75,0xff,0xce,0xff,0x71,0x0f,0x87,ff ce ff 71 0f 87 00 00
2025-10-25 13:24:04,39.75,0xff,0xce,0xff,0x71,0x0f,0x87,ff ce ff 71 0f 87 00 00
2025-10-25 13:24:04,39.75,0xff,0xce,0xff,0x71,0x0f,0x87,ff ce ff 71 0f 87 00 00
2025-10-25 13:24:04,39.75,0xff,0xce,0xff,0x71,0x0f,0x87,ff ce ff 71 0f 87 00 00
2025-10-25 13:24:04,39.75,0xff,0xce,0xff,0x71,0x0f,0x87,ff ce ff 71 0f 87 00 00
2025-10-25 13:24:04,39.75,0xff,0xce,0xff,0x71,0x0f,0x87,ff ce ff 71 0f 87 00 00
2025-10-25 13:24:04,39.75,0xff,0xce,0xff,0x71,0x0f,0x87,ff ce ff 71 0f 87 00 00
2025-10-25 13:24:04,39.75,0xff,0xce,0xff,0x71,0x0f,0x87,ff ce ff 71 0f 87 00 00
2025-10-25 13:24:04,39.75,0xff,0xce,0xff,0x71,0x0f,0x87,ff ce ff 71 0f 87 00 00
2025-10-25 13:24:04,39.75,0xff,0xce,0xff,0x71,0x0f,0x87,ff ce ff 71 0f 87 00 00
2025-10-25 13:24:04,39.75,0xff,0xce,0xff,0x71,0x0f,0x87,ff ce ff 71 0f 87 00 00
2025-10-25 13:24:04,39.75,0xff,0xce,0xff,0x71,0x0f,0x87,ff ce ff 71 0f 87 00 00
2025-10-25 13:24:04,39.75,0xff,0xce,0xff,0x71,0x0f,0x87,ff ce ff 71 0f 87 00 00
2025-10-25 13:24:04,39.75,0xff,0xce,0xff,0x71,0x0f,0x87,ff ce ff 71 0f 87 00 00
2025-10-25 13:24:04,39.75,0xff,0xce,0xff,0x71,0x0f,0x87,ff ce ff 71 0f 87 00 00
2025-10-25 13:24:04,39.75,0xff,0xce,0xff,0x71,0x0f,0x87,ff ce ff 71 0f 87 00 00
2025-10-25 13:24:04,39.75,0xff,0xce,0xff,0x71,0x0f,0x87,ff ce ff 71 0f 87 00 00
2025-10-25 13:24:04,39.75,0xff,0xce,0xff,0x71,0x0f,0x87,ff ce ff 71 0f 87 00 00
2025-10-25 13:24:04,39.75,0xff,0xce,0xff,0x71,0x0f,0x87,ff ce ff 71 0f 87 00 00
2025-10-25 13:24:04,39.75,0xff,0xce,0xff,0x71,0x0f,0x87,ff ce ff 71 0f 87 00 00
2025-10-25 13:24:04,39.75,0xff,0xce,0xff,0x71,0x0f,0x87,ff ce ff 71 0f 87 00 00
2025-10-25 13:24:04,39.75,0xff,0xce,0xff,0x71,0x0f,0x87,ff ce ff 71 0f 87 00 00
2025-10-25 13:24:04,39.75,0xff,0xce,0xff,0x71,0x0f,0x87,ff ce ff 71 0f 87 00 00
2025-10-25 13:24:04,39.75,0xff,0xce,0xff,0x71,0x0f,0x87,ff ce ff 71 0f 87 00 00
2025-10-25 13:24:04,39.75,0xff,0xce,0xff,0x71,0x0f,0x87,ff ce ff 71 0f 87 00 00
2025-10-25 13:24:05,39.75,0xff,0xce,0xff,0x71,0x0f,0x87,ff ce ff 71 0f 87 00 00
2025-10-25 13:24:05,39.75,0xff,0xce,0xff,0x71,0x0f,0x87,ff ce ff 71 0f 87 00 00
2025-10-25 13:24:05,39.75,0xff,0xce,0xff,0x71,0x0f,0x87,ff ce ff 71 0f 87 00 00
2025-10-25 13:24:05,39.75,0xff,0xce,0xff,0x71,0x0f,0x87,ff ce ff 71 0f 87 00 00
2025-10-25 13:24:05,39.75,0xff,0xce,0xff,0x71,0x0f,0x87,ff ce ff 71 0f 87 00 00
2025-10-25 13:24:05,39.75,0xff,0xce,0xff,0x71,0x0f,0x87,ff ce ff 71 0f 87 00 00
2025-10-25 13:24:05,39.75,0xff,0xce,0xff,0x71,0x0f,0x87,ff ce ff 71 0f 87 00 00
2025-10-25 13:24:05,39.75,0xff,0xce,0xff,0x71,0x0f,0x87,ff ce ff 71 0f 87 00 00
2025-10-25 13:24:05,39.75,0xff,0xce,0xff,0x71,0x0f,0x87,ff ce ff 71 0f 87 00 00
2025-10-25 13:24:05,39.75,0xff,0xce,0xff,0x71,0x0f,0x87,ff ce ff 71 0f 87 00 00
2025-10-25 13:24:05,39.75,0xff,0xce,0xff,0x71,0x0f,0x87,ff ce ff 71 0f 87 00 00
2025-10-25 13:24:05,39.75,0xff,0xce,0xff,0x71,0x0f,0x87,ff ce ff 71 0f 87 00 00
2025-10-25 13:24:05,39.75,0xff,0xce,0xff,0x71,0x0f,0x87,ff ce ff 71 0f 87 00 00
2025-10-25 13:24:05,39.75,0xff,0xce,0xff,0x71,0x0f,0x87,ff ce ff 71 0f 87 00 00
2025-10-25 13:24:05,39.75,0xff,0xce,0xff,0x71,0x0f,0x87,ff ce ff 71 0f 87 00 00
2025-10-25 13:24:05,39.75,0xff,0xce,0xff,0x71,0x0f,0x87,ff ce ff 71 0f 87 00 00
2025-10-25 13:24:05,39.75,0xff,0xce,0xff,0x71,0x0f,0x87,ff ce ff 71 0f 87 00 00
2025-10-25 13:24:05,39.75,0xff,0xce,0xff,0x71,0x0f,0x87,ff ce ff 71 0f 87 00 00
2025-10-25 13:24:05,39.75,0xff,0xce,0xff,0x71,0x0f,0x87,ff ce ff 71 0f 87 00 00
2025-10-25 13:24:05,39.75,0xff,0xce,0xff,0x71,0x0f,0x87,ff ce ff 71 0f 87 00 00
2025-10-25 13:24:05,39.75,0xff,0xce,0xff,0x71,0x0f,0x87,ff ce ff 71 0f 87 00 00
2025-10-25 13:24:05,39.75,0xff,0xce,0xff,0x71,0x0f,0x87,ff ce ff 71 0f 87 00 00
2025-10-25 13:24:05,39.75,0xff,0xce,0xff,0x71,0x0f,0x87,ff ce ff 71 0f 87 00 00
2025-10-25 13:24:05,39.75,0xff,0xce,0xff,0x71,0x0f,0x87,ff ce ff 71 0f 87 00 00
2025-10-25 13:24:05,39.75,0xff,0xce,0xff,0x71,0x0f,0x87,ff ce ff 71 0f 87 00 00
2025-10-25 13:24:05,39.75,0xff,0xce,0xff,0x71,0x0f,0x87,ff ce ff 71 0f 87 00 00
2025-10-25 13:24:05,39.75,0xff,0xce,0xff,0x71,0x0f,0x87,ff ce ff 71 0f 87 00 00
2025-10-25 13:24:05,39.75,0xff,0xce,0xff,0x71,0x0f,0x87,ff ce ff 71 0f 87 00 00
2025-10-25 13:24:05,39.75,0xff,0xce,0xff,0x71,0x0f,0x87,ff ce ff 71 0f 87 00 00
2025-10-25 13:24:05,39.75,0xff,0xce,0xff,0x71,0x0f,0x87,ff ce ff 71 0f 87 00 00
2025-10-25 13:24:05,39.75,0xff,0xce,0xff,0x71,0x0f,0x87,ff ce ff 71 0f 87 00 00
2025-10-25 13:24:05,39.75,0xff,0xce,0xff,0x71,0x0f,0x87,ff ce ff 71 0f 87 00 00
2025-10-25 13:24:05,39.75,0xff,0xce,0xff,0x71,0x0f,0x87,ff ce ff 71 0f 87 00 00
2025-10-25 13:24:05,39.75,0xff,0xce,0xff,0x71,0x0f,0x87,ff ce ff 71 0f 87 00 00
2025-10-25 13:24:05,39.75,0xff,0xce,0xff,0x71,0x0f,0x87,ff ce ff 71 0f 87 00 00
2025-10-25 13:24:05,39.75,0xff,0xce,0xff,0x71,0x0f,0x87,ff ce ff 71 0f 87 00 00
2025-10-25 13:24:05,39.75,0xff,0xce,0xff,0x71,0x0f,0x87,ff ce ff 71 0f 87 00 00
2025-10-25 13:24:05,39.75,0xff,0xce,0xff,0x71,0x0f,0x87,ff ce ff 71 0f 87 00 00
2025-10-25 13:24:05,40.5,0xff,0xce,0xff,0x71,0x0f,0xd2,ff ce ff 71 0f d2 00 00
2025-10-25 13:24:05,40.5,0xff,0xce,0xff,0x71,0x0f,0xd2,ff ce ff 71 0f d2 00 00
2025-10-25 13:24:05,40.5,0xff,0xce,0xff,0x71,0x0f,0xd2,ff ce ff 71 0f d2 00 00
2025-10-25 13:24:05,40.62,0xff,0xce,0xff,0x71,0x0f,0xde,ff ce ff 71 0f de 00 00
2025-10-25 13:24:05,40.62,0xff,0xce,0xff,0x71,0x0f,0xde,ff ce ff 71 0f de 00 00
2025-10-25 13:24:05,40.81,0xff,0xce,0xff,0x71,0x0f,0xf1,ff ce ff 71 0f f1 00 00
2025-10-25 13:24:05,40.81,0xff,0xce,0xff,0x71,0x0f,0xf1,ff ce ff 71 0f f1 00 00
2025-10-25 13:24:05,40.81,0xff,0xce,0xff,0x71,0x0f,0xf1,ff ce ff 71 0f f1 00 00
2025-10-25 13:24:05,40.81,0xff,0xce,0xff,0x71,0x0f,0xf1,ff ce ff 71 0f f1 00 00
2025-10-25 13:24:05,40.81,0xff,0xce,0xff,0x71,0x0f,0xf1,ff ce ff 71 0f f1 00 00
2025-10-25 13:24:05,40.81,0xff,0xce,0xff,0x71,0x0f,0xf1,ff ce ff 71 0f f1 00 00
2025-10-25 13:24:05,40.81,0xff,0xce,0xff,0x71,0x0f,0xf1,ff ce ff 71 0f f1 00 00
2025-10-25 13:24:05,40.81,0xff,0xce,0xff,0x71,0x0f,0xf1,ff ce ff 71 0f f1 00 00
2025-10-25 13:24:05,40.81,0xff,0xce,0xff,0x71,0x0f,0xf1,ff ce ff 71 0f f1 00 00
2025-10-25 13:24:05,40.81,0xff,0xce,0xff,0x71,0x0f,0xf1,ff ce ff 71 0f f1 00 00
2025-10-25 13:24:06,40.81,0xff,0xce,0xff,0x71,0x0f,0xf1,ff ce ff 71 0f f1 00 00
2025-10-25 13:24:06,40.87,0xff,0xce,0xff,0x71,0x0f,0xf7,ff ce ff 71 0f f7 00 00
2025-10-25 13:24:06,40.87,0xff,0xce,0xff,0x71,0x0f,0xf7,ff ce ff 71 0f f7 00 00
2025-10-25 13:24:06,40.87,0xff,0xce,0xff,0x71,0x0f,0xf7,ff ce ff 71 0f f7 00 00
2025-10-25 13:24:06,40.87,0xff,0xce,0xff,0x71,0x0f,0xf7,ff ce ff 71 0f f7 00 00
2025-10-25 13:24:06,40.87,0xff,0xce,0xff,0x71,0x0f,0xf7,ff ce ff 71 0f f7 00 00
2025-10-25 13:24:06,40.87,0xff,0xce,0xff,0x71,0x0f,0xf7,ff ce ff 71 0f f7 00 00
2025-10-25 13:24:06,40.87,0xff,0xce,0xff,0x71,0x0f,0xf7,ff ce ff 71 0f f7 00 00
2025-10-25 13:24:06,40.87,0xff,0xce,0xff,0x71,0x0f,0xf7,ff ce ff 71 0f f7 00 00
2025-10-25 13:24:06,40.87,0xff,0xce,0xff,0x71,0x0f,0xf7,ff ce ff 71 0f f7 00 00
2025-10-25 13:24:06,40.87,0xff,0xce,0xff,0x71,0x0f,0xf7,ff ce ff 71 0f f7 00 00
2025-10-25 13:24:06,40.87,0xff,0xce,0xff,0x71,0x0f,0xf7,ff ce ff 71 0f f7 00 00
2025-10-25 13:24:06,40.87,0xff,0xce,0xff,0x71,0x0f,0xf7,ff ce ff 71 0f f7 00 00
2025-10-25 13:24:06,40.87,0xff,0xce,0xff,0x71,0x0f,0xf7,ff ce ff 71 0f f7 00 00
2025-10-25 13:24:06,40.87,0xff,0xce,0xff,0x71,0x0f,0xf7,ff ce ff 71 0f f7 00 00
2025-10-25 13:24:06,40.87,0xff,0xce,0xff,0x71,0x0f,0xf7,ff ce ff 71 0f f7 00 00
2025-10-25 13:24:06,40.87,0xff,0xce,0xff,0x71,0x0f,0xf7,ff ce ff 71 0f f7 00 00
2025-10-25 13:24:06,40.87,0xff,0xce,0xff,0x71,0x0f,0xf7,ff ce ff 71 0f f7 00 00
2025-10-25 13:24:06,40.87,0xff,0xce,0xff,0x71,0x0f,0xf7,ff ce ff 71 0f f7 00 00
2025-10-25 13:24:06,40.87,0xff,0xce,0xff,0x71,0x0f,0xf7,ff ce ff 71 0f f7 00 00
2025-10-25 13:24:06,40.87,0xff,0xce,0xff,0x71,0x0f,0xf7,ff ce ff 71 0f f7 00 00
2025-10-25 13:24:06,40.87,0xff,0xce,0xff,0x71,0x0f,0xf7,ff ce ff 71 0f f7 00 00
2025-10-25 13:24:06,40.87,0xff,0xce,0xff,0x71,0x0f,0xf7,ff ce ff 71 0f f7 00 00
2025-10-25 13:24:06,40.87,0xff,0xce,0xff,0x71,0x0f,0xf7,ff ce ff 71 0f f7 00 00
2025-10-25 13:24:06,40.87,0xff,0xce,0xff,0x71,0x0f,0xf7,ff ce ff 71 0f f7 00 00
2025-10-25 13:24:06,40.87,0xff,0xce,0xff,0x71,0x0f,0xf7,ff ce ff 71 0f f7 00 00
2025-10-25 13:24:06,40.87,0xff,0xce,0xff,0x71,0x0f,0xf7,ff ce ff 71 0f f7 00 00
2025-10-25 13:24:06,40.87,0xff,0xce,0xff,0x71,0x0f,0xf7,ff ce ff 71 0f f7 00 00
2025-10-25 13:24:06,40.87,0xff,0xce,0xff,0x71,0x0f,0xf7,ff ce ff 71 0f f7 00 00
2025-10-25 13:24:06,40.87,0xff,0xce,0xff,0x71,0x0f,0xf7,ff ce ff 71 0f f7 00 00
2025-10-25 13:24:06,40.87,0xff,0xce,0xff,0x71,0x0f,0xf7,ff ce ff 71 0f f7 00 00
2025-10-25 13:24:06,40.87,0xff,0xce,0xff,0x71,0x0f,0xf7,ff ce ff 71 0f f7 00 00
2025-10-25 13:24:06,40.87,0xff,0xce,0xff,0x71,0x0f,0xf7,ff ce ff 71 0f f7 00 00
2025-10-25 13:24:06,40.87,0xff,0xce,0xff,0x71,0x0f,0xf7,ff ce ff 71 0f f7 00 00
2025-10-25 13:24:06,40.87,0xff,0xce,0xff,0x71,0x0f,0xf7,ff ce ff 71 0f f7 00 00
2025-10-25 13:24:06,40.87,0xff,0xce,0xff,0x71,0x0f,0xf7,ff ce ff 71 0f f7 00 00
2025-10-25 13:24:06,40.87,0xff,0xce,0xff,0x71,0x0f,0xf7,ff ce ff 71 0f f7 00 00
2025-10-25 13:24:06,40.87,0xff,0xce,0xff,0x71,0x0f,0xf7,ff ce ff 71 0f f7 00 00
2025-10-25 13:24:06,40.87,0xff,0xce,0xff,0x71,0x0f,0xf7,ff ce ff 71 0f f7 00 00
2025-10-25 13:24:06,40.87,0xff,0xce,0xff,0x71,0x0f,0xf7,ff ce ff 71 0f f7 00 00
2025-10-25 13:24:06,40.87,0xff,0xce,0xff,0x71,0x0f,0xf7,ff ce ff 71 0f f7 00 00
2025-10-25 13:24:06,40.87,0xff,0xce,0xff,0x71,0x0f,0xf7,ff ce ff 71 0f f7 00 00
2025-10-25 13:24:06,40.87,0xff,0xce,0xff,0x71,0x0f,0xf7,ff ce ff 71 0f f7 00 00
2025-10-25 13:24:06,40.87,0xff,0xce,0xff,0x71,0x0f,0xf7,ff ce ff 71 0f f7 00 00
2025-10-25 13:24:06,40.87,0xff,0xce,0xff,0x71,0x0f,0xf7,ff ce ff 71 0f f7 00 00
2025-10-25 13:24:06,40.87,0xff,0xce,0xff,0x71,0x0f,0xf7,ff ce ff 71 0f f7 00 00
2025-10-25 13:24:06,40.87,0xff,0xce,0xff,0x71,0x0f,0xf7,ff ce ff 71 0f f7 00 00
2025-10-25 13:24:06,40.87,0xff,0xce,0xff,0x71,0x0f,0xf7,ff ce ff 71 0f f7 00 00
2025-10-25 13:24:06,40.87,0xff,0xce,0xff,0x71,0x0f,0xf7,ff ce ff 71 0f f7 00 00
2025-10-25 13:24:06,40.87,0xff,0xce,0xff,0x71,0x0f,0xf7,ff ce ff 71 0f f7 00 00
2025-10-25 13:24:06,40.87,0xff,0xce,0xff,0x71,0x0f,0xf7,ff ce ff 71 0f f7 00 00
2025-10-25 13:24:06,40.87,0xff,0xce,0xff,0x71,0x0f,0xf7,ff ce ff 71 0f f7 00 00
2025-10-25 13:24:07,40.87,0xff,0xce,0xff,0x71,0x0f,0xf7,ff ce ff 71 0f f7 00 00
2025-10-25 13:24:07,40.87,0xff,0xce,0xff,0x71,0x0f,0xf7,ff ce ff 71 0f f7 00 00
2025-10-25 13:24:07,40.87,0xff,0xce,0xff,0x71,0x0f,0xf7,ff ce ff 71 0f f7 00 00
2025-10-25 13:24:07,40.87,0xff,0xce,0xff,0x71,0x0f,0xf7,ff ce ff 71 0f f7 00 00
2025-10-25 13:24:07,40.87,0xff,0xce,0xff,0x71,0x0f,0xf7,ff ce ff 71 0f f7 00 00
2025-10-25 13:24:07,40.87,0xff,0xce,0xff,0x71,0x0f,0xf7,ff ce ff 71 0f f7 00 00
2025-10-25 13:24:07,40.87,0xff,0xce,0xff,0x71,0x0f,0xf7,ff ce ff 71 0f f7 00 00
2025-10-25 13:24:07,40.87,0xff,0xce,0xff,0x71,0x0f,0xf7,ff ce ff 71 0f f7 00 00
2025-10-25 13:24:07,40.87,0xff,0xce,0xff,0x71,0x0f,0xf7,ff ce ff 71 0f f7 00 00
2025-10-25 13:24:07,40.87,0xff,0xce,0xff,0x71,0x0f,0xf7,ff ce ff 71 0f f7 00 00
2025-10-25 13:24:07,40.87,0xff,0xce,0xff,0x71,0x0f,0xf7,ff ce ff 71 0f f7 00 00
2025-10-25 13:24:07,40.87,0xff,0xce,0xff,0x71,0x0f,0xf7,ff ce ff 71 0f f7 00 00
2025-10-25 13:24:07,40.87,0xff,0xce,0xff,0x71,0x0f,0xf7,ff ce ff 71 0f f7 00 00
2025-10-25 13:24:07,40.87,0xff,0xce,0xff,0x71,0x0f,0xf7,ff ce ff 71 0f f7 00 00
2025-10-25 13:24:07,40.87,0xff,0xce,0xff,0x71,0x0f,0xf7,ff ce ff 71 0f f7 00 00
2025-10-25 13:24:07,40.87,0xff,0xce,0xff,0x71,0x0f,0xf7,ff ce ff 71 0f f7 00 00
2025-10-25 13:24:07,40.87,0xff,0xce,0xff,0x71,0x0f,0xf7,ff ce ff 71 0f f7 00 00
2025-10-25 13:24:07,40.87,0xff,0xce,0xff,0x71,0x0f,0xf7,ff ce ff 71 0f f7 00 00
2025-10-25 13:24:07,40.87,0xff,0xce,0xff,0x71,0x0f,0xf7,ff ce ff 71 0f f7 00 00
2025-10-25 13:24:07,40.87,0xff,0xce,0xff,0x71,0x0f,0xf7,ff ce ff 71 0f f7 00 00
2025-10-25 13:24:07,40.87,0xff,0xce,0xff,0x71,0x0f,0xf7,ff ce ff 71 0f f7 00 00
2025-10-25 13:24:07,40.87,0xff,0xce,0xff,0x71,0x0f,0xf7,ff ce ff 71 0f f7 00 00
2025-10-25 13:24:07,40.87,0xff,0xce,0xff,0x71,0x0f,0xf7,ff ce ff 71 0f f7 00 00
2025-10-25 13:24:07,40.87,0xff,0xce,0xff,0x71,0x0f,0xf7,ff ce ff 71 0f f7 00 00
2025-10-25 13:24:07,40.87,0xff,0xce,0xff,0x71,0x0f,0xf7,ff ce ff 71 0f f7 00 00
2025-10-25 13:24:07,40.87,0xff,0xce,0xff,0x71,0x0f,0xf7,ff ce ff 71 0f f7 00 00
2025-10-25 13:24:07,40.87,0xff,0xce,0xff,0x71,0x0f,0xf7,ff ce ff 71 0f f7 00 00
2025-10-25 13:24:07,40.87,0xff,0xce,0xff,0x71,0x0f,0xf7,ff ce ff 71 0f f7 00 00
2025-10-25 13:24:07,40.87,0xff,0xce,0xff,0x71,0x0f,0xf7,ff ce ff 71 0f f7 00 00
2025-10-25 13:24:07,40.87,0xff,0xce,0xff,0x71,0x0f,0xf7,ff ce ff 71 0f f7 00 00
2025-10-25 13:24:07,40.87,0xff,0xce,0xff,0x71,0x0f,0xf7,ff ce ff 71 0f f7 00 00
2025-10-25 13:24:07,40.87,0xff,0xce,0xff,0x71,0x0f,0xf7,ff ce ff 71 0f f7 00 00
2025-10-25 13:24:07,40.87,0xff,0xce,0xff,0x71,0x0f,0xf7,ff ce ff 71 0f f7 00 00
2025-10-25 13:24:07,40.87,0xff,0xce,0xff,0x71,0x0f,0xf7,ff ce ff 71 0f f7 00 00
2025-10-25 13:24:07,40.87,0xff,0xce,0xff,0x71,0x0f,0xf7,ff ce ff 71 0f f7 00 00
2025-10-25 13:24:07,40.87,0xff,0xce,0xff,0x71,0x0f,0xf7,ff ce ff 71 0f f7 00 00
2025-10-25 13:24:07,40.87,0xff,0xce,0xff,0x71,0x0f,0xf7,ff ce ff 71 0f f7 00 00
2025-10-25 13:24:07,40.87,0xff,0xce,0xff,0x71,0x0f,0xf7,ff ce ff 71 0f f7 00 00
2025-10-25 13:24:07,40.87,0xff,0xce,0xff,0x71,0x0f,0xf7,ff ce ff 71 0f f7 00 00
2025-10-25 13:24:07,40.87,0xff,0xce,0xff,0x71,0x0f,0xf7,ff ce ff 71 0f f7 00 00
2025-10-25 13:24:07,40.87,0xff,0xce,0xff,0x71,0x0f,0xf7,ff ce ff 71 0f f7 00 00
2025-10-25 13:24:07,40.87,0xff,0xce,0xff,0x71,0x0f,0xf7,ff ce ff 71 0f f7 00 00
2025-10-25 13:24:07,40.87,0xff,0xce,0xff,0x71,0x0f,0xf7,ff ce ff 71 0f f7 00 00
2025-10-25 13:24:07,40.87,0xff,0xce,0xff,0x71,0x0f,0xf7,ff ce ff 71 0f f7 00 00
2025-10-25 13:24:07,40.87,0xff,0xce,0xff,0x71,0x0f,0xf7,ff ce ff 71 0f f7 00 00
2025-10-25 13:24:07,40.87,0xff,0xce,0xff,0x71,0x0f,0xf7,ff ce ff 71 0f f7 00 00
2025-10-25 13:24:07,40.87,0xff,0xce,0xff,0x71,0x0f,0xf7,ff ce ff 71 0f f7 00 00
2025-10-25 13:24:07,40.87,0xff,0xce,0xff,0x71,0x0f,0xf7,ff ce ff 71 0f f7 00 00
2025-10-25 13:24:07,40.87,0xff,0xce,0xff,0x71,0x0f,0xf7,ff ce ff 71 0f f7 00 00
2025-10-25 13:24:07,40.87,0xff,0xce,0xff,0x71,0x0f,0xf7,ff ce ff 71 0f f7 00 00
2025-10-25 13:24:07,40.87,0xff,0xce,0xff,0x71,0x0f,0xf7,ff ce ff 71 0f f7 00 00
2025-10-25 13:24:07,40.87,0xff,0xce,0xff,0x71,0x0f,0xf7,ff ce ff 71 0f f7 00 00
2025-10-25 13:24:08,40.87,0xff,0xce,0xff,0x71,0x0f,0xf7,ff ce ff 71 0f f7 00 00
2025-10-25 13:24:08,40.87,0xff,0xce,0xff,0x71,0x0f,0xf7,ff ce ff 71 0f f7 00 00
2025-10-25 13:24:08,40.87,0xff,0xce,0xff,0x71,0x0f,0xf7,ff ce ff 71 0f f7 00 00
2025-10-25 13:24:08,40.87,0xff,0xce,0xff,0x71,0x0f,0xf7,ff ce ff 71 0f f7 00 00
2025-10-25 13:24:08,40.87,0xff,0xce,0xff,0x71,0x0f,0xf7,ff ce ff 71 0f f7 00 00
2025-10-25 13:24:08,40.87,0xff,0xce,0xff,0x71,0x0f,0xf7,ff ce ff 71 0f f7 00 00
2025-10-25 13:24:08,40.87,0xff,0xce,0xff,0x71,0x0f,0xf7,ff ce ff 71 0f f7 00 00
2025-10-25 13:24:08,40.87,0xff,0xce,0xff,0x71,0x0f,0xf7,ff ce ff 71 0f f7 00 00
2025-10-25 13:24:08,40.87,0xff,0xce,0xff,0x71,0x0f,0xf7,ff ce ff 71 0f f7 00 00
2025-10-25 13:24:08,40.87,0xff,0xce,0xff,0x71,0x0f,0xf7,ff ce ff 71 0f f7 00 00
2025-10-25 13:24:08,40.87,0xff,0xce,0xff,0x71,0x0f,0xf7,ff ce ff 71 0f f7 00 00
2025-10-25 13:24:08,40.87,0xff,0xce,0xff,0x71,0x0f,0xf7,ff ce ff 71 0f f7 00 00
2025-10-25 13:24:08,40.87,0xff,0xce,0xff,0x71,0x0f,0xf7,ff ce ff 71 0f f7 00 00
2025-10-25 13:24:08,40.87,0xff,0xce,0xff,0x71,0x0f,0xf7,ff ce ff 71 0f f7 00 00
2025-10-25 13:24:08,40.87,0xff,0xce,0xff,0x71,0x0f,0xf7,ff ce ff 71 0f f7 00 00
2025-10-25 13:24:08,40.87,0xff,0xce,0xff,0x71,0x0f,0xf7,ff ce ff 71 0f f7 00 00
2025-10-25 13:24:08,40.87,0xff,0xce,0xff,0x71,0x0f,0xf7,ff ce ff 71 0f f7 00 00
2025-10-25 13:24:08,40.87,0xff,0xce,0xff,0x71,0x0f,0xf7,ff ce ff 71 0f f7 00 00
2025-10-25 13:24:08,40.87,0xff,0xce,0xff,0x71,0x0f,0xf7,ff ce ff 71 0f f7 00 00
2025-10-25 13:24:08,40.87,0xff,0xce,0xff,0x71,0x0f,0xf7,ff ce ff 71 0f f7 00 00
2025-10-25 13:24:08,40.87,0xff,0xce,0xff,0x71,0x0f,0xf7,ff ce ff 71 0f f7 00 00
2025-10-25 13:24:08,40.68,0xff,0xaf,0xff,0x83,0x0f,0xe4,ff af ff 83 0f e4 00 00
2025-10-25 13:24:08,40.68,0xff,0xaf,0xff,0x83,0x0f,0xe4,ff af ff 83 0f e4 00 00
2025-10-25 13:24:08,40.68,0xff,0xaf,0xff,0x83,0x0f,0xe4,ff af ff 83 0f e4 00 00
2025-10-25 13:24:08,40.68,0xff,0xa9,0xff,0x83,0x0f,0xe4,ff a9 ff 83 0f e4 00 00
2025-10-25 13:24:08,40.68,0xff,0xa9,0xff,0x83,0x0f,0xe4,ff a9 ff 83 0f e4 00 00
2025-10-25 13:24:08,40.68,0xff,0xa9,0xff,0x83,0x0f,0xe4,ff a9 ff 83 0f e4 00 00
2025-10-25 13:24:08,40.68,0xff,0xc8,0xff,0x96,0x0f,0xe4,ff c8 ff 96 0f e4 00 00
2025-10-25 13:24:08,40.68,0xff,0xc8,0xff,0x96,0x0f,0xe4,ff c8 ff 96 0f e4 00 00
2025-10-25 13:24:08,40.5,0xff,0xe1,0xff,0x8a,0x0f,0xd2,ff e1 ff 8a 0f d2 00 00
2025-10-25 13:24:08,40.5,0xff,0xe1,0xff,0x8a,0x0f,0xd2,ff e1 ff 8a 0f d2 00 00
2025-10-25 13:24:08,40.5,0xff,0xe1,0xff,0x8a,0x0f,0xd2,ff e1 ff 8a 0f d2 00 00
2025-10-25 13:24:08,40.5,0xff,0xe7,0xff,0x8a,0x0f,0xd2,ff e7 ff 8a 0f d2 00 00
2025-10-25 13:24:08,40.5,0xff,0xe7,0xff,0x8a,0x0f,0xd2,ff e7 ff 8a 0f d2 00 00
2025-10-25 13:24:08,40.5,0xff,0xe7,0xff,0x8a,0x0f,0xd2,ff e7 ff 8a 0f d2 00 00
2025-10-25 13:24:08,40.5,0xff,0xd5,0xff,0x8a,0x0f,0xd2,ff d5 ff 8a 0f d2 00 00
2025-10-25 13:24:08,40.5,0xff,0xd5,0xff,0x8a,0x0f,0xd2,ff d5 ff 8a 0f d2 00 00
2025-10-25 13:24:08,40.68,0xff,0xbc,0xff,0x7d,0x0f,0xe4,ff bc ff 7d 0f e4 00 00
2025-10-25 13:24:08,40.68,0xff,0xbc,0xff,0x7d,0x0f,0xe4,ff bc ff 7d 0f e4 00 00
2025-10-25 13:24:08,40.68,0xff,0xbc,0xff,0x7d,0x0f,0xe4,ff bc ff 7d 0f e4 00 00
2025-10-25 13:24:08,40.68,0xff,0xbc,0xff,0x7d,0x0f,0xe4,ff bc ff 7d 0f e4 00 00
2025-10-25 13:24:08,40.68,0xff,0xbc,0xff,0x7d,0x0f,0xe4,ff bc ff 7d 0f e4 00 00
2025-10-25 13:24:08,40.68,0xff,0xbc,0xff,0x7d,0x0f,0xe4,ff bc ff 7d 0f e4 00 00
2025-10-25 13:24:08,40.68,0xff,0xbc,0xff,0x7d,0x0f,0xe4,ff bc ff 7d 0f e4 00 00
2025-10-25 13:24:08,40.68,0xff,0xbc,0xff,0x7d,0x0f,0xe4,ff bc ff 7d 0f e4 00 00
2025-10-25 13:24:08,40.68,0xff,0xbc,0xff,0x7d,0x0f,0xe4,ff bc ff 7d 0f e4 00 00
2025-10-25 13:24:08,40.68,0xff,0xbc,0xff,0x7d,0x0f,0xe4,ff bc ff 7d 0f e4 00 00
2025-10-25 13:24:08,40.68,0xff,0xbc,0xff,0x7d,0x0f,0xe4,ff bc ff 7d 0f e4 00 00
2025-10-25 13:24:08,40.68,0xff,0xbc,0xff,0x7d,0x0f,0xe4,ff bc ff 7d 0f e4 00 00
2025-10-25 13:24:08,40.68,0xff,0xbc,0xff,0x7d,0x0f,0xe4,ff bc ff 7d 0f e4 00 00
2025-10-25 13:24:08,40.68,0xff,0xbc,0xff,0x7d,0x0f,0xe4,ff bc ff 7d 0f e4 00 00
2025-10-25 13:24:09,40.68,0xff,0xbc,0xff,0x7d,0x0f,0xe4,ff bc ff 7d 0f e4 00 00
2025-10-25 13:24:09,40.68,0xff,0xbc,0xff,0x7d,0x0f,0xe4,ff bc ff 7d 0f e4 00 00
2025-10-25 13:24:09,40.68,0xff,0xbc,0xff,0x7d,0x0f,0xe4,ff bc ff 7d 0f e4 00 00
2025-10-25 13:24:09,40.68,0xff,0xbc,0xff,0x7d,0x0f,0xe4,ff bc ff 7d 0f e4 00 00
2025-10-25 13:24:09,40.68,0xff,0xbc,0xff,0x7d,0x0f,0xe4,ff bc ff 7d 0f e4 00 00
2025-10-25 13:24:09,40.68,0xff,0xbc,0xff,0x7d,0x0f,0xe4,ff bc ff 7d 0f e4 00 00
2025-10-25 13:24:09,40.68,0xff,0xbc,0xff,0x7d,0x0f,0xe4,ff bc ff 7d 0f e4 00 00
2025-10-25 13:24:09,40.68,0xff,0xbc,0xff,0x7d,0x0f,0xe4,ff bc ff 7d 0f e4 00 00
2025-10-25 13:24:09,40.68,0xff,0xbc,0xff,0x7d,0x0f,0xe4,ff bc ff 7d 0f e4 00 00
2025-10-25 13:24:09,40.68,0xff,0xbc,0xff,0x7d,0x0f,0xe4,ff bc ff 7d 0f e4 00 00
2025-10-25 13:24:09,40.68,0xff,0xbc,0xff,0x7d,0x0f,0xe4,ff bc ff 7d 0f e4 00 00
2025-10-25 13:24:09,40.68,0xff,0xbc,0xff,0x7d,0x0f,0xe4,ff bc ff 7d 0f e4 00 00
2025-10-25 13:24:09,40.68,0xff,0xbc,0xff,0x7d,0x0f,0xe4,ff bc ff 7d 0f e4 00 00
2025-10-25 13:24:09,40.68,0xff,0xbc,0xff,0x7d,0x0f,0xe4,ff bc ff 7d 0f e4 00 00
2025-10-25 13:24:09,40.68,0xff,0xbc,0xff,0x7d,0x0f,0xe4,ff bc ff 7d 0f e4 00 00
2025-10-25 13:24:09,40.68,0xff,0xbc,0xff,0x7d,0x0f,0xe4,ff bc ff 7d 0f e4 00 00
2025-10-25 13:24:09,40.68,0xff,0xbc,0xff,0x7d,0x0f,0xe4,ff bc ff 7d 0f e4 00 00
2025-10-25 13:24:09,40.68,0xff,0xbc,0xff,0x7d,0x0f,0xe4,ff bc ff 7d 0f e4 00 00
2025-10-25 13:24:09,40.68,0xff,0xbc,0xff,0x7d,0x0f,0xe4,ff bc ff 7d 0f e4 00 00
2025-10-25 13:24:09,40.68,0xff,0xbc,0xff,0x7d,0x0f,0xe4,ff bc ff 7d 0f e4 00 00
2025-10-25 13:24:09,40.68,0xff,0xbc,0xff,0x7d,0x0f,0xe4,ff bc ff 7d 0f e4 00 00
2025-10-25 13:24:09,40.68,0xff,0xbc,0xff,0x7d,0x0f,0xe4,ff bc ff 7d 0f e4 00 00
2025-10-25 13:24:09,40.68,0xff,0xbc,0xff,0x7d,0x0f,0xe4,ff bc ff 7d 0f e4 00 00
2025-10-25 13:24:09,40.68,0xff,0xbc,0xff,0x7d,0x0f,0xe4,ff bc ff 7d 0f e4 00 00
2025-10-25 13:24:09,40.68,0xff,0xbc,0xff,0x7d,0x0f,0xe4,ff bc ff 7d 0f e4 00 00
2025-10-25 13:24:09,40.68,0xff,0xbc,0xff,0x7d,0x0f,0xe4,ff bc ff 7d 0f e4 00 00
2025-10-25 13:24:09,40.68,0xff,0xbc,0xff,0x7d,0x0f,0xe4,ff bc ff 7d 0f e4 00 00
2025-10-25 13:24:09,40.68,0xff,0xbc,0xff,0x7d,0x0f,0xe4,ff bc ff 7d 0f e4 00 00
2025-10-25 13:24:09,40.68,0xff,0xbc,0xff,0x7d,0x0f,0xe4,ff bc ff 7d 0f e4 00 00
2025-10-25 13:24:09,40.68,0xff,0xbc,0xff,0x7d,0x0f,0xe4,ff bc ff 7d 0f e4 00 00
2025-10-25 13:24:09,40.68,0xff,0xbc,0xff,0x7d,0x0f,0xe4,ff bc ff 7d 0f e4 00 00
2025-10-25 13:24:09,40.68,0xff,0xbc,0xff,0x7d,0x0f,0xe4,ff bc ff 7d 0f e4 00 00
2025-10-25 13:24:09,40.68,0xff,0xbc,0xff,0x7d,0x0f,0xe4,ff bc ff 7d 0f e4 00 00
2025-10-25 13:24:09,40.68,0xff,0xbc,0xff,0x7d,0x0f,0xe4,ff bc ff 7d 0f e4 00 00
2025-10-25 13:24:09,40.68,0xff,0xbc,0xff,0x7d,0x0f,0xe4,ff bc ff 7d 0f e4 00 00
2025-10-25 13:24:09,40.68,0xff,0xbc,0xff,0x7d,0x0f,0xe4,ff bc ff 7d 0f e4 00 00
2025-10-25 13:24:09,40.68,0xff,0xbc,0xff,0x7d,0x0f,0xe4,ff bc ff 7d 0f e4 00 00
2025-10-25 13:24:09,40.68,0xff,0xbc,0xff,0x7d,0x0f,0xe4,ff bc ff 7d 0f e4 00 00
2025-10-25 13:24:09,40.68,0xff,0xbc,0xff,0x7d,0x0f,0xe4,ff bc ff 7d 0f e4 00 00
2025-10-25 13:24:09,40.68,0xff,0xbc,0xff,0x7d,0x0f,0xe4,ff bc ff 7d 0f e4 00 00
2025-10-25 13:24:09,40.68,0xff,0xbc,0xff,0x7d,0x0f,0xe4,ff bc ff 7d 0f e4 00 00
2025-10-25 13:24:09,40.68,0xff,0xbc,0xff,0x7d,0x0f,0xe4,ff bc ff 7d 0f e4 00 00
2025-10-25 13:24:09,40.68,0xff,0xbc,0xff,0x7d,0x0f,0xe4,ff bc ff 7d 0f e4 00 00
2025-10-25 13:24:09,40.68,0xff,0xbc,0xff,0x7d,0x0f,0xe4,ff bc ff 7d 0f e4 00 00
2025-10-25 13:24:09,40.68,0xff,0xbc,0xff,0x7d,0x0f,0xe4,ff bc ff 7d 0f e4 00 00
2025-10-25 13:24:09,40.68,0xff,0xbc,0xff,0x7d,0x0f,0xe4,ff bc ff 7d 0f e4 00 00
2025-10-25 13:24:09,41.87,0xff,0xbc,0xff,0x7d,0x10,0x5b,ff bc ff 7d 10 5b 00 00
2025-10-25 13:24:09,41.87,0xff,0xbc,0xff,0x7d,0x10,0x5b,ff bc ff 7d 10 5b 00 00
2025-10-25 13:24:09,42.12,0xff,0xbc,0xff,0x7d,0x10,0x74,ff bc ff 7d 10 74 00 00
2025-10-25 13:24:09,42.12,0xff,0xbc,0xff,0x7d,0x10,0x74,ff bc ff 7d 10 74 00 00
2025-10-25 13:24:09,42.12,0xff,0xbc,0xff,0x7d,0x10,0x74,ff bc ff 7d 10 74 00 00
2025-10-25 13:24:09,42.12,0xff,0xbc,0xff,0x7d,0x10,0x74,ff bc ff 7d 10 74 00 00
2025-10-25 13:24:10,42.12,0xff,0xbc,0xff,0x7d,0x10,0x74,ff bc ff 7d 10 74 00 00
2025-10-25 13:24:10,42.5,0xff,0xbc,0xff,0x7d,0x10,0x9a,ff bc ff 7d 10 9a 00 00
2025-10-25 13:24:10,42.5,0xff,0xbc,0xff,0x7d,0x10,0x9a,ff bc ff 7d 10 9a 00 00
2025-10-25 13:24:10,42.5,0xff,0xbc,0xff,0x7d,0x10,0x9a,ff bc ff 7d 10 9a 00 00
2025-10-25 13:24:10,42.68,0xff,0xbc,0xff,0x7d,0x10,0xac,ff bc ff 7d 10 ac 00 00
2025-10-25 13:24:10,42.68,0xff,0xbc,0xff,0x7d,0x10,0xac,ff bc ff 7d 10 ac 00 00
2025-10-25 13:24:10,42.68,0xff,0xbc,0xff,0x7d,0x10,0xac,ff bc ff 7d 10 ac 00 00
2025-10-25 13:24:10,42.68,0xff,0xbc,0xff,0x7d,0x10,0xac,ff bc ff 7d 10 ac 00 00
2025-10-25 13:24:10,42.68,0xff,0xbc,0xff,0x7d,0x10,0xac,ff bc ff 7d 10 ac 00 00
2025-10-25 13:24:10,42.68,0xff,0xbc,0xff,0x7d,0x10,0xac,ff bc ff 7d 10 ac 00 00
2025-10-25 13:24:10,42.68,0xff,0xbc,0xff,0x7d,0x10,0xac,ff bc ff 7d 10 ac 00 00
2025-10-25 13:24:10,42.68,0xff,0xbc,0xff,0x7d,0x10,0xac,ff bc ff 7d 10 ac 00 00
2025-10-25 13:24:10,42.68,0xff,0xbc,0xff,0x7d,0x10,0xac,ff bc ff 7d 10 ac 00 00
2025-10-25 13:24:10,42.68,0xff,0xbc,0xff,0x7d,0x10,0xac,ff bc ff 7d 10 ac 00 00
2025-10-25 13:24:10,42.68,0xff,0xbc,0xff,0x7d,0x10,0xac,ff bc ff 7d 10 ac 00 00
2025-10-25 13:24:10,42.68,0xff,0xbc,0xff,0x7d,0x10,0xac,ff bc ff 7d 10 ac 00 00
2025-10-25 13:24:10,42.68,0xff,0xbc,0xff,0x7d,0x10,0xac,ff bc ff 7d 10 ac 00 00
2025-10-25 13:24:10,42.68,0xff,0xbc,0xff,0x7d,0x10,0xac,ff bc ff 7d 10 ac 00 00
2025-10-25 13:24:10,42.68,0xff,0xbc,0xff,0x7d,0x10,0xac,ff bc ff 7d 10 ac 00 00
2025-10-25 13:24:10,42.68,0xff,0xbc,0xff,0x7d,0x10,0xac,ff bc ff 7d 10 ac 00 00
2025-10-25 13:24:10,42.68,0xff,0xbc,0xff,0x7d,0x10,0xac,ff bc ff 7d 10 ac 00 00
2025-10-25 13:24:10,42.68,0xff,0xbc,0xff,0x7d,0x10,0xac,ff bc ff 7d 10 ac 00 00
2025-10-25 13:24:10,42.68,0xff,0xbc,0xff,0x7d,0x10,0xac,ff bc ff 7d 10 ac 00 00
2025-10-25 13:24:10,42.68,0xff,0xbc,0xff,0x7d,0x10,0xac,ff bc ff 7d 10 ac 00 00
2025-10-25 13:24:10,42.68,0xff,0xbc,0xff,0x7d,0x10,0xac,ff bc ff 7d 10 ac 00 00
2025-10-25 13:24:10,42.68,0xff,0xbc,0xff,0x7d,0x10,0xac,ff bc ff 7d 10 ac 00 00
2025-10-25 13:24:10,42.68,0xff,0xbc,0xff,0x7d,0x10,0xac,ff bc ff 7d 10 ac 00 00
2025-10-25 13:24:10,42.68,0xff,0xbc,0xff,0x7d,0x10,0xac,ff bc ff 7d 10 ac 00 00
2025-10-25 13:24:10,42.68,0xff,0xbc,0xff,0x7d,0x10,0xac,ff bc ff 7d 10 ac 00 00
2025-10-25 13:24:10,42.68,0xff,0xbc,0xff,0x7d,0x10,0xac,ff bc ff 7d 10 ac 00 00
2025-10-25 13:24:10,42.68,0xff,0xbc,0xff,0x7d,0x10,0xac,ff bc ff 7d 10 ac 00 00
2025-10-25 13:24:10,42.68,0xff,0xbc,0xff,0x7d,0x10,0xac,ff bc ff 7d 10 ac 00 00
2025-10-25 13:24:10,42.68,0xff,0xbc,0xff,0x7d,0x10,0xac,ff bc ff 7d 10 ac 00 00
2025-10-25 13:24:10,42.68,0xff,0xbc,0xff,0x7d,0x10,0xac,ff bc ff 7d 10 ac 00 00
2025-10-25 13:24:10,42.68,0xff,0xbc,0xff,0x7d,0x10,0xac,ff bc ff 7d 10 ac 00 00
2025-10-25 13:24:10,42.68,0xff,0xbc,0xff,0x7d,0x10,0xac,ff bc ff 7d 10 ac 00 00
2025-10-25 13:24:10,42.68,0xff,0xbc,0xff,0x7d,0x10,0xac,ff bc ff 7d 10 ac 00 00
2025-10-25 13:24:10,42.68,0xff,0xbc,0xff,0x7d,0x10,0xac,ff bc ff 7d 10 ac 00 00
2025-10-25 13:24:10,42.68,0xff,0xbc,0xff,0x7d,0x10,0xac,ff bc ff 7d 10 ac 00 00
2025-10-25 13:24:10,42.68,0xff,0xbc,0xff,0x7d,0x10,0xac,ff bc ff 7d 10 ac 00 00
2025-10-25 13:24:10,42.68,0xff,0xbc,0xff,0x7d,0x10,0xac,ff bc ff 7d 10 ac 00 00
2025-10-25 13:24:10,42.68,0xff,0xbc,0xff,0x7d,0x10,0xac,ff bc ff 7d 10 ac 00 00
2025-10-25 13:24:10,42.68,0xff,0xbc,0xff,0x7d,0x10,0xac,ff bc ff 7d 10 ac 00 00
2025-10-25 13:24:10,42.68,0xff,0xbc,0xff,0x7d,0x10,0xac,ff bc ff 7d 10 ac 00 00
2025-10-25 13:24:10,42.68,0xff,0xbc,0xff,0x7d,0x10,0xac,ff bc ff 7d 10 ac 00 00
2025-10-25 13:24:10,42.68,0xff,0xbc,0xff,0x7d,0x10,0xac,ff bc ff 7d 10 ac 00 00
2025-10-25 13:24:10,42.68,0xff,0xbc,0xff,0x7d,0x10,0xac,ff bc ff 7d 10 ac 00 00
2025-10-25 13:24:10,42.68,0xff,0xbc,0xff,0x7d,0x10,0xac,ff bc ff 7d 10 ac 00 00
2025-10-25 13:24:10,42.68,0xff,0xbc,0xff,0x7d,0x10,0xac,ff bc ff 7d 10 ac 00 00
2025-10-25 13:24:10,42.68,0xff,0xbc,0xff,0x7d,0x10,0xac,ff bc ff 7d 10 ac 00 00
2025-10-25 13:24:10,42.68,0xff,0xbc,0xff,0x7d,0x10,0xac,ff bc ff 7d 10 ac 00 00
2025-10-25 13:24:10,42.68,0xff,0xbc,0xff,0x7d,0x10,0xac,ff bc ff 7d 10 ac 00 00
2025-10-25 13:24:11,42.68,0xff,0xbc,0xff,0x7d,0x10,0xac,ff bc ff 7d 10 ac 00 00
2025-10-25 13:24:11,42.68,0xff,0xbc,0xff,0x7d,0x10,0xac,ff bc ff 7d 10 ac 00 00
2025-10-25 13:24:11,42.68,0xff,0xbc,0xff,0x7d,0x10,0xac,ff bc ff 7d 10 ac 00 00
2025-10-25 13:24:11,42.68,0xff,0xbc,0xff,0x7d,0x10,0xac,ff bc ff 7d 10 ac 00 00
2025-10-25 13:24:11,42.68,0xff,0xbc,0xff,0x7d,0x10,0xac,ff bc ff 7d 10 ac 00 00
2025-10-25 13:24:11,42.68,0xff,0xbc,0xff,0x7d,0x10,0xac,ff bc ff 7d 10 ac 00 00
2025-10-25 13:24:11,42.68,0xff,0xbc,0xff,0x7d,0x10,0xac,ff bc ff 7d 10 ac 00 00
2025-10-25 13:24:11,42.68,0xff,0xbc,0xff,0x7d,0x10,0xac,ff bc ff 7d 10 ac 00 00
2025-10-25 13:24:11,42.68,0xff,0xbc,0xff,0x7d,0x10,0xac,ff bc ff 7d 10 ac 00 00
2025-10-25 13:24:11,42.68,0xff,0xbc,0xff,0x7d,0x10,0xac,ff bc ff 7d 10 ac 00 00
2025-10-25 13:24:11,42.68,0xff,0xbc,0xff,0x7d,0x10,0xac,ff bc ff 7d 10 ac 00 00
2025-10-25 13:24:11,42.68,0xff,0xbc,0xff,0x7d,0x10,0xac,ff bc ff 7d 10 ac 00 00
2025-10-25 13:24:11,42.68,0xff,0xbc,0xff,0x7d,0x10,0xac,ff bc ff 7d 10 ac 00 00
2025-10-25 13:24:11,42.68,0xff,0xbc,0xff,0x7d,0x10,0xac,ff bc ff 7d 10 ac 00 00
2025-10-25 13:24:11,42.68,0xff,0xbc,0xff,0x7d,0x10,0xac,ff bc ff 7d 10 ac 00 00
2025-10-25 13:24:11,42.68,0xff,0xbc,0xff,0x7d,0x10,0xac,ff bc ff 7d 10 ac 00 00
2025-10-25 13:24:11,42.68,0xff,0xbc,0xff,0x7d,0x10,0xac,ff bc ff 7d 10 ac 00 00
2025-10-25 13:24:11,42.68,0xff,0xbc,0xff,0x7d,0x10,0xac,ff bc ff 7d 10 ac 00 00
2025-10-25 13:24:11,42.68,0xff,0xbc,0xff,0x7d,0x10,0xac,ff bc ff 7d 10 ac 00 00
2025-10-25 13:24:11,42.68,0xff,0xbc,0xff,0x7d,0x10,0xac,ff bc ff 7d 10 ac 00 00
2025-10-25 13:24:11,42.68,0xff,0xbc,0xff,0x7d,0x10,0xac,ff bc ff 7d 10 ac 00 00
2025-10-25 13:24:11,42.68,0xff,0xbc,0xff,0x7d,0x10,0xac,ff bc ff 7d 10 ac 00 00
2025-10-25 13:24:11,42.68,0xff,0xbc,0xff,0x7d,0x10,0xac,ff bc ff 7d 10 ac 00 00
2025-10-25 13:24:11,42.68,0xff,0xbc,0xff,0x7d,0x10,0xac,ff bc ff 7d 10 ac 00 00
2025-10-25 13:24:11,42.68,0xff,0xbc,0xff,0x7d,0x10,0xac,ff bc ff 7d 10 ac 00 00
2025-10-25 13:24:11,42.68,0xff,0xbc,0xff,0x7d,0x10,0xac,ff bc ff 7d 10 ac 00 00
2025-10-25 13:24:11,42.68,0xff,0xbc,0xff,0x7d,0x10,0xac,ff bc ff 7d 10 ac 00 00
2025-10-25 13:24:11,42.68,0xff,0xbc,0xff,0x7d,0x10,0xac,ff bc ff 7d 10 ac 00 00
2025-10-25 13:24:11,42.68,0xff,0xbc,0xff,0x7d,0x10,0xac,ff bc ff 7d 10 ac 00 00
2025-10-25 13:24:11,42.68,0xff,0xbc,0xff,0x7d,0x10,0xac,ff bc ff 7d 10 ac 00 00
2025-10-25 13:24:11,42.68,0xff,0xbc,0xff,0x7d,0x10,0xac,ff bc ff 7d 10 ac 00 00
2025-10-25 13:24:11,42.68,0xff,0xbc,0xff,0x7d,0x10,0xac,ff bc ff 7d 10 ac 00 00
2025-10-25 13:24:11,42.68,0xff,0xbc,0xff,0x7d,0x10,0xac,ff bc ff 7d 10 ac 00 00
2025-10-25 13:24:11,42.68,0xff,0xbc,0xff,0x7d,0x10,0xac,ff bc ff 7d 10 ac 00 00
2025-10-25 13:24:11,42.68,0xff,0xbc,0xff,0x7d,0x10,0xac,ff bc ff 7d 10 ac 00 00
2025-10-25 13:24:11,42.68,0xff,0xbc,0xff,0x7d,0x10,0xac,ff bc ff 7d 10 ac 00 00
2025-10-25 13:24:11,42.68,0xff,0xbc,0xff,0x7d,0x10,0xac,ff bc ff 7d 10 ac 00 00
2025-10-25 13:24:11,42.68,0xff,0xbc,0xff,0x7d,0x10,0xac,ff bc ff 7d 10 ac 00 00
2025-10-25 13:24:11,42.68,0xff,0xbc,0xff,0x7d,0x10,0xac,ff bc ff 7d 10 ac 00 00
2025-10-25 13:24:11,42.68,0xff,0xbc,0xff,0x7d,0x10,0xac,ff bc ff 7d 10 ac 00 00
2025-10-25 13:24:11,42.68,0xff,0xbc,0xff,0x7d,0x10,0xac,ff bc ff 7d 10 ac 00 00
2025-10-25 13:24:11,42.68,0xff,0xbc,0xff,0x7d,0x10,0xac,ff bc ff 7d 10 ac 00 00
2025-10-25 13:24:11,42.68,0xff,0xbc,0xff,0x7d,0x10,0xac,ff bc ff 7d 10 ac 00 00
2025-10-25 13:24:11,42.68,0xff,0xbc,0xff,0x7d,0x10,0xac,ff bc ff 7d 10 ac 00 00
2025-10-25 13:24:11,42.68,0xff,0xbc,0xff,0x7d,0x10,0xac,ff bc ff 7d 10 ac 00 00
2025-10-25 13:24:11,42.68,0xff,0xbc,0xff,0x7d,0x10,0xac,ff bc ff 7d 10 ac 00 00
2025-10-25 13:24:11,42.68,0xff,0xbc,0xff,0x7d,0x10,0xac,ff bc ff 7d 10 ac 00 00
2025-10-25 13:24:11,42.68,0xff,0xbc,0xff,0x7d,0x10,0xac,ff bc ff 7d 10 ac 00 00
2025-10-25 13:24:11,42.68,0xff,0xbc,0xff,0x7d,0x10,0xac,ff bc ff 7d 10 ac 00 00
2025-10-25 13:24:11,42.68,0xff,0xbc,0xff,0x7d,0x10,0xac,ff bc ff 7d 10 ac 00 00
2025-10-25 13:24:11,42.68,0xff,0xbc,0xff,0x7d,0x10,0xac,ff bc ff 7d 10 ac 00 00
2025-10-25 13:24:11,42.68,0xff,0xbc,0xff,0x7d,0x10,0xac,ff bc ff 7d 10 ac 00 00
2025-10-25 13:24:11,42.68,0xff,0xbc,0xff,0x7d,0x10,0xac,ff bc ff 7d 10 ac 00 00
2025-10-25 13:24:12,42.68,0xff,0xbc,0xff,0x7d,0x10,0xac,ff bc ff 7d 10 ac 00 00
2025-10-25 13:24:12,42.68,0xff,0xbc,0xff,0x7d,0x10,0xac,ff bc ff 7d 10 ac 00 00
2025-10-25 13:24:12,42.68,0xff,0xbc,0xff,0x7d,0x10,0xac,ff bc ff 7d 10 ac 00 00
2025-10-25 13:24:12,42.68,0xff,0xbc,0xff,0x7d,0x10,0xac,ff bc ff 7d 10 ac 00 00
2025-10-25 13:24:12,44.12,0xff,0xbc,0xff,0x7d,0x11,0x3c,ff bc ff 7d 11 3c 00 00
2025-10-25 13:24:12,44.12,0xff,0xbc,0xff,0x7d,0x11,0x3c,ff bc ff 7d 11 3c 00 00
2025-10-25 13:24:12,44.56,0xff,0xbc,0xff,0x7d,0x11,0x68,ff bc ff 7d 11 68 00 00
2025-10-25 13:24:12,44.56,0xff,0xbc,0xff,0x7d,0x11,0x68,ff bc ff 7d 11 68 00 00
2025-10-25 13:24:12,44.56,0xff,0xbc,0xff,0x7d,0x11,0x68,ff bc ff 7d 11 68 00 00
2025-10-25 13:24:12,44.75,0xff,0xbc,0xff,0x7d,0x11,0x7b,ff bc ff 7d 11 7b 00 00
2025-10-25 13:24:12,44.75,0xff,0xbc,0xff,0x7d,0x11,0x7b,ff bc ff 7d 11 7b 00 00
2025-10-25 13:24:12,44.75,0xff,0xbc,0xff,0x7d,0x11,0x7b,ff bc ff 7d 11 7b 00 00
2025-10-25 13:24:12,44.75,0xff,0xbc,0xff,0x7d,0x11,0x7b,ff bc ff 7d 11 7b 00 00
2025-10-25 13:24:12,44.75,0xff,0xbc,0xff,0x7d,0x11,0x7b,ff bc ff 7d 11 7b 00 00
2025-10-25 13:24:12,44.75,0xff,0xbc,0xff,0x7d,0x11,0x7b,ff bc ff 7d 11 7b 00 00
2025-10-25 13:24:12,44.75,0xff,0xbc,0xff,0x7d,0x11,0x7b,ff bc ff 7d 11 7b 00 00
2025-10-25 13:24:12,44.75,0xff,0xbc,0xff,0x7d,0x11,0x7b,ff bc ff 7d 11 7b 00 00
2025-10-25 13:24:12,44.75,0xff,0xbc,0xff,0x7d,0x11,0x7b,ff bc ff 7d 11 7b 00 00
2025-10-25 13:24:12,44.75,0xff,0xbc,0xff,0x7d,0x11,0x7b,ff bc ff 7d 11 7b 00 00
2025-10-25 13:24:12,44.93,0xff,0xbc,0xff,0x7d,0x11,0x8d,ff bc ff 7d 11 8d 00 00
2025-10-25 13:24:12,44.93,0xff,0xbc,0xff,0x7d,0x11,0x8d,ff bc ff 7d 11 8d 00 00
2025-10-25 13:24:12,44.93,0xff,0xbc,0xff,0x7d,0x11,0x8d,ff bc ff 7d 11 8d 00 00
2025-10-25 13:24:12,44.93,0xff,0xbc,0xff,0x7d,0x11,0x8d,ff bc ff 7d 11 8d 00 00
2025-10-25 13:24:12,44.93,0xff,0xbc,0xff,0x7d,0x11,0x8d,ff bc ff 7d 11 8d 00 00
2025-10-25 13:24:12,44.93,0xff,0xbc,0xff,0x7d,0x11,0x8d,ff bc ff 7d 11 8d 00 00
2025-10-25 13:24:12,44.93,0xff,0xbc,0xff,0x7d,0x11,0x8d,ff bc ff 7d 11 8d 00 00
2025-10-25 13:24:12,44.93,0xff,0xbc,0xff,0x7d,0x11,0x8d,ff bc ff 7d 11 8d 00 00
2025-10-25 13:24:12,44.93,0xff,0xbc,0xff,0x7d,0x11,0x8d,ff bc ff 7d 11 8d 00 00
2025-10-25 13:24:12,44.93,0xff,0xbc,0xff,0x7d,0x11,0x8d,ff bc ff 7d 11 8d 00 00
2025-10-25 13:24:12,44.93,0xff,0xbc,0xff,0x7d,0x11,0x8d,ff bc ff 7d 11 8d 00 00
2025-10-25 13:24:12,44.93,0xff,0xbc,0xff,0x7d,0x11,0x8d,ff bc ff 7d 11 8d 00 00
2025-10-25 13:24:12,44.93,0xff,0xbc,0xff,0x7d,0x11,0x8d,ff bc ff 7d 11 8d 00 00
2025-10-25 13:24:12,44.93,0xff,0xbc,0xff,0x7d,0x11,0x8d,ff bc ff 7d 11 8d 00 00
2025-10-25 13:24:12,44.93,0xff,0xbc,0xff,0x7d,0x11,0x8d,ff bc ff 7d 11 8d 00 00
2025-10-25 13:24:12,44.93,0xff,0xbc,0xff,0x7d,0x11,0x8d,ff bc ff 7d 11 8d 00 00
2025-10-25 13:24:12,44.93,0xff,0xbc,0xff,0x7d,0x11,0x8d,ff bc ff 7d 11 8d 00 00
2025-10-25 13:24:12,44.93,0xff,0xbc,0xff,0x7d,0x11,0x8d,ff bc ff 7d 11 8d 00 00
2025-10-25 13:24:12,44.93,0xff,0xbc,0xff,0x7d,0x11,0x8d,ff bc ff 7d 11 8d 00 00
2025-10-25 13:24:12,44.93,0xff,0xbc,0xff,0x7d,0x11,0x8d,ff bc ff 7d 11 8d 00 00
2025-10-25 13:24:12,44.93,0xff,0xbc,0xff,0x7d,0x11,0x8d,ff bc ff 7d 11 8d 00 00
2025-10-25 13:24:12,44.93,0xff,0xbc,0xff,0x7d,0x11,0x8d,ff bc ff 7d 11 8d 00 00
2025-10-25 13:24:12,44.93,0xff,0xbc,0xff,0x7d,0x11,0x8d,ff bc ff 7d 11 8d 00 00
2025-10-25 13:24:12,44.93,0xff,0xbc,0xff,0x7d,0x11,0x8d,ff bc ff 7d 11 8d 00 00
2025-10-25 13:24:12,44.93,0xff,0xbc,0xff,0x7d,0x11,0x8d,ff bc ff 7d 11 8d 00 00
2025-10-25 13:24:12,44.93,0xff,0xbc,0xff,0x7d,0x11,0x8d,ff bc ff 7d 11 8d 00 00
2025-10-25 13:24:12,44.93,0xff,0xbc,0xff,0x7d,0x11,0x8d,ff bc ff 7d 11 8d 00 00
2025-10-25 13:24:12,44.93,0xff,0xbc,0xff,0x7d,0x11,0x8d,ff bc ff 7d 11 8d 00 00
2025-10-25 13:24:12,44.93,0xff,0xbc,0xff,0x7d,0x11,0x8d,ff bc ff 7d 11 8d 00 00
2025-10-25 13:24:12,44.93,0xff,0xbc,0xff,0x7d,0x11,0x8d,ff bc ff 7d 11 8d 00 00
2025-10-25 13:24:12,44.93,0xff,0xbc,0xff,0x7d,0x11,0x8d,ff bc ff 7d 11 8d 00 00
2025-10-25 13:24:12,44.93,0xff,0xbc,0xff,0x7d,0x11,0x8d,ff bc ff 7d 11 8d 00 00
2025-10-25 13:24:13,44.93,0xff,0xbc,0xff,0x7d,0x11,0x8d,ff bc ff 7d 11 8d 00 00
2025-10-25 13:24:13,44.93,0xff,0xbc,0xff,0x7d,0x11,0x8d,ff bc ff 7d 11 8d 00 00
2025-10-25 13:24:13,44.93,0xff,0xbc,0xff,0x7d,0x11,0x8d,ff bc ff 7d 11 8d 00 00
2025-10-25 13:24:13,44.93,0xff,0xbc,0xff,0x7d,0x11,0x8d,ff bc ff 7d 11 8d 00 00
2025-10-25 13:24:13,44.93,0xff,0xbc,0xff,0x7d,0x11,0x8d,ff bc ff 7d 11 8d 00 00
2025-10-25 13:24:13,44.93,0xff,0xbc,0xff,0x7d,0x11,0x8d,ff bc ff 7d 11 8d 00 00
2025-10-25 13:24:13,44.93,0xff,0xbc,0xff,0x7d,0x11,0x8d,ff bc ff 7d 11 8d 00 00
2025-10-25 13:24:13,44.93,0xff,0xbc,0xff,0x7d,0x11,0x8d,ff bc ff 7d 11 8d 00 00
2025-10-25 13:24:13,44.93,0xff,0xbc,0xff,0x7d,0x11,0x8d,ff bc ff 7d 11 8d 00 00
2025-10-25 13:24:13,44.93,0xff,0xbc,0xff,0x7d,0x11,0x8d,ff bc ff 7d 11 8d 00 00
2025-10-25 13:24:13,44.93,0xff,0xbc,0xff,0x7d,0x11,0x8d,ff bc ff 7d 11 8d 00 00
2025-10-25 13:24:13,44.93,0xff,0xbc,0xff,0x7d,0x11,0x8d,ff bc ff 7d 11 8d 00 00
2025-10-25 13:24:13,44.93,0xff,0xbc,0xff,0x7d,0x11,0x8d,ff bc ff 7d 11 8d 00 00
2025-10-25 13:24:13,44.93,0xff,0xbc,0xff,0x7d,0x11,0x8d,ff bc ff 7d 11 8d 00 00
2025-10-25 13:24:13,44.93,0xff,0xbc,0xff,0x7d,0x11,0x8d,ff bc ff 7d 11 8d 00 00
2025-10-25 13:24:13,44.93,0xff,0xbc,0xff,0x7d,0x11,0x8d,ff bc ff 7d 11 8d 00 00
2025-10-25 13:24:13,44.93,0xff,0xbc,0xff,0x7d,0x11,0x8d,ff bc ff 7d 11 8d 00 00
2025-10-25 13:24:13,44.93,0xff,0xbc,0xff,0x7d,0x11,0x8d,ff bc ff 7d 11 8d 00 00
2025-10-25 13:24:13,44.93,0xff,0xbc,0xff,0x7d,0x11,0x8d,ff bc ff 7d 11 8d 00 00
2025-10-25 13:24:13,44.93,0xff,0xbc,0xff,0x7d,0x11,0x8d,ff bc ff 7d 11 8d 00 00
2025-10-25 13:24:13,44.93,0xff,0xbc,0xff,0x7d,0x11,0x8d,ff bc ff 7d 11 8d 00 00
2025-10-25 13:24:13,44.93,0xff,0xbc,0xff,0x7d,0x11,0x8d,ff bc ff 7d 11 8d 00 00
2025-10-25 13:24:13,44.93,0xff,0xbc,0xff,0x7d,0x11,0x8d,ff bc ff 7d 11 8d 00 00
2025-10-25 13:24:13,44.93,0xff,0xbc,0xff,0x7d,0x11,0x8d,ff bc ff 7d 11 8d 00 00
2025-10-25 13:24:13,44.93,0xff,0xbc,0xff,0x7d,0x11,0x8d,ff bc ff 7d 11 8d 00 00
2025-10-25 13:24:13,44.93,0xff,0xbc,0xff,0x7d,0x11,0x8d,ff bc ff 7d 11 8d 00 00
2025-10-25 13:24:13,44.93,0xff,0xbc,0xff,0x7d,0x11,0x8d,ff bc ff 7d 11 8d 00 00
2025-10-25 13:24:13,44.93,0xff,0xbc,0xff,0x7d,0x11,0x8d,ff bc ff 7d 11 8d 00 00
2025-10-25 13:24:13,44.93,0xff,0xbc,0xff,0x7d,0x11,0x8d,ff bc ff 7d 11 8d 00 00
2025-10-25 13:24:13,44.93,0xff,0xbc,0xff,0x7d,0x11,0x8d,ff bc ff 7d 11 8d 00 00
2025-10-25 13:24:13,44.93,0xff,0xbc,0xff,0x7d,0x11,0x8d,ff bc ff 7d 11 8d 00 00
2025-10-25 13:24:13,44.93,0xff,0xbc,0xff,0x7d,0x11,0x8d,ff bc ff 7d 11 8d 00 00
2025-10-25 13:24:13,44.93,0xff,0xbc,0xff,0x7d,0x11,0x8d,ff bc ff 7d 11 8d 00 00
2025-10-25 13:24:13,44.93,0xff,0xbc,0xff,0x7d,0x11,0x8d,ff bc ff 7d 11 8d 00 00
2025-10-25 13:24:13,44.93,0xff,0xbc,0xff,0x7d,0x11,0x8d,ff bc ff 7d 11 8d 00 00
2025-10-25 13:24:13,44.93,0xff,0xbc,0xff,0x7d,0x11,0x8d,ff bc ff 7d 11 8d 00 00
2025-10-25 13:24:13,44.93,0xff,0xbc,0xff,0x7d,0x11,0x8d,ff bc ff 7d 11 8d 00 00
2025-10-25 13:24:13,44.93,0xff,0xbc,0xff,0x7d,0x11,0x8d,ff bc ff 7d 11 8d 00 00
2025-10-25 13:24:13,44.93,0xff,0xbc,0xff,0x7d,0x11,0x8d,ff bc ff 7d 11 8d 00 00
2025-10-25 13:24:13,44.93,0xff,0xbc,0xff,0x7d,0x11,0x8d,ff bc ff 7d 11 8d 00 00
2025-10-25 13:24:13,44.93,0xff,0xbc,0xff,0x7d,0x11,0x8d,ff bc ff 7d 11 8d 00 00
2025-10-25 13:24:13,44.93,0xff,0xbc,0xff,0x7d,0x11,0x8d,ff bc ff 7d 11 8d 00 00
2025-10-25 13:24:13,44.93,0xff,0xbc,0xff,0x7d,0x11,0x8d,ff bc ff 7d 11 8d 00 00
2025-10-25 13:24:13,44.93,0xff,0xbc,0xff,0x7d,0x11,0x8d,ff bc ff 7d 11 8d 00 00
2025-10-25 13:24:13,44.93,0xff,0xbc,0xff,0x7d,0x11,0x8d,ff bc ff 7d 11 8d 00 00
2025-10-25 13:24:13,44.93,0xff,0xbc,0xff,0x7d,0x11,0x8d,ff bc ff 7d 11 8d 00 00
2025-10-25 13:24:13,44.93,0xff,0xbc,0xff,0x7d,0x11,0x8d,ff bc ff 7d 11 8d 00 00
2025-10-25 13:24:13,44.93,0xff,0xbc,0xff,0x7d,0x11,0x8d,ff bc ff 7d 11 8d 00 00
2025-10-25 13:24:13,44.93,0xff,0xbc,0xff,0x7d,0x11,0x8d,ff bc ff 7d 11 8d 00 00
2025-10-25 13:24:13,44.93,0xff,0xbc,0xff,0x7d,0x11,0x8d,ff bc ff 7d 11 8d 00 00
2025-10-25 13:24:13,44.93,0xff,0xbc,0xff,0x7d,0x11,0x8d,ff bc ff 7d 11 8d 00 00
2025-10-25 13:24:13,44.93,0xff,0xbc,0xff,0x7d,0x11,0x8d,ff bc ff 7d 11 8d 00 00
2025-10-25 13:24:13,44.93,0xff,0xbc,0xff,0x7d,0x11,0x8d,ff bc ff 7d 11 8d 00 00
2025-10-25 13:24:14,44.93,0xff,0xbc,0xff,0x7d,0x11,0x8d,ff bc ff 7d 11 8d 00 00
2025-10-25 13:24:14,44.93,0xff,0xbc,0xff,0x7d,0x11,0x8d,ff bc ff 7d 11 8d 00 00
2025-10-25 13:24:14,44.93,0xff,0xbc,0xff,0x7d,0x11,0x8d,ff bc ff 7d 11 8d 00 00
2025-10-25 13:24:14,44.93,0xff,0xbc,0xff,0x7d,0x11,0x8d,ff bc ff 7d 11 8d 00 00
2025-10-25 13:24:14,44.93,0xff,0xbc,0xff,0x7d,0x11,0x8d,ff bc ff 7d 11 8d 00 00
2025-10-25 13:24:14,44.93,0xff,0xbc,0xff,0x7d,0x11,0x8d,ff bc ff 7d 11 8d 00 00
2025-10-25 13:24:14,44.93,0xff,0xbc,0xff,0x7d,0x11,0x8d,ff bc ff 7d 11 8d 00 00
2025-10-25 13:24:14,44.93,0xff,0xbc,0xff,0x7d,0x11,0x8d,ff bc ff 7d 11 8d 00 00
2025-10-25 13:24:14,44.93,0xff,0xbc,0xff,0x7d,0x11,0x8d,ff bc ff 7d 11 8d 00 00
2025-10-25 13:24:14,46.37,0xff,0xbc,0xff,0x7d,0x12,0x1d,ff bc ff 7d 12 1d 00 00
2025-10-25 13:24:14,46.37,0xff,0xbc,0xff,0x7d,0x12,0x1d,ff bc ff 7d 12 1d 00 00
2025-10-25 13:24:14,46.81,0xff,0xbc,0xff,0x7d,0x12,0x49,ff bc ff 7d 12 49 00 00
2025-10-25 13:24:14,46.81,0xff,0xbc,0xff,0x7d,0x12,0x49,ff bc ff 7d 12 49 00 00
2025-10-25 13:24:14,46.81,0xff,0xbc,0xff,0x7d,0x12,0x49,ff bc ff 7d 12 49 00 00
2025-10-25 13:24:14,46.81,0xff,0xbc,0xff,0x7d,0x12,0x49,ff bc ff 7d 12 49 00 00
2025-10-25 13:24:14,46.81,0xff,0xbc,0xff,0x7d,0x12,0x49,ff bc ff 7d 12 49 00 00
2025-10-25 13:24:14,46.81,0xff,0xbc,0xff,0x7d,0x12,0x49,ff bc ff 7d 12 49 00 00
2025-10-25 13:24:14,47.06,0xff,0xbc,0xff,0x7d,0x12,0x62,ff bc ff 7d 12 62 00 00
2025-10-25 13:24:14,47.06,0xff,0xbc,0xff,0x7d,0x12,0x62,ff bc ff 7d 12 62 00 00
2025-10-25 13:24:14,46.81,0xff,0xbc,0xff,0x7d,0x12,0x49,ff bc ff 7d 12 49 00 00
2025-10-25 13:24:14,46.81,0xff,0xbc,0xff,0x7d,0x12,0x49,ff bc ff 7d 12 49 00 00
2025-10-25 13:24:14,46.81,0xff,0xbc,0xff,0x7d,0x12,0x49,ff bc ff 7d 12 49 00 00
2025-10-25 13:24:14,46,0x00,0x06,0xff,0xa9,0x11,0xf8,00 06 ff a9 11 f8 00 00
2025-10-25 13:24:14,46,0x00,0x06,0xff,0xa9,0x11,0xf8,00 06 ff a9 11 f8 00 00
2025-10-25 13:24:14,46,0x00,0x06,0xff,0xa9,0x11,0xf8,00 06 ff a9 11 f8 00 00
2025-10-25 13:24:14,46.81,0xff,0xce,0xff,0x71,0x12,0x49,ff ce ff 71 12 49 00 00
2025-10-25 13:24:14,46.81,0xff,0xce,0xff,0x71,0x12,0x49,ff ce ff 71 12 49 00 00
2025-10-25 13:24:14,46.81,0xff,0x8a,0xff,0xa3,0x12,0x49,ff 8a ff a3 12 49 00 00
2025-10-25 13:24:14,46.81,0xff,0x8a,0xff,0xa3,0x12,0x49,ff 8a ff a3 12 49 00 00
2025-10-25 13:24:14,46.81,0xff,0x8a,0xff,0xa3,0x12,0x49,ff 8a ff a3 12 49 00 00
2025-10-25 13:24:14,46.81,0xff,0x5e,0xff,0xbc,0x12,0x49,ff 5e ff bc 12 49 00 00
2025-10-25 13:24:14,46.81,0xff,0x5e,0xff,0xbc,0x12,0x49,ff 5e ff bc 12 49 00 00
2025-10-25 13:24:14,46.81,0xff,0x6a,0xff,0xaf,0x12,0x49,ff 6a ff af 12 49 00 00
2025-10-25 13:24:14,46.81,0xff,0x6a,0xff,0xaf,0x12,0x49,ff 6a ff af 12 49 00 00
2025-10-25 13:24:14,46.81,0xff,0x6a,0xff,0xaf,0x12,0x49,ff 6a ff af 12 49 00 00
2025-10-25 13:24:14,46.81,0xff,0x7d,0xff,0x90,0x12,0x49,ff 7d ff 90 12 49 00 00
2025-10-25 13:24:14,46.81,0xff,0x7d,0xff,0x90,0x12,0x49,ff 7d ff 90 12 49 00 00
2025-10-25 13:24:14,46.81,0xff,0x7d,0xff,0x90,0x12,0x49,ff 7d ff 90 12 49 00 00
2025-10-25 13:24:14,47.06,0xff,0x9c,0xff,0x58,0x12,0x62,ff 9c ff 58 12 62 00 00
2025-10-25 13:24:14,47.06,0xff,0x9c,0xff,0x58,0x12,0x62,ff 9c ff 58 12 62 00 00
2025-10-25 13:24:14,46.81,0xff,0xce,0xff,0x58,0x12,0x49,ff ce ff 58 12 49 00 00
2025-10-25 13:24:14,46.81,0xff,0xce,0xff,0x58,0x12,0x49,ff ce ff 58 12 49 00 00
2025-10-25 13:24:14,46.81,0xff,0xce,0xff,0x58,0x12,0x49,ff ce ff 58 12 49 00 00
2025-10-25 13:24:14,46.37,0xff,0xd5,0xff,0x90,0x12,0x1d,ff d5 ff 90 12 1d 00 00
2025-10-25 13:24:14,46.37,0xff,0xd5,0xff,0x90,0x12,0x1d,ff d5 ff 90 12 1d 00 00
2025-10-25 13:24:14,46.37,0xff,0xd5,0xff,0x90,0x12,0x1d,ff d5 ff 90 12 1d 00 00
2025-10-25 13:24:14,46.62,0xff,0xaf,0xff,0xa3,0x12,0x36,ff af ff a3 12 36 00 00
2025-10-25 13:24:14,46.62,0xff,0xaf,0xff,0xa3,0x12,0x36,ff af ff a3 12 36 00 00
2025-10-25 13:24:14,46.37,0xff,0xa9,0xff,0xaf,0x12,0x1d,ff a9 ff af 12 1d 00 00
2025-10-25 13:24:14,46.37,0xff,0xa9,0xff,0xaf,0x12,0x1d,ff a9 ff af 12 1d 00 00
2025-10-25 13:24:14,46.37,0xff,0xa9,0xff,0xaf,0x12,0x1d,ff a9 ff af 12 1d 00 00
2025-10-25 13:24:14,46.81,0xff,0x96,0xff,0x96,0x12,0x49,ff 96 ff 96 12 49 00 00
2025-10-25 13:24:15,46.81,0xff,0x96,0xff,0x96,0x12,0x49,ff 96 ff 96 12 49 00 00
2025-10-25 13:24:15,46.81,0xff,0x8a,0xff,0x7d,0x12,0x49,ff 8a ff 7d 12 49 00 00
2025-10-25 13:24:15,46.81,0xff,0x8a,0xff,0x7d,0x12,0x49,ff 8a ff 7d 12 49 00 00
2025-10-25 13:24:15,46.81,0xff,0x8a,0xff,0x7d,0x12,0x49,ff 8a ff 7d 12 49 00 00
2025-10-25 13:24:15,46.62,0xff,0xc8,0xff,0x96,0x12,0x36,ff c8 ff 96 12 36 00 00
2025-10-25 13:24:15,46.62,0xff,0xc8,0xff,0x96,0x12,0x36,ff c8 ff 96 12 36 00 00
2025-10-25 13:24:15,46.37,0xff,0xdb,0xff,0x8a,0x12,0x1d,ff db ff 8a 12 1d 00 00
2025-10-25 13:24:15,46.37,0xff,0xdb,0xff,0x8a,0x12,0x1d,ff db ff 8a 12 1d 00 00
2025-10-25 13:24:15,46.37,0xff,0xdb,0xff,0x8a,0x12,0x1d,ff db ff 8a 12 1d 00 00
2025-10-25 13:24:15,46.62,0xff,0xce,0xff,0x90,0x12,0x36,ff ce ff 90 12 36 00 00
2025-10-25 13:24:15,46.62,0xff,0xce,0xff,0x90,0x12,0x36,ff ce ff 90 12 36 00 00
2025-10-25 13:24:15,46.62,0xff,0xce,0xff,0x90,0x12,0x36,ff ce ff 90 12 36 00 00
2025-10-25 13:24:15,46.62,0xff,0xaf,0xff,0x83,0x12,0x36,ff af ff 83 12 36 00 00
2025-10-25 13:24:15,46.62,0xff,0xaf,0xff,0x83,0x12,0x36,ff af ff 83 12 36 00 00
2025-10-25 13:24:15,46.81,0xff,0x9c,0xff,0x90,0x12,0x49,ff 9c ff 90 12 49 00 00
2025-10-25 13:24:15,46.81,0xff,0x9c,0xff,0x90,0x12,0x49,ff 9c ff 90 12 49 00 00
2025-10-25 13:24:15,46.81,0xff,0x9c,0xff,0x90,0x12,0x49,ff 9c ff 90 12 49 00 00
2025-10-25 13:24:15,46.81,0xff,0x9c,0xff,0x90,0x12,0x49,ff 9c ff 90 12 49 00 00
2025-10-25 13:24:15,46.81,0xff,0x9c,0xff,0x90,0x12,0x49,ff 9c ff 90 12 49 00 00
2025-10-25 13:24:15,46.62,0xff,0xbc,0xff,0x7d,0x12,0x36,ff bc ff 7d 12 36 00 00
2025-10-25 13:24:15,46.62,0xff,0xbc,0xff,0x7d,0x12,0x36,ff bc ff 7d 12 36 00 00
2025-10-25 13:24:15,46.62,0xff,0xbc,0xff,0x7d,0x12,0x36,ff bc ff 7d 12 36 00 00
2025-10-25 13:24:15,46.62,0xff,0xbc,0xff,0x7d,0x12,0x36,ff bc ff 7d 12 36 00 00
2025-10-25 13:24:15,46.62,0xff,0xbc,0xff,0x7d,0x12,0x36,ff bc ff 7d 12 36 00 00
